section,category,subcategory,question_no,question,option_a,option_b,option_c,option_d,option_e,verified_answer,answer_text,source_key,status,basis
MPT Past Papers,Islamic General Knowledge,"Beliefs, worship and early Islam",1,The Nisab of Zakat in Gold is:,7 1/2 tola,52 1/2 tola,7 tola,None of these,,A,7 1/2 tola,,ANSWER SUPPLIED BY REVIEW,Nisab for gold is 7.5 tola (87.48 g)
MPT Past Papers,Islamic General Knowledge,"Beliefs, worship and early Islam",2,To which country did Prophet Muhammad (SAW) have his first business trip?,Taif,Ethiopia,Syria,None of these,,C,Syria,,ANSWER SUPPLIED BY REVIEW,He travelled to Syria (Sham) with Abu Talib
MPT Past Papers,Islamic General Knowledge,"Beliefs, worship and early Islam",3,What was the real name of Imam Abu Hanifa?,Sabit bin Nauman,Muhammad bin Nauman,Nauman bin Sabit,None of these,,C,Nauman bin Sabit,,ANSWER SUPPLIED BY REVIEW,Imam Abu Hanifa = Nu`man bin Thabit
MPT Past Papers,Islamic General Knowledge,"Beliefs, worship and early Islam",4,What type of Prayer is Namaz-e-Janaza?,Sunnah,Farz-e-Muakkada,Farz-e-Kifaya,None of these,,C,Farz-e-Kifaya,,ANSWER SUPPLIED BY REVIEW,Namaz-e-Janaza is Farz-e-Kifaya
MPT Past Papers,Islamic General Knowledge,"Beliefs, worship and early Islam",5,What is the distance required for 'Qasr' in Prayer?,58 km,85 km,78 km,None of these,,C,78 km,,ANSWER SUPPLIED BY REVIEW,Qasr applies from 48 miles ~ 77-78 km
MPT Past Papers,Islamic General Knowledge,Early Islam,6,Prophet Muhammad (PBUH) belongs to the tribe:,Quresh,Khazraj,Makki,Ummavi,,A,Quresh,A,VERIFIED — matches source,Quraysh
MPT Past Papers,Islamic General Knowledge,Early Islam,7,Which Prophet has the title of Khateeb-ul-Anbiya?,Hazrat Dawood (A.S),Hazrat Nooh (A.S),Hazrat Yaqoob (A.S),Hazrat Shoaib (A.S),,D,Hazrat Shoaib (A.S),D,VERIFIED — matches source,Khateeb-ul-Anbiya is Hazrat Shoaib (AS)
MPT Past Papers,Islamic General Knowledge,Early Islam,8,Al-Hudaibiyah treaty was scribed by:,Hazrat Abu Bakr (RA),Hazrat Umar (RA),Hazrat Usman (RA),Hazrat Ali Al-Murtaza (RA),,D,Hazrat Ali Al-Murtaza (RA),D,VERIFIED — matches source,Hazrat Ali (RA) wrote the Hudaibiyah treaty
MPT Past Papers,Islamic General Knowledge,Early Islam,9,The battle of Yarmuk was fought between the Muslims and:,Romans,Jews,Persians,None of these,,A,Romans,A,VERIFIED — matches source,Yarmuk was fought against the Byzantine Romans
MPT Past Papers,Islamic General Knowledge,Early Islam and Islamic institutions,10,The first-ever international treaty in Islamic history is known as:,Hilf-ul-Fuzool,Bait-e-Rizwan,Treaty of Madina,None of these,,C,Treaty of Madina,,ANSWER SUPPLIED BY REVIEW,"Among the options, the Treaty/Charter of Madina"
MPT Past Papers,Islamic General Knowledge,Early Islam and Islamic institutions,11,What is the name of the Islamic Constitutional Organization of the government of Pakistan?,Pakistan Sharia Council,Islamic Ideology Council,Islamic Economic Council,None of these,,B,Islamic Ideology Council,,ANSWER SUPPLIED BY REVIEW,Council of Islamic Ideology
MPT Past Papers,Islamic General Knowledge,Early Islam and Islamic institutions,12,What is 'Rabbi Zidni Ilma'?,Hadith,Asar,Qur'anic verse,None of these,,C,Qur'anic verse,,ANSWER SUPPLIED BY REVIEW,"Quranic verse, Surah Ta-Ha 20:114"
MPT Past Papers,Islamic General Knowledge,Early Islam and Islamic institutions,13,The wealth/property left by the deceased is called:,Taraka,Sadaqa,Asaba,None of these,,A,Taraka,,ANSWER SUPPLIED BY REVIEW,Taraka = the estate left by the deceased
MPT Past Papers,Islamic General Knowledge,Early Islam and Islamic institutions,14,For how long did the Prophet Muhammad (S.A.W.) and his companions remain in the siege of Shi'ab-e-Abi Talib?,One year,Two years,Three years,None of these,,C,Three years,,ANSWER SUPPLIED BY REVIEW,The boycott in Shi`ab-e-Abi Talib lasted three years
MPT Past Papers,Islamic General Knowledge,Early Islam and jurisprudence,15,How many clauses did the Treaty of Hudaybiyyah contain?,7,5,3,None of these,,B,5,,ANSWER SUPPLIED BY REVIEW,commonly recorded as 5 clauses
MPT Past Papers,Islamic General Knowledge,Early Islam and jurisprudence,16,What is the literal meaning of 'Ijma'?,Struggle,Consensus,To guess,None of these,,B,Consensus,,ANSWER SUPPLIED BY REVIEW,Ijma literally means consensus
MPT Past Papers,Islamic General Knowledge,Early Islam and jurisprudence,17,What is meant by 'Sila-e-Rahmi'?,Boycott,Ties of Kinship,Generosity,None of these,,B,Ties of Kinship,,ANSWER SUPPLIED BY REVIEW,Sila-e-Rahmi = maintaining ties of kinship
MPT Past Papers,Islamic General Knowledge,Early Islam and jurisprudence,18,What is the alternative name of 'Ghazwa-e-Khandaq'?,Ghazwa-e-Ahzab,Ghazwa-e-Hunain,Ghazwa-e-Khyber,None of these,,A,Ghazwa-e-Ahzab,,ANSWER SUPPLIED BY REVIEW,Khandaq is also called Ahzab
MPT Past Papers,Islamic General Knowledge,Early Islam and jurisprudence,19,In how many Ghazwas did the Prophet Muhammad (S.A.W.) participate?,27,17,37,None of these,,A,27,,ANSWER SUPPLIED BY REVIEW,27 Ghazwas
MPT Past Papers,Islamic General Knowledge,Early Islam and jurisprudence,20,Jizya was imposed in the Islamic State by the Prophet of Islam in _____ A.H.,9,7,11,None of these,,A,9,A,VERIFIED — matches source,9 AH
MPT Past Papers,Islamic General Knowledge,Early Islam and jurisprudence,21,According to the Quran there are _____ heads where Zakat can be spent.,6,7,8,None of these,,C,8,C,VERIFIED — matches source,"8 heads, Surah At-Tawba 9:60"
MPT Past Papers,Islamic General Knowledge,Early Islam and jurisprudence,22,"Lady Haleema (RA), the foster mother of the Prophet (PBUH), belonged to:",Banu Saad,Banu Adi,Banu Taym,None of these,,A,Banu Saad,A,VERIFIED — matches source,Banu Saad
MPT Past Papers,Islamic General Knowledge,Early Islam and jurisprudence,24,"At the time of the conquest of Makkah, the Prophet Muhammad (PBUH) was accompanied by _____ companions.","10,000","15,000","20,000",None of these,,A,"10,000",A,VERIFIED — matches source,"10,000 companions"
MPT Past Papers,Islamic General Knowledge,Islamic history,25,Who was the first caliph of the Umayyad dynasty?,Hazrat Muawiyah (RA),Hazrat Usman (RA),Hazrat Umar bin Abdul Aziz (RA),None of these,,A,Hazrat Muawiyah (RA),,ANSWER SUPPLIED BY REVIEW,Hazrat Muawiyah (RA)
MPT Past Papers,Islamic General Knowledge,Islamic history,26,The Ottoman Empire lasted for _____ centuries.,Six,Seven,Eight,None of these,,A,Six,A,VERIFIED — matches source,"1299-1922, just over six centuries"
MPT Past Papers,Islamic General Knowledge,Islamic history,27,Prophet Muhammad (SAW) stayed at Hazrat Ayub Ansari's house for _____ months.,7,8,9,12,,A,7,A,VERIFIED — matches source,7 months
MPT Past Papers,Islamic General Knowledge,Islamic history,28,Hazrat Haleema (RA) looked after the Holy Prophet (SAW) for _____ years.,1,2,3,6,,D,6,D,VERIFIED — matches source,"about 4 years in the desert, 6 in total counting his return"
MPT Past Papers,Islamic General Knowledge,Islamic history,29,Maliki Fiqh was introduced in Spain in the reign of:,Hashim,Abdul Rehman,Ibn-e-Ishaq,Yazid,,B,Abdul Rehman,B,VERIFIED — matches source,Abdul Rehman
MPT Past Papers,Islamic General Knowledge,Islamic history,30,"At the time of his last Hajj, the Prophet Muhammad (PBUH) addressed _____ Muslims at Arafat.","200,000","140,000","150,000",None of these,,D,None of these,D,VERIFIED — matches source,"commonly given as about 124,000, which is not listed"
MPT Past Papers,Islamic General Knowledge,Islamic history,31,Which was the last Ghazwa of the Holy Prophet (SAW)?,Khyber,Tabook,Hunain,None of these,,B,Tabook,B,VERIFIED — matches source,Tabuk
MPT Past Papers,Islamic General Knowledge,Islamic history,32,"What was the real name of the Holy Prophet's (SAW) uncle ""Abu Talib RA""?",Abdullah,Abd Munaf,Abd Kaaba,None of these,,B,Abd Munaf,B,VERIFIED — matches source,Abd Munaf
MPT Past Papers,Islamic General Knowledge,Islamic history,33,The Ghazwa of Hunain was fought against _____ tribe.,Oass,Khazraj,Hawazin,Knana,,C,Hawazin,C,VERIFIED — matches source,Hawazin
MPT Past Papers,Islamic General Knowledge,Islamic history,34,What is the name of the Muslim scientist who presented the concept of blood pressure?,Ibn un Nafees,Ibn al-Hashim,Ibn Baitar,None of these,,A,Ibn un Nafees,A,VERIFIED — matches source,Ibn al-Nafis described pulmonary circulation
MPT Past Papers,Islamic General Knowledge,Islamic history,35,"Battle field ""Badar"" is situated near the city of:",Makkah,Jeddah,Taaiff,None of these,,D,None of these,D,VERIFIED — matches source,"Badr lies near Madina, not any city listed"
MPT Past Papers,Islamic General Knowledge,Islamic history and jurisprudence,36,Where was the election of Caliph Abu Bakar (RA) held?,House of Abu Bakar RA,Masjid-e-Nabvi,Masjid-e-Haram,None of these,,D,None of these,D,VERIFIED — matches source,"Saqifah Bani Saida, not listed"
MPT Past Papers,Islamic General Knowledge,Islamic history and jurisprudence,37,Which commander was appointed by the Holy Prophet (SAW) and was not removed by Hazrat Abu Bakar (RA)?,Usama b. Zaid,Khalid b. Waleed,Tariq b. Ziyad,Maaz b. Jabal,,A,Usama b. Zaid,A,VERIFIED — matches source,Usama bin Zaid
MPT Past Papers,Islamic General Knowledge,Islamic history and jurisprudence,38,"In the books of Islamic Jurisprudence, the Law of Inheritance is called:",Ilm Ul Fiqah,Ilm Ul Arooz,Ilm Ul Faraiz,None of these,,C,Ilm Ul Faraiz,C,VERIFIED — matches source,Ilm-ul-Faraiz
MPT Past Papers,Islamic General Knowledge,Islamic history and jurisprudence,39,"Which Sahabi is declared as ""Imam-ul-Fuqha""?",Hazrat Ali RA,Abdullah Bin Abbas RA,Maaz Bin Jabal RA,None of these,,B,Abdullah Bin Abbas RA,B,VERIFIED — matches source,Abdullah bin Abbas (RA)
MPT Past Papers,Islamic General Knowledge,Islamic history and jurisprudence,40,"When someone declares his wife just as the relation of ""maharmaat"", that act is called:",Khula,Eela,Zihar,None of these,,C,Zihar,C,VERIFIED — matches source,Zihar
MPT Past Papers,Islamic General Knowledge,Islamic practices and history,41,Which of the following is a key method of self-purification in Islam?,Sawm,Salah,Hajj,None of these,,A,Sawm,A,VERIFIED — matches source,Sawm
MPT Past Papers,Islamic General Knowledge,Islamic practices and history,43,Who is named as Shaikh Ul Anbia?,Hazrat Adam (AS),Hazrat Nooah (AS),Hazrat Ibrahim (AS),Hazrat Muhammad (SAW),,B,Hazrat Nooah (AS),B,VERIFIED — matches source,Hazrat Nooh (AS)
MPT Past Papers,Islamic General Knowledge,Islamic practices and history,44,Musa bin Nusair conquered parts of:,Asia,Africa,Europe,Australia,,B,Africa,B,VERIFIED — matches source,North Africa
MPT Past Papers,Islamic General Knowledge,Jurisprudence,45,What is the name of consensus of a community adopted by scholars of another community?,Ijma Sukuti,Ijma Qolli,Ijma Faili,Ijma Taqriri,,A,Ijma Sukuti,A,VERIFIED — matches source,Ijma Sukuti (tacit consensus)
MPT Past Papers,Islamic General Knowledge,Jurisprudence,46,"""عصبات"" سے کون سے رشتہ دار مراد ہیں؟",ننھیالی رشتہ دار,مردانہ نسب والے رشتہ دار,سسرالی رشتہ دار,ان میں سے کوئی نہیں,,B,مردانہ نسب والے رشتہ دار,B,VERIFIED — matches source,male-line (agnatic) relatives
MPT Past Papers,Islamic General Knowledge,Quran,47,In which Surah are the rules of distribution of Mall-e-Ghaneemat (war booty) mentioned?,Sura Anfal,Sura Toba,Surah Nisa,None of these,,A,Sura Anfal,A,VERIFIED — matches source,Surah Al-Anfal
MPT Past Papers,Islamic General Knowledge,Quran,48,In which Surah is the murder of children prohibited in fear of hunger/starvation?,Surah An'am,Surah Mominoon,Surah Hujrat,None of these,,A,Surah An'am,A,VERIFIED — matches source,Surah Al-An`am 6:151
MPT Past Papers,Islamic General Knowledge,Quran,49,In how many Surahs are Haroof-e-Muqatiyat found?,20,25,29,None of these,,C,29,C,VERIFIED — matches source,29 Surahs begin with Haroof-e-Muqatiyat
MPT Past Papers,Islamic General Knowledge,Quran,50,How many times is the name 'Muhammad (SAW)' narrated in the Holy Quran?,4,5,6,None of these,,A,4,A,VERIFIED — matches source,4 times
MPT Past Papers,Islamic General Knowledge,Quran,51,قرآن مجید کی پہلی سات نازل ہونے والی طویل سورتوں کو کیا کہتے ہیں؟,سبع مثانی,سبع طوال,سبع معلقہ,ان میں سے کوئی نہیں,,B,سبع طوال,B,VERIFIED — matches source,Sab`a Tiwal
MPT Past Papers,Islamic General Knowledge,Quran and Islamic history,52,"What does the word ""Quran"" mean?",To read,To recite,Both A and B,None of these,,C,Both A and B,,ANSWER SUPPLIED BY REVIEW,from qara`a - to read and to recite
MPT Past Papers,Islamic General Knowledge,Quran and Islamic history,53,Who performed the compilation of the Holy Quran after the demise of Prophet Muhammad (SAW)?,Hazrat Abu Bakar (RA),Hazrat Umar (RA),Hazrat Ali (RA),None of these,,A,Hazrat Abu Bakar (RA),,ANSWER SUPPLIED BY REVIEW,Hazrat Abu Bakr (RA)
MPT Past Papers,Islamic General Knowledge,Quran and Islamic history,54,"In which year of Prophethood did the first ""Bait-e-Uqba"" take place?",1st,2nd,10th,None of these,,D,None of these,,ANSWER SUPPLIED BY REVIEW,"the first Aqaba pledge was in the 11th-12th year of Prophethood, not listed"
MPT Past Papers,Islamic General Knowledge,Quran and Islamic history,55,In which year of Prophethood did Hazrat Hamza (RA) embrace Islam?,2nd Nabvi,5th Nabvi,8th Nabvi,None of these,,B,5th Nabvi,,ANSWER SUPPLIED BY REVIEW,5th year of Prophethood
MPT Past Papers,Islamic General Knowledge,Quran and Islamic history,56,Hazrat Usman (RA) did not take part in Ghazwa-e-Badr due to:,Illness of his wife,Old age,Being on a journey,None of these,,A,Illness of his wife,,ANSWER SUPPLIED BY REVIEW,he stayed to nurse his wife Ruqayyah (RA)
MPT Past Papers,Islamic General Knowledge,Quran and Islamic history,57,"What does ""Masnad"" mean?",Throne,Mosque,Market,None of these,,A,Throne,,ANSWER SUPPLIED BY REVIEW,Masnad = throne/seat
MPT Past Papers,Islamic General Knowledge,Quran and Islamic jurisprudence,58,Which of the following is the longest Surah of the Holy Qur'an?,Surah Yaseen,Surah Rehman,Surah Al-Baqara,None of these,,C,Surah Al-Baqara,,ANSWER SUPPLIED BY REVIEW,Surah Al-Baqara
MPT Past Papers,Islamic General Knowledge,Quran and Islamic jurisprudence,59,Which term is used for the longest Ayah (Verse) of the Holy Qur'an?,Ayat-e-Mubahla,Ayat-e-Madayana,Ayat-e-Madina,None of these,,B,Ayat-e-Madayana,,ANSWER SUPPLIED BY REVIEW,"Ayat-ud-Dayn, Al-Baqara 2:282"
MPT Past Papers,Islamic General Knowledge,Quran and Islamic jurisprudence,60,What is the title of Tafseer (Commentary) written by Mufti Muhammad Shafi?,Maarif-ul-Quran,Tafheem-ul-Quran,Fahm-ul-Quran,None of these,,A,Maarif-ul-Quran,,ANSWER SUPPLIED BY REVIEW,Maarif-ul-Quran
MPT Past Papers,Islamic General Knowledge,Quran and Islamic jurisprudence,61,"What are Hanafi, Maliki, Shafi'i and Hanbali?",Creed based doctrines,Fiqhi doctrines,Kalami doctrines,None of these,,B,Fiqhi doctrines,,ANSWER SUPPLIED BY REVIEW,the four Sunni schools of fiqh
MPT Past Papers,Islamic General Knowledge,"Quran, Hadith and early Islam",62,"Who compiled the first work of Hadith ""Sahifa-e-Sadiqa""?",Hazrat Abu Bakar (RA),Hazrat Abdullah bin Amr (RA),Hazrat Abu Hunain (RA),Imam Bukhari (RA),,B,Hazrat Abdullah bin Amr (RA),B,VERIFIED — matches source,Hazrat Abdullah bin Amr (RA)
MPT Past Papers,Islamic General Knowledge,"Quran, Hadith and early Islam",63,Who advised Hazrat Abu Bakar (RA) to compile the Holy Quran?,Hazrat Umar (RA),Hazrat Usman (RA),Hazrat Ali (RA),Hazrat Zaid bin Sabit (RA),,A,Hazrat Umar (RA),A,VERIFIED — matches source,Hazrat Umar (RA)
MPT Past Papers,Islamic General Knowledge,"Quran, Hadith and early Islam",64,"The phrase ""Muhammad is the Messenger of Allah"" is stated in which Surah of the Holy Quran?",Surah Yaseen,Surah Muhammad,Surah Rehman,Surah Fatiha,,B,Surah Muhammad,D,CORRECTED — source key was wrong,"CORRECTION: the phrase is in Surah Al-Fath 48:29, NOT Surah Fatiha. Of the options, Surah Muhammad is the only defensible one."
MPT Past Papers,Islamic General Knowledge,"Quran, Hadith and early Islam",65,"In what year did ""Bait-e-Rizwan"" take place?",5 AH,6 AH,7 AH,8 AH,,B,6 AH,B,VERIFIED — matches source,6 AH
MPT Past Papers,Islamic General Knowledge,"Quran, Hadith and early Islam",66,Which night has been regarded as better than one-thousand nights in the Holy Quran?,Night of Miraj,Night of Eid-ul-Fitar,Night of Qadar,Night of Barat,,C,Night of Qadar,C,VERIFIED — matches source,"Laylat-ul-Qadr, Surah Al-Qadr"
MPT Past Papers,Islamic General Knowledge,Seerah and Hadith,68,"For which Sura did Rasool Ullah (SAW) say that ""it made me older""?",Surah Hood,Sura Samood,Sura Aad,None of these,,A,Surah Hood,A,VERIFIED — matches source,Surah Hud
MPT Past Papers,Islamic General Knowledge,Seerah and Hadith,69,"Who is the author of the book ""Sunnat Khair Ul Anam""?",Qazi Salman Mansoorpuri,Peer Muhammad Karam Shah,Mufti Muhammad Shafi,None of these,,B,Peer Muhammad Karam Shah,B,VERIFIED — matches source,Peer Muhammad Karam Shah - low confidence
MPT Past Papers,Islamic General Knowledge,Seerah and Hadith,70,The Hadith which extended up to the Prophet (SAW) is called:,Maroof,Moqoof,Qudsi,None of these,,D,None of these,D,VERIFIED — matches source,"the term is Marfu, which is not correctly listed"
MPT Past Papers,Islamic General Knowledge,Seerah and Hadith,71,Who is called more honorable than the Kaabah by the Holy Prophet (SAW)?,Safa Marwa,Jable Noor,Momin,Shaheed,,C,Momin,C,VERIFIED — matches source,a Momin (believer)
MPT Past Papers,Pakistan Affairs,History and general knowledge,72,"Name the Pakistan's surface-to-surface ballistic missile, which is capable of delivering multiple warheads using Multiple Independent Re-entry Vehicle (MIRV) technology?",Shaheen-II,Ababeel,Nasr,None of these,,B,Ababeel,,ANSWER SUPPLIED BY REVIEW,Ababeel carries MIRV
MPT Past Papers,Pakistan Affairs,History and general knowledge,74,Durand line was demarcated in which year?,1891,1893,1895,None of these,,B,1893,,ANSWER SUPPLIED BY REVIEW,1893
MPT Past Papers,Pakistan Affairs,History and general knowledge,75,Pakistan's first coin was issued in:,1948,1949,1950,None of these,,A,1948,,ANSWER SUPPLIED BY REVIEW,1948
MPT Past Papers,Pakistan Affairs,History and general knowledge,76,"Which place is called the ""Jewel of Hindukush""?",Balakot,Hazara,Chitral,None of these,,C,Chitral,,ANSWER SUPPLIED BY REVIEW,Chitral
MPT Past Papers,Pakistan Affairs,History and general knowledge,77,Who was known as Baba e Sindh?,hyder bux jatoi,Bashir qureshi,Qazi Abdul jalil,None of these,,A,hyder bux jatoi,,ANSWER SUPPLIED BY REVIEW,Hyder Bux Jatoi
MPT Past Papers,Pakistan Affairs,History and general knowledge,78,Sialkot-Lahore Motorway is called:,(M11),(M5),(M3),None of these,,A,(M11),,ANSWER SUPPLIED BY REVIEW,M-11
MPT Past Papers,Pakistan Affairs,History and treaties,79,"The Pak-Afghan border agreement (""Durand Line"") was signed in:",1893,1894,1895,None of these,,A,1893,A,VERIFIED — matches source,1893
MPT Past Papers,Pakistan Affairs,History and treaties,80,The Indus Waters Treaty between Pakistan and India was mediated by the:,IMF,World Bank,United States,None of these,,B,World Bank,B,VERIFIED — matches source,World Bank
MPT Past Papers,Pakistan Affairs,"History, geography and government",81,Which Pakistani diplomat served as the President of the United Nations (UN) General Assembly?,Feroz Khan Noon,Zulfikar Ali Bhutto,Muhammad Zafrulla Khan,None of these,,C,Muhammad Zafrulla Khan,C,VERIFIED — matches source,"Sir Zafrulla Khan, 1962-63"
MPT Past Papers,Pakistan Affairs,"History, geography and government",82,"What is the length of the Batura Glacier, making it one of the largest and longest glaciers outside the polar regions?",57 kilometers,61 kilometers,64 kilometers,None of these,,A,57 kilometers,C,CORRECTED — source key was wrong,CONTESTED: Batura is most often given as 57 km; the source says 64 km
MPT Past Papers,Pakistan Affairs,"History, geography and government",83,"Which island is known as Pakistan's largest island and is sometimes referred to as ""Jazira Haft Talar,"" meaning the island of seven mountains?",Manora Island,Astola Island,Churna Island,None of these,,B,Astola Island,B,VERIFIED — matches source,Astola Island
MPT Past Papers,Pakistan Affairs,"History, geography and government",84,How many members of the National Assembly must sign the notice of no confidence for it to be valid?,At least five percent (5%),At least ten percent (10%),At least twenty percent (20%),None of these,,C,At least twenty percent (20%),C,VERIFIED — matches source,20% of NA members
MPT Past Papers,Pakistan Affairs,"History, geography and government",85,"As of 2023, Pakistan is included in the roster of FATF.",Black,Grey,White,None of these,,C,White,C,VERIFIED — matches source,removed from the grey list in Oct 2022
MPT Past Papers,Pakistan Affairs,"History, geography and government",86,"The Muslim League observed ""Direct Action Day"" on August 16, 1946, which led to communal violence in:",Delhi,Lahore,Kolkata,Mumbai,,C,Kolkata,C,VERIFIED — matches source,Calcutta/Kolkata
MPT Past Papers,Pakistan Affairs,"History, geography and government",87,"In the Bogra formula, the proposed lower house of parliament was named as:",The House of Commons,The House of People,National Assembly,None of these,,B,The House of People,A,CORRECTED — source key was wrong,Bogra formula named the lower house the House of People
MPT Past Papers,Pakistan Affairs,"History, geography and government",88,Mujeeb-ur-Rehman presented his six points in:,1966,1959,1968,None of these,,A,1966,A,VERIFIED — matches source,1966
MPT Past Papers,Pakistan Affairs,"History, geography and government",89,The Chief Justice of Supreme Court of Pakistan is appointed by the:,President,Prime Minister,Majority vote in the Parliament,None of these,,A,President,A,VERIFIED — matches source,the President
MPT Past Papers,Pakistan Affairs,"History, institutions and international relations",90,Pakistan became a permanent member of the Shanghai Cooperation Organization in:,2016,2017,2018,None of these,,B,2017,B,VERIFIED — matches source,2017
MPT Past Papers,Pakistan Affairs,"History, institutions and international relations",91,The State of Swat was integrated into Pakistan in:,1968,1969,1970,None of these,,B,1969,B,VERIFIED — matches source,1969
MPT Past Papers,Pakistan Affairs,"History, institutions and international relations",92,Pakistan has been a member of the World Trade Organization since:,1995,1996,1997,None of these,,A,1995,A,VERIFIED — matches source,1995
MPT Past Papers,Pakistan Affairs,"History, institutions and international relations",93,Pakistan released Afghan Taliban leader _____ in 2018.,Mullah Haibatullah,Mullah Baradar,Mullah Mansoor,None of these,,B,Mullah Baradar,B,VERIFIED — matches source,Mullah Baradar
MPT Past Papers,Pakistan Affairs,"History, institutions and international relations",94,Pervez Musharraf gave a _____-point formula for the solution of Kashmir.,Three,Four,Five,None of these,,B,Four,B,VERIFIED — matches source,four-point formula
MPT Past Papers,Pakistan Affairs,"History, institutions and international relations",95,"Constitutionally, Gilgit-Baltistan has a _____ status.",Provincial,Semi-provincial,State,None of these,,B,Semi-provincial,D,CORRECTED — source key was wrong,commonly taught as semi-provincial; its constitutional status is still undefined
MPT Past Papers,Pakistan Affairs,"History, institutions and international relations",96,NESCOM of Pakistan stands for:,National Engineering and Scientific Commission,National Engineering and Statistical Commission,National Engineering and Space Commission,None of these,,A,National Engineering and Scientific Commission,A,VERIFIED — matches source,National Engineering and Scientific Commission
MPT Past Papers,Pakistan Affairs,"History, institutions and international relations",97,Pakistan has been a member of the ASEAN Regional Forum (ARF) since:,2002,2003,2004,None of these,,C,2004,C,VERIFIED — matches source,2004
MPT Past Papers,Pakistan Affairs,"History, institutions and international relations",98,Pakistan started Operation Radd-ul-Fasaad in _____ 2017.,February,March,April,None of these,,A,February,A,VERIFIED — matches source,February 2017
MPT Past Papers,Pakistan Affairs,"History, institutions and international relations",99,The _____ constitutional amendment created military courts in Pakistan.,21st,22nd,23rd,None of these,,A,21st,B,CORRECTED — source key was wrong,"the 21st Amendment created military courts, not the 22nd"
MPT Past Papers,Pakistan Affairs,"History, institutions and international relations",100,The Afghanistan-Pakistan Transit Trade Agreement (APTTA) was signed in:,2008,2009,2010,None of these,,C,2010,C,VERIFIED — matches source,2010
MPT Past Papers,Pakistan Affairs,"History, institutions and international relations",101,"The founding editor of the ""Zamindar"" newspaper was:",Maulana Muhammad Ali Johar,Maulana Sikandar Ali,Maulana Zafar Ali Khan,None of these,,C,Maulana Zafar Ali Khan,C,VERIFIED — matches source,Maulana Zafar Ali Khan
MPT Past Papers,Pakistan Affairs,"History, institutions and international relations",102,Pakistan has been a signatory of the Nuclear Non-Proliferation Treaty (NPT) since:,1977,1978,1979,None of these,,D,None of these,D,VERIFIED — matches source,Pakistan has never signed the NPT
MPT Past Papers,Pakistan Affairs,"History, institutions and international relations",103,The West Pakistan Land Reforms Regulation was passed in:,1959,1960,1961,None of these,,A,1959,A,VERIFIED — matches source,1959
MPT Past Papers,Pakistan Affairs,Infrastructure,104,The Iran-Pakistan gas pipeline is called the:,Peace Pipeline,Friendship Pipeline,Great Pipeline,None of these,,A,Peace Pipeline,A,VERIFIED — matches source,Peace Pipeline
MPT Past Papers,Pakistan Affairs,"Politics, history and institutions",106,FATA merged with KPK under the _____ amendment to the Constitution of Pakistan.,24th,25th,26th,None of these,,B,25th,,ANSWER SUPPLIED BY REVIEW,25th Amendment
MPT Past Papers,Pakistan Affairs,"Politics, history and institutions",107,_____ is the only female Governor appointed in Pakistan.,Begum Rana Liaqat Ali Khan,Mohtarma Fatima Jinnah,Begum Jahan Ara Shahnawaz,None of these,,A,Begum Rana Liaqat Ali Khan,,ANSWER SUPPLIED BY REVIEW,"Begum Rana Liaquat Ali Khan, Governor of Sindh"
MPT Past Papers,Pakistan Affairs,"Politics, history and institutions",108,The National Identity Card was introduced in Pakistan in:,1973,1974,1976,None of these,,A,1973,,ANSWER SUPPLIED BY REVIEW,1973
MPT Past Papers,Pakistan Affairs,"Politics, history and institutions",109,Which rivers were given to India under the Indus Waters Treaty in 1960?,"Jhelum, Sutlej, Ravi","Chenab, Beas, Ravi","Sutlej, Beas, Ravi",None of these,,C,"Sutlej, Beas, Ravi",,ANSWER SUPPLIED BY REVIEW,"Sutlej, Beas and Ravi went to India"
MPT Past Papers,Pakistan Affairs,"Politics, history and national facts",110,Mohtarma Benazir Bhutto became Prime Minister of Pakistan for the first time in:,October 1988,November 1988,December 1988,None of these,,C,December 1988,,ANSWER SUPPLIED BY REVIEW,2 December 1988
MPT Past Papers,Pakistan Affairs,"Politics, history and national facts",111,"During the Ayub era, presidential elections were held in:",1962,1965,1966,None of these,,B,1965,,ANSWER SUPPLIED BY REVIEW,1965
MPT Past Papers,Pakistan Affairs,"Politics, history and national facts",112,The head of the state in Pakistan is the:,Prime Minister,President,Speaker NA,None of these,,B,President,,ANSWER SUPPLIED BY REVIEW,the President
MPT Past Papers,Pakistan Affairs,"Politics, history and national facts",113,The Lahore Resolution was passed in:,1943,1946,1940,None of these,,C,1940,,ANSWER SUPPLIED BY REVIEW,1940
MPT Past Papers,Pakistan Affairs,"Politics, history and national facts",114,Who was the 2nd Prime Minister of Pakistan?,Ch. Muhammad Ali,Muhammad Ali Bogra,Khawaja Nazimuddin,None of these,,C,Khawaja Nazimuddin,,ANSWER SUPPLIED BY REVIEW,Khawaja Nazimuddin
MPT Past Papers,Pakistan Affairs,"Politics, history and national facts",115,Who became President after Ayub Khan resigned?,Zulfiqar Ali Bhutto,Noorul Ameen,Muhammad Khan Junejo,None of these,,D,None of these,,ANSWER SUPPLIED BY REVIEW,"Yahya Khan, who is not listed"
MPT Past Papers,Pakistan Affairs,"Politics, history and national facts",116,Pakistan has _____ federating units.,4,5,6,None of these,,A,4,,ANSWER SUPPLIED BY REVIEW,four provinces
MPT Past Papers,Pakistan Affairs,"Politics, history and national facts",117,Pakistan became a member of the UN in:,1947,1948,1949,None of these,,A,1947,,ANSWER SUPPLIED BY REVIEW,1947
MPT Past Papers,Pakistan Affairs,"Politics, history and national facts",118,Pakistan is situated in:,Southeast Asia,East Asia,South Asia,None of these,,C,South Asia,,ANSWER SUPPLIED BY REVIEW,South Asia
MPT Past Papers,Pakistan Affairs,"Politics, history and national facts",119,Pakistan has borders with _____ and _____.,"Saudi Arabia, Iraq","China, Iran",Both A and B,None of these,,B,"China, Iran",,ANSWER SUPPLIED BY REVIEW,China and Iran
MPT Past Papers,Pakistan Affairs,"Politics, history and national facts",120,The National Anthem of Pakistan was officially adopted in:,1952,1954,1956,None of these,,B,1954,,ANSWER SUPPLIED BY REVIEW,1954
MPT Past Papers,World General Knowledge,International events and institutions,121,World Environment Day is celebrated each year on _____ June.,5,6,7,None of these,,A,5,A,VERIFIED — matches source,5 June
MPT Past Papers,World General Knowledge,International events and institutions,122,The Lapis Lazuli Corridor links Afghanistan to:,Iran,Turkey,Russia,None of these,,B,Turkey,B,VERIFIED — matches source,Turkey
MPT Past Papers,Geography,Physical geography,124,In which layer of the atmosphere are most of the clouds formed?,Mesosphere,Troposphere,Stratosphere,None of these,,B,Troposphere,B,VERIFIED — matches source,troposphere
MPT Past Papers,Geography,Physical geography,125,What information about an earthquake defines its size?,Magnitude,Depth of the epicenter,Energy released,All of these,,A,Magnitude,D,CORRECTED — source key was wrong,magnitude defines size; depth of epicentre does not
MPT Past Papers,Geography,Physical geography,126,_____ doesn't support any aquatic life:,Red Sea,Caspian Sea,Dead Sea,None of these,,C,Dead Sea,C,VERIFIED — matches source,Dead Sea
MPT Past Papers,Geography,Physical geography,127,The Falkland Islands are located near:,Australia,Argentina,UK,None of these,,B,Argentina,B,VERIFIED — matches source,Argentina
MPT Past Papers,Geography,Physical geography,128,The _____ is the world's largest inland body of water.,Caspian Sea,California Sea,Bering Sea,None of these,,A,Caspian Sea,A,VERIFIED — matches source,Caspian Sea
MPT Past Papers,Geography,World geography,129,Through which of the following countries does the Equator pass?,Pakistan,Malaysia,Kenya,None of these,,C,Kenya,,ANSWER SUPPLIED BY REVIEW,Kenya
MPT Past Papers,Geography,World geography,130,The world is divided into how many time zones?,12,18,24,None of these,,C,24,,ANSWER SUPPLIED BY REVIEW,24
MPT Past Papers,Geography,World geography,131,Which of the following is the warmest ocean?,Indian Ocean,Pacific Ocean,Atlantic Ocean,None of these,,A,Indian Ocean,,ANSWER SUPPLIED BY REVIEW,Indian Ocean
MPT Past Papers,Geography,World geography,132,Which is the smallest country in the world?,Vatican City,Maldives,Monaco,None of these,,A,Vatican City,,ANSWER SUPPLIED BY REVIEW,Vatican City
MPT Past Papers,Geography,World geography,133,_____ is known as the land of the rising sun.,Japan,Norway,Kenya,None of these,,A,Japan,,ANSWER SUPPLIED BY REVIEW,Japan
MPT Past Papers,Geography,World physical geography,134,Djibouti is strategically located at the mouth of which sea?,Mediterranean Sea,South China Sea,Red Sea,None of these,,C,Red Sea,C,VERIFIED — matches source,Red Sea
MPT Past Papers,Geography,World physical geography,135,The Horn of Africa (HoA) is located in which part of the African continent?,Eastern Africa,Western Africa,Northern Africa,None of these,,A,Eastern Africa,A,VERIFIED — matches source,Eastern Africa
MPT Past Papers,Geography,World physical geography,136,"Which important shipping lane, connecting the Arabian Sea to the Persian Gulf, passes through Pakistani waters and is vital for international trade?",Strait of Hormuz,Gulf of Aden,The Bab-el-Mandeb,None of these,,A,Strait of Hormuz,A,VERIFIED — matches source,FLAWED PREMISE: the Strait of Hormuz lies between Iran and Oman and does NOT pass through Pakistani waters. A is right about the strait only.
MPT Past Papers,Geography,World physical geography,137,"The world's highest battlefield, the Siachen Glacier, is located in which mountain range?",Himalayas,Karakoram,Hindu Kush,None of these,,B,Karakoram,B,VERIFIED — matches source,Karakoram
MPT Past Papers,History,International history,138,The South Sudan independence referendum was held in:,2011,2012,2013,None of these,,A,2011,A,VERIFIED — matches source,January 2011
MPT Past Papers,History,International history,139,Russia annexed Crimea from Ukraine in:,2012,2013,2014,None of these,,C,2014,C,VERIFIED — matches source,2014
MPT Past Papers,History,Modern world history,140,Which U.S. military operation in 2011 resulted in the death of Osama bin Laden in Pakistan?,Operation Enduring Freedom,Operation Eradicating Terrorism,Operation Neptune Spear,None of these,,C,Operation Neptune Spear,C,VERIFIED — matches source,Operation Neptune Spear
MPT Past Papers,History,South Asian history,141,In which of the following cities Indian National Congress was founded?,Delhi,Bombay,Kanpur,None of these,,B,Bombay,,ANSWER SUPPLIED BY REVIEW,"Bombay, 1885"
MPT Past Papers,History,South Asian history,142,The treaty of Srirangapatna was signed between Tipu Sultan and:,Robert Clive,Cornwallis,Warren Hastings,None of these,,B,Cornwallis,,ANSWER SUPPLIED BY REVIEW,"Lord Cornwallis, 1792"
MPT Past Papers,History,South Asian history,143,When Alexander invaded India?,552 BC,326 BC,44 BC,None of these,,B,326 BC,,ANSWER SUPPLIED BY REVIEW,326 BC
MPT Past Papers,History,South Asian history,144,Which Mughal Emperor died in 1556 after falling from stairs?,Shah Jahan,Humayun,Jalal-ud-Din Akbar,None of these,,B,Humayun,,ANSWER SUPPLIED BY REVIEW,Humayun
MPT Past Papers,History,South Asian history,145,"After India's Independence, Moulana Abdul Kalam Azad was appointed as:",Minister of Education,Speaker of the Lok Sabha,Minister of Finance,None of these,,A,Minister of Education,A,VERIFIED — matches source,Education Minister
MPT Past Papers,Everyday Science,"Energy, agriculture and food",146,Which of the following can be classified as renewable energy source?,Geothermal energy,Tidal energy,Biomass energy,All of these,,D,All of these,D,VERIFIED — matches source,all three are renewable
MPT Past Papers,Everyday Science,"Energy, agriculture and food",147,Nanocomposite materials are useful in food industry as they prevent packaged food from damage due to:,Oxygen,Carbon dioxide,Moisture,All of these,,D,All of these,D,VERIFIED — matches source,nanocomposite barriers block all three
MPT Past Papers,Everyday Science,Environment and pollution,148,"Give the name of the term ""SPM"" which is often used in the study of pollution:",Solid Particulate Matter,Sulfur Particulate Matter,Suspended Particulate Matter,None of these,,C,Suspended Particulate Matter,,ANSWER SUPPLIED BY REVIEW,Suspended Particulate Matter
MPT Past Papers,Everyday Science,General science,149,The instrument used to measure rainfall is:,Barometer,Hydrometer,Nanometer,None of these,,D,None of these,,ANSWER SUPPLIED BY REVIEW,"rainfall is measured with a rain gauge, which is not listed"
MPT Past Papers,Physics,Electricity and radiation,150,"If output voltage is greater than input voltage, then transformer is:",Step up,Step down,Faulty,None of these,,A,Step up,A,VERIFIED — matches source,step-up
MPT Past Papers,Physics,Electricity and radiation,151,The voltage signal which is generated by microphone is called:,Digital,Analogue,Hybrid,None of these,,B,Analogue,B,VERIFIED — matches source,analogue
MPT Past Papers,Physics,Electricity and radiation,152,Electromagnetic radiation with maximum wavelength is:,Ultraviolet,Radio waves,Infrared,None of these,,B,Radio waves,B,VERIFIED — matches source,radio waves
MPT Past Papers,Physics,Electricity and radiation,153,The most dangerous type of radiation is:,Alpha radiation,Beta radiation,Gamma radiation,None of these,,C,Gamma radiation,C,VERIFIED — matches source,gamma
MPT Past Papers,Physics,Electricity and radiation,154,The solar energy is radiated in the form of:,Electromagnetic waves,Transverse waves,Infrared waves,None of these,,A,Electromagnetic waves,A,VERIFIED — matches source,electromagnetic waves
MPT Past Papers,Physics,Light,155,Why does the sky appear blue?,Due to scattering of light in the atmosphere,Due to the colour of gases in the atmosphere,Due to reflection from the Earth's surface,None of these,,A,Due to scattering of light in the atmosphere,A,VERIFIED — matches source,Rayleigh scattering
MPT Past Papers,Physics,Sound and measurement,156,Give the name of the range which an individual can make between the weakest and the loudest sounds:,Sensory range,Pitch range,Dynamic range,None of these,,C,Dynamic range,,ANSWER SUPPLIED BY REVIEW,dynamic range
MPT Past Papers,Physics,Sound and measurement,157,Decibel (dB) is the unit that can be used to measure the:,Sensation,Intensity of Sound Pressure,Vision,None of these,,B,Intensity of Sound Pressure,,ANSWER SUPPLIED BY REVIEW,sound pressure level
MPT Past Papers,Physics,"Waves, optics and astronomy",158,Which of the planets moves slowest around the Sun?,Venus,Mercury,Jupiter,None of these,,C,Jupiter,,ANSWER SUPPLIED BY REVIEW,"of the three listed, Jupiter is slowest; Neptune is truly slowest but is not an option"
MPT Past Papers,Physics,"Waves, optics and astronomy",159,The waves which are used by the TV remote control are:,Infrared waves,Radio waves,TV waves,None of these,,A,Infrared waves,,ANSWER SUPPLIED BY REVIEW,infrared
MPT Past Papers,Physics,"Waves, optics and astronomy",160,Which of the planets moves fastest around the Sun?,Venus,Mercury,Jupiter,None of these,,B,Mercury,,ANSWER SUPPLIED BY REVIEW,Mercury
MPT Past Papers,Physics,"Waves, optics and astronomy",161,Which of the following lenses is used in the microscope?,Convex lens,Concave lens,Curved lens,None of these,,A,Convex lens,,ANSWER SUPPLIED BY REVIEW,convex
MPT Past Papers,Chemistry,Everyday applications,162,"To clean the ice from the roads during the winter season, which of the following is used?",Chlorine,Salt,Iodine,None of these,,B,Salt,,ANSWER SUPPLIED BY REVIEW,salt lowers the freezing point
MPT Past Papers,Chemistry,Everyday applications,163,Which of the following gases is used in the refrigerator for cooling?,Methane,Ammonia,Nitrogen,None of these,,B,Ammonia,,ANSWER SUPPLIED BY REVIEW,ammonia
MPT Past Papers,Chemistry,Gases,164,Third most common gas that is found in the air we breathe is called:,Hydrogen,Neon,Argon,None of these,,C,Argon,C,VERIFIED — matches source,"argon, after nitrogen and oxygen"
MPT Past Papers,Chemistry,Gases,165,Which fuel is used in gas welding?,Acetylene,Methane,Ethylene,None of these,,A,Acetylene,A,VERIFIED — matches source,acetylene
MPT Past Papers,Chemistry,Metals and bonding,166,"The extraction of metal from its ore is done by ""smelting"", which involves:",Heating and chemical reduction,Heating and oxidation,Heating and electrolysis,None of these,,A,Heating and chemical reduction,A,VERIFIED — matches source,heating with chemical reduction
MPT Past Papers,Chemistry,Metals and bonding,167,The hardness of a hammer made of aluminium is due to the presence of:,Ionic bond,Covalent bond,Metallic bond,None of these,,C,Metallic bond,C,VERIFIED — matches source,metallic bonding
MPT Past Papers,Biology,"Cells, nutrition and agriculture",168,The study of human body cells is called:,Physiology,Cytology,Mycology,None of these,,B,Cytology,B,VERIFIED — matches source,cytology
MPT Past Papers,Biology,"Cells, nutrition and agriculture",169,Excessive bleeding during an injury is a deficiency of:,Vitamin B,Vitamin K,Vitamin E,None of these,,B,Vitamin K,B,VERIFIED — matches source,vitamin K
MPT Past Papers,Biology,"Cells, nutrition and agriculture",170,Maintenance of soil fertility without addition of extra nutrition is due to:,Floods,Crop residue,Microbial activity,None of these,,C,Microbial activity,C,VERIFIED — matches source,microbial activity
MPT Past Papers,Biology,Disease classification,172,"Malaria, polio, dengue fever and influenza are examples of:",Deficiency diseases,Infectious diseases,Physiological diseases,None of these,,B,Infectious diseases,B,VERIFIED — matches source,infectious
MPT Past Papers,Biology,Human biology,173,The fluid part of blood is known as:,Blood cells,Platelets,Plasma,None of these,,C,Plasma,C,VERIFIED — matches source,plasma
MPT Past Papers,Biology,Human biology and nutrition,174,The life span of red blood cells in humans is:,120 days,125 days,130 days,None of these,,A,120 days,,ANSWER SUPPLIED BY REVIEW,about 120 days
MPT Past Papers,Biology,Human biology and nutrition,175,How many fluids per day should a man use?,2.7 liters,3.7 liters,4.7 liters,None of these,,B,3.7 liters,,ANSWER SUPPLIED BY REVIEW,about 3.7 litres for men
MPT Past Papers,Biology,Human biology and nutrition,176,Deficiency of Vitamin A creates _____ in the human body.,Hair fall,Rickets,Night blindness,None of these,,C,Night blindness,,ANSWER SUPPLIED BY REVIEW,night blindness
MPT Past Papers,Biology,Human biology and nutrition,177,Which instrument is used to measure the oxygen level of the blood?,Thermometer,Oximeter,Spirometer,None of these,,B,Oximeter,,ANSWER SUPPLIED BY REVIEW,pulse oximeter
MPT Past Papers,Biology,Human biology and nutrition,178,Which type of vitamin is provided to the human body through the Sun?,Vitamin B12,Vitamin A,Vitamin D,None of these,,C,Vitamin D,,ANSWER SUPPLIED BY REVIEW,vitamin D
MPT Past Papers,Biology,Human biology and nutrition,179,Which blood group is rarest in the human body?,O,AB+,AB-,None of these,,C,AB-,,ANSWER SUPPLIED BY REVIEW,AB negative is the rarest
MPT Past Papers,Biology,Human biology and nutrition,180,Which light is more important for photosynthesis?,Violet light,Red light,Green light,None of these,,B,Red light,,ANSWER SUPPLIED BY REVIEW,red light drives photosynthesis most
MPT Past Papers,Biology,Human biology and nutrition,181,The instrument which is used to measure blood pressure is called:,Spirometer,Barometer,Sphygmomanometer,None of these,,C,Sphygmomanometer,,ANSWER SUPPLIED BY REVIEW,sphygmomanometer
MPT Past Papers,Biology,Human biology and nutrition,182,Vitamin B exists in:,Fruit and Vegetables,Seeds,Sea-food,None of these,,B,Seeds,,ANSWER SUPPLIED BY REVIEW,B vitamins are concentrated in seeds and wholegrains - low confidence
MPT Past Papers,Computer / Information Technology,Computer hardware,183,Give the name of the USB port which exists in all modern computers:,Universal Service Broadcasting,Universal Serial Bus,Uniform Service Broadcasting,None of these,,B,Universal Serial Bus,,ANSWER SUPPLIED BY REVIEW,Universal Serial Bus
MPT Past Papers,Computer / Information Technology,Hardware and artificial intelligence,184,Which component connects a computer to external peripherals such as printers and keyboards?,CPU,Motherboard,I/O Ports,Power Supply,,C,I/O Ports,,ANSWER SUPPLIED BY REVIEW,I/O ports
MPT Past Papers,Computer / Information Technology,Hardware and artificial intelligence,185,Which of the following is a branch of AI focused on enabling machines to understand and process human language?,Computer Vision,Natural Language Processing (NLP),Machine Learning,Robotics,,B,Natural Language Processing (NLP),,ANSWER SUPPLIED BY REVIEW,NLP
MPT Past Papers,Computer / Information Technology,Hardware and artificial intelligence,186,Drum printers belong to which of the following category?,Ink jet printer,Laser printer,Line printer,None of these,,C,Line printer,C,VERIFIED — matches source,line printer
MPT Past Papers,Computer / Information Technology,Hardware and artificial intelligence,187,Machine learning is sub area of:,Hardware Engineering,Artificial intelligence,Cyber forensics,None of these,,B,Artificial intelligence,B,VERIFIED — matches source,artificial intelligence
MPT Past Papers,Computer / Information Technology,Internet and personalities,188,Who is the founder of Wikipedia?,Julian Assange,Jimmy Wales,Bill Gates,None of these,,B,Jimmy Wales,,ANSWER SUPPLIED BY REVIEW,Jimmy Wales
MPT Past Papers,Computer / Information Technology,Networking,189,The protocol which assigns IP addresses to clients connected to the internet is:,Transmission Control Protocol,Dynamic Host Configuration Protocol,User Datagram Protocol,None of these,,B,Dynamic Host Configuration Protocol,B,VERIFIED — matches source,DHCP
MPT Past Papers,Computer / Information Technology,Networking,190,"In terms of Wi-Fi data throughput, the fastest transfer speeds are offered by which Wi-Fi standard?",802.11a,802.22g,802.11n,None of these,,C,802.11n,C,VERIFIED — matches source,802.11n of those listed
MPT Past Papers,International Organizations,Abbreviations and institutions,191,FATF stands for:,Financial Action Task Force,Federal Agency Task Force,Financial Authority Task Force,None of these,,A,Financial Action Task Force,,ANSWER SUPPLIED BY REVIEW,Financial Action Task Force
MPT Past Papers,International Organizations,Abbreviations and institutions,192,SAARC stands for:,South Asian Association for Regional Corporation,South Asian Association for Regional Cooperation,South Asian Association for Regional Council,None of these,,B,South Asian Association for Regional Cooperation,,ANSWER SUPPLIED BY REVIEW,Cooperation
MPT Past Papers,International Organizations,Abbreviations and institutions,193,OIC stands for:,Organization of Islamic Conference,Organization of Islamic Countries,Organization of Islamic Cooperation,None of these,,C,Organization of Islamic Cooperation,,ANSWER SUPPLIED BY REVIEW,"Cooperation, renamed 2011"
MPT Past Papers,International Organizations,Agreements and international relations,194,"What global agreement, signed in 2015, aimed to limit global warming to well below 2 degrees Celsius above pre-industrial levels?",Kyoto Protocol,Paris Agreement,Copenhagen Accord,None of these,,B,Paris Agreement,B,VERIFIED — matches source,Paris Agreement
MPT Past Papers,International Organizations,Agreements and international relations,195,Which international organization or group is responsible for the implementation of the B3W Initiative?,United Nations (UN),Group of Seven (G7),NATO,None of these,,B,Group of Seven (G7),B,VERIFIED — matches source,G7
MPT Past Papers,International Organizations,Agreements and international relations,196,The Regional Comprehensive and Economic Partnership (RCEP) is a free trade agreement among the nations of:,North America,Europe,Asia-Pacific,None of these,,C,Asia-Pacific,C,VERIFIED — matches source,Asia-Pacific
MPT Past Papers,International Organizations,Agreements and international relations,197,The AIIB (Asian Infrastructure Investment Bank) was established by:,Asian Development Bank,ASEAN,Group of Seven (G7) countries,China and some other Asian countries,,D,China and some other Asian countries,D,VERIFIED — matches source,China with other Asian states
MPT Past Papers,International Organizations,Agreements and international relations,198,"What does the ""I2-U2"" alliance stand for?",India-Israel-Ukraine-US,India-Israel-US-UAE,Italy-Israel-Ukraine-UK,None of these,,B,India-Israel-US-UAE,B,VERIFIED — matches source,India-Israel-US-UAE
MPT Past Papers,International Organizations,Agreements and international relations,199,"""G-2 or Group of Two"" is an informal diplomacy between:",Germany and Greece,US and China,Germany and Ghana,None of these,,B,US and China,B,VERIFIED — matches source,US and China
MPT Past Papers,International Organizations,Agreements and international relations,200,The Belt and Road Initiative (BRI) consists of two main components: the Silk Road Economic Belt and:,The Desert Oasis Corridor,The Himalayan Trade Route,The 21st Century Maritime Silk Road,None of these,,C,The 21st Century Maritime Silk Road,C,VERIFIED — matches source,21st Century Maritime Silk Road
MPT Past Papers,International Organizations,Agreements and international relations,201,The Southeast Asia Treaty Organization (SEATO) formally came to an end in:,1977,1988,1991,None of These,,A,1977,A,VERIFIED — matches source,1977
MPT Past Papers,International Organizations,Agreements and international relations,202,"What does ""CARICOM"" stand for?","Canada, Austria, Romania, India-Community",Caribbean Community,"Canada, Argentina, Russia, Italy-Community",None of these,,B,Caribbean Community,B,VERIFIED — matches source,Caribbean Community
MPT Past Papers,International Organizations,Agreements and international relations,203,What does BECA stand for?,Basic Exchange and Cooperation Agreement,Bilateral Exchange and Cooperation Accord,Basic Economic and Cultural Agreement,None of these,,A,Basic Exchange and Cooperation Agreement,A,VERIFIED — matches source,Basic Exchange and Cooperation Agreement
MPT Past Papers,International Organizations,"Membership, leadership and agreements",205,There are _____ members in NATO.,26,27,28,None of these,,D,None of these,D,VERIFIED — matches source,"30 at the time, 32 since Sweden joined - none of the numbers listed"
MPT Past Papers,International Organizations,"Membership, leadership and agreements",206,"The former Secretary-General of the UN, Mr. Kofi Annan, belonged to:",Ghana,Kenya,Nigeria,None of these,,A,Ghana,A,VERIFIED — matches source,Ghana
MPT Past Papers,International Organizations,"Membership, leadership and agreements",207,NAFTA stands for:,North African Free Trade Agreement,North Atlantic Free Trade Agreement,North American Free Trade Agreement,None of these,,C,North American Free Trade Agreement,C,VERIFIED — matches source,North American Free Trade Agreement
MPT Past Papers,International Organizations,"Membership, leadership and agreements",208,The UN Sustainable Development Goals are intended to be achieved by:,2030,2035,2040,None of these,,A,2030,A,VERIFIED — matches source,2030
MPT Past Papers,International Organizations,Regional organizations,209,ECOWAS is a union of states in:,Latin America,Africa,East Asia,None of these,,B,Africa,B,VERIFIED — matches source,West Africa
MPT Past Papers,International Organizations,Source-period leadership and membership,210,Who is the newly elected President of the World Bank in 2024?,Ajay Banga,David Malpass,Ngozi Okonjo-Iweala,None of these,,A,Ajay Banga,,ANSWER SUPPLIED BY REVIEW,Ajay Banga
MPT Past Papers,International Organizations,Source-period leadership and membership,212,"Which of the following famous Personalities Chaired ""G-7 Summit"" 2024?",Joe Biden,Malala Yousafzai,Georgia Meloni,None of these,,C,Georgia Meloni,,ANSWER SUPPLIED BY REVIEW,"Italy chaired the 2024 G7, so Giorgia Meloni"
MPT Past Papers,International Organizations,Source-period leadership and membership,213,The term of President of Asian Infrastructure Investment Bank is: _____ Years?,3 Years,4 Years,5 Years,None of these,,C,5 Years,,ANSWER SUPPLIED BY REVIEW,5 years
MPT Past Papers,International Organizations,Source-period leadership and membership,214,"Which country recently withdrew from OPEC effective on January 1, 2024?",Indonesia,Iran,Angola,None of these,,C,Angola,,ANSWER SUPPLIED BY REVIEW,"Angola, effective 1 Jan 2024"
MPT Past Papers,Current Affairs,Events and appointments referenced in the 2023 paper,215,World Religion Day 2021 was celebrated on _____ January.,13,14,15,None of these,,D,None of these,B,CORRECTED — source key was wrong,"World Religion Day is the third Sunday of January - 17 January in 2021, not 13/14/15"
MPT Past Papers,Current Affairs,Events and appointments referenced in the 2023 paper,216,_____ is the Afghan Foreign Minister:,Abdul Ghani,Mullah Yaqoob,Amir Khan Muttaqi,None of these,,C,Amir Khan Muttaqi,C,VERIFIED — matches source,Amir Khan Muttaqi
MPT Past Papers,Current Affairs,Events referenced in the 2022 paper,217,_____ will be the next leap year.,2022,2023,2024,None of these,,C,2024,,ANSWER SUPPLIED BY REVIEW,2024
MPT Past Papers,Current Affairs,Events referenced in the 2022 paper,218,COP26 was held in which country?,UK,USA,France,None of these,,A,UK,,ANSWER SUPPLIED BY REVIEW,"Glasgow, UK"
MPT Past Papers,Current Affairs,Events referenced in the 2022 paper,219,The present Speaker of Pakistan's National Assembly is:,Asad Qaisar,Asad Umar,Qasim Suri,None of these,,A,Asad Qaisar,,ANSWER SUPPLIED BY REVIEW,OUTDATED: Asad Qaiser was Speaker when this paper was set; he is not the present Speaker
MPT Past Papers,Current Affairs,Events referenced in the 2022 paper,221,The Summit for Democracy was held in _____ in December 2021.,New York,London,Washington,None of these,,C,Washington,,ANSWER SUPPLIED BY REVIEW,"hosted by the US, Washington"
MPT Past Papers,Current Affairs,Events referenced in the 2022 paper,222,The Single National Curriculum in Pakistan was implemented at the primary level in:,2019,2020,2021,None of these,,C,2021,,ANSWER SUPPLIED BY REVIEW,2021
MPT Past Papers,Current Affairs,Events referenced in the 2022 paper,223,The present Federal Minister of State for Climate Change in Pakistan is:,Zartaj Gul,Amin Aslam,Zulfiqar Bukhari,None of these,,A,Zartaj Gul,,ANSWER SUPPLIED BY REVIEW,OUTDATED: Zartaj Gul held the post at the time
MPT Past Papers,Current Affairs,Source-period world affairs,224,What is the name of the recent cyclone that hit the eastern coast of India in 2024?,Amphan,Biparjoy,Fani,None of these,,D,None of these,,ANSWER SUPPLIED BY REVIEW,"the May 2024 cyclone was Remal; Amphan, Biparjoy and Fani are earlier storms"
MPT Past Papers,Current Affairs,Source-period world affairs,225,According to The Copernicus Climate Change Service (C3S) which was the hottest day ever registered globally for 2024?,June 23,July 15,July 21,None of these,,C,July 21,,ANSWER SUPPLIED BY REVIEW,"21 July 2024 was announced as the hottest day, then broken the next day"
MPT Past Papers,Current Affairs,Source-period world affairs,227,Which country is set to impose the World's first Carbon tax on livestock emission recently?,Sweden,Norway,Denmark,None of these,,C,Denmark,,ANSWER SUPPLIED BY REVIEW,Denmark
MPT Past Papers,Current Affairs,Source-period world affairs,229,"The theme of ""World Music Day"" 2024 is:",Music and culture are twins of nature,Music is the food of Soul,Faites de la musique (Make Music),None of these,,C,Faites de la musique (Make Music),,ANSWER SUPPLIED BY REVIEW,"""Faites de la musique"" is the event's original French name - low confidence"
MPT Past Papers,Current Affairs,Source-period world affairs,230,China gave a Peace Plan for the Ukraine war in 2023. How many points were included in China's peace plan?,6,10,12,None of these,,C,12,C,VERIFIED — matches source,12 points
MPT Past Papers,Current Affairs,Source-period world affairs,231,Which country hosted the regular meeting of the SCO Foreign Ministers Council in 2023?,China,India,Uzbekistan,None of these,,B,India,B,VERIFIED — matches source,India hosted at Goa
MPT Past Papers,Current Affairs,Source-period world affairs,232,"When was the ""Made in China 2025"" strategic plan initiated?",2010,2015,2020,None of these,,B,2015,B,VERIFIED — matches source,2015
MPT Past Papers,Current Affairs,Source-period world affairs,233,Which nation holds the distinction of being the top investor in Africa by 2023?,United States,China,Russia,None of these,,B,China,B,VERIFIED — matches source,China
MPT Past Papers,Politics and Government,Government and international politics,234,How many countries are declared nuclear powers?,7,8,9,None of these,,C,9,,ANSWER SUPPLIED BY REVIEW,9 states possess nuclear weapons
MPT Past Papers,Politics and Government,Government and international politics,235,Washington D.C. is the _____ state of the USA.,48th,49th,50th,None of these,,D,None of these,,ANSWER SUPPLIED BY REVIEW,"Washington DC is a federal district, not a state"
MPT Past Papers,Politics and Government,Government and international politics,236,The Upper House of the British Parliament is:,Senate,House of Lords,House of Commons,None of these,,B,House of Lords,,ANSWER SUPPLIED BY REVIEW,House of Lords
MPT Past Papers,Politics and Government,Government and international politics,237,Hamas is an Islamic organization working for the:,Liberation of Palestine,Liberation of Chechnya,Liberation of Kashmir,None of these,,A,Liberation of Palestine,,ANSWER SUPPLIED BY REVIEW,Palestine
MPT Past Papers,Politics and Government,International relations terminology,238,"What term describes the use of information warfare, disinformation, and other means to manipulate and undermine the influence of other countries?",Soft power,Sharp power,Smart power,None of these,,B,Sharp power,B,VERIFIED — matches source,sharp power
MPT Past Papers,Economics,Money and interest,239,"""Dear Money"" is used for:",Low rate of Interest,High rate of Interest,Value of money,None of these,,B,High rate of Interest,,ANSWER SUPPLIED BY REVIEW,dear money = a high interest rate
MPT Past Papers,Sports,Commonwealth Games,240,Pakistan won _____ gold medals at the 2022 Commonwealth Games.,Two,Three,Four,None of these,,A,Two,A,VERIFIED — matches source,two golds at Birmingham 2022
MPT Past Papers,Sports,Cricket,241,The T-Twenty 2021 World Cup Champion is:,Pakistan,New Zealand,Australia,None of these,,C,Australia,,ANSWER SUPPLIED BY REVIEW,Australia
MPT Past Papers,Sports,Source-period sporting events,242,Which country won the FIFA Women's World Cup in 2023?,USA,Spain,England,None of these,,B,Spain,,ANSWER SUPPLIED BY REVIEW,Spain
MPT Past Papers,Sports,Source-period sporting events,243,Which country will host the 2026 Winter Olympics?,China,Japan,Italy,None of these,,C,Italy,,ANSWER SUPPLIED BY REVIEW,"Milan-Cortina, Italy"
MPT Past Papers,Sports,Source-period sporting events,244,Qatar to become first Muslim country to host Basketball World Cup in:,2024,2025,2027,None of these,,C,2027,,ANSWER SUPPLIED BY REVIEW,2027
MPT Past Papers,Sports,Source-period sporting events,245,Who smashed the fastest Double Century in the history of Women's test Cricket?,Shafali Verma,Bismah Maroof,Suzie Bates,None of these,,A,Shafali Verma,,ANSWER SUPPLIED BY REVIEW,Shafali Verma
MPT Past Papers,Sports,Source-period sporting events,246,"Who won the ""Austrian Grand Prix"" 2024?",George Russel,Andrew Clarke,Chris Lewis,None of these,,A,George Russel,,ANSWER SUPPLIED BY REVIEW,George Russell
MPT Past Papers,Sports,Special Olympics,247,The 2023 Special Olympics were held in:,Germany,Belgium,Portugal,None of these,,A,Germany,A,VERIFIED — matches source,"Berlin, Germany"
MPT Past Papers,Books and Authors,Literature,248,"نظم ""مسجد قرطبہ"" علامہ اقبال کے کس مجموعہ کلام میں شامل ہے؟",بانگ درا,بال جبریل,ضرب کلیم,ارمغان حجاز,,B,بال جبریل,B,VERIFIED — matches source,Bal-e-Jibril
MPT Past Papers,Books and Authors,Literature,249,"""مقدمہ شعر و شاعری"" کے مصنف کون ہیں؟",سر سید احمد خان,الطاف حسین حالی,شبلی نعمانی,ان میں سے کوئی نہیں,,B,الطاف حسین حالی,B,VERIFIED — matches source,Altaf Hussain Hali
MPT Past Papers,Books and Authors,Literature,250,"Who wrote the book ""Train to Pakistan"", which is set during the Partition of India in 1947?",Bapsi Sidhwa,Amrita Pritam,Khushwant Singh,None of these,,C,Khushwant Singh,C,VERIFIED — matches source,Khushwant Singh
MPT Past Papers,Books and Authors,Pakistan-related books,251,"The author of ""Governing the Ungovernable"" is:",Shuja Nawaz,Ishrat Hussain,Hassan Askari,None of these,,B,Ishrat Hussain,,ANSWER SUPPLIED BY REVIEW,Ishrat Husain
MPT Past Papers,Books and Authors,South Asian history books,252,"""Incomplete Partition"" is written by:",K.K Aziz,Gulzar Ahmed,Alastair Lamb,None of these,,C,Alastair Lamb,,ANSWER SUPPLIED BY REVIEW,Alastair Lamb
MPT Past Papers,Books and Authors,Urdu drama,253,The first drama in Urdu was written by:,Abdul Halim Sharar,Agha Hashar,Deputy Nazir Ahmed,Agha Hassan Amanat,,D,Agha Hassan Amanat,,ANSWER SUPPLIED BY REVIEW,"Agha Hassan Amanat, Indar Sabha"
MPT Past Papers,Books and Authors,Urdu drama,254,During the nineteenth century Urdu Drama was dominated by:,Historical events,Folk lore,Dance and music,Stories based on mythologies,,B,Folk lore,B,VERIFIED — matches source,folk lore - low confidence
MPT Past Papers,Books and Authors,Urdu literature,258,"نظم ""طلوع اسلام"" علامہ اقبال کے کس مجموعہ کلام میں شامل ہے؟",بانگ درا,بال جبریل,ضرب کلیم,ارمغان حجاز,,A,بانگ درا,,ANSWER SUPPLIED BY REVIEW,Bang-e-Dra
MPT Past Papers,Books and Authors,Urdu literature,259,"ناول ""آگ کا دریا"" کس کی تصنیف ہے؟",عصمت چغتائی,قرۃ العین حیدر,پریم چند,سجاد ظہیر,,B,قرۃ العین حیدر,,ANSWER SUPPLIED BY REVIEW,Qurratulain Hyder
MPT Past Papers,Books and Authors,Urdu literature,260,فیض احمد فیض نے اپنے پہلے شعری مجموعے کا نام کس شاعر کے شعر سے لیا ہے؟,میر تقی میر,غالب,اقبال,مولانا حالی,,B,غالب,B,VERIFIED — matches source,Ghalib
MPT Past Papers,Books and Authors,Urdu literature,261,آہ کو چاہیے اک عمر اثر ہونے تک، کون جیتا ہے تری زلف کے سر ہونے تک۔ یہ شعر کس کا ہے؟,میر تقی میر,مومن خان مومن,مرزا غالب,حیدر علی آتش,,C,مرزا غالب,C,VERIFIED — matches source,Ghalib
MPT Past Papers,Books and Authors,Urdu literature,262,"""آنندی"" کس مشہور ادیب کا افسانہ ہے؟",احمد ندیم قاسمی,غلام عباس,اشفاق احمد,ممتاز مفتی,,B,غلام عباس,,ANSWER SUPPLIED BY REVIEW,Ghulam Abbas
MPT Past Papers,Awards and Honors,Literary awards,263,Lenin prize was awarded to:,Habib Jalib,Ahmed Faraz,Faiz Ahmed Faiz,None of these,,C,Faiz Ahmed Faiz,C,VERIFIED — matches source,"Faiz Ahmed Faiz, 1962"
MPT Past Papers,Awards and Honors,Literary awards and titles,264,Who won the 2023 Nobel Prize in Literature?,Olga Tokarczuk,Abdulrazak Gurnah,Annie Ernaux,None of these,,D,None of these,,ANSWER SUPPLIED BY REVIEW,"the 2023 Nobel in Literature went to Jon Fosse, who is not listed"
MPT Past Papers,Awards and Honors,Literary awards and titles,265,Khawaja Altaf Hussain Hali was awarded the title of Shamsul Ulama in:,1907,1904,1899,None of these,,B,1904,,ANSWER SUPPLIED BY REVIEW,1904
MPT Past Papers,Mathematics,Ages and mixtures,266,The average age of 5 children born at intervals of 2 years is 18 years. What is the age of the youngest child?,12,13,14,None of these,,C,14,C,VERIFIED — matches source,avg=x+4=18 -> youngest 14
MPT Past Papers,Mathematics,Ages and mixtures,267,A jug contains 2 litres of a mixture of apple juice and orange juice in the ratio 3:5. We take out 400 ml of juice from the jug. How much more apple juice needs to be added so that the ratio becomes 7:5?,800 ml,1000 ml,2000 ml,None of these,,A,800 ml,B,CORRECTED — source key was wrong,600/1000 after removal; need 1400 apple -> add 800ml
MPT Past Papers,Mathematics,Algebra and geometry,268,Let (x/2) - (x/4) = 2; then find the correct answer:,2,4,8,None of these,,C,8,,ANSWER SUPPLIED BY REVIEW,x/4=2 -> x=8
MPT Past Papers,Mathematics,Algebra and geometry,269,Let x^(2/3) = 64; then find the value of x:,4,8,16,None of these,,D,None of these,,ANSWER SUPPLIED BY REVIEW,"x=64^(3/2)=512, not listed"
MPT Past Papers,Mathematics,Algebra and geometry,270,The angle made by two lines is called:,Segment,Vertex,Rays,None of these,,D,None of these,,ANSWER SUPPLIED BY REVIEW,"the figure is simply ""an angle""; none of the options name it"
MPT Past Papers,Mathematics,Algebra and geometry,271,A polygon that consists of 8 sides is called:,Nonagon,Decagon,Octagon,None of these,,C,Octagon,,ANSWER SUPPLIED BY REVIEW,octagon = 8 sides
MPT Past Papers,Mathematics,Algebra and geometry,272,A measure of angle which is the complement of itself is:,30 degrees,45 degrees,90 degrees,None of these,,B,45 degrees,,ANSWER SUPPLIED BY REVIEW,complement of itself -> 45
MPT Past Papers,Mathematics,Algebra and geometry,273,A triangle has _____ vertices.,1,2,3,None of these,,C,3,,ANSWER SUPPLIED BY REVIEW,3 vertices
MPT Past Papers,Mathematics,Algebra and geometry,274,The sum of three angles of an isosceles triangle is:,90 degrees,180 degrees,360 degrees,None of these,,B,180 degrees,,ANSWER SUPPLIED BY REVIEW,angle sum 180
MPT Past Papers,Mathematics,Algebra and geometry,275,How many endpoints are in a line?,No endpoints,One endpoint,Two endpoints,None of these,,A,No endpoints,,ANSWER SUPPLIED BY REVIEW,a line has no endpoints
MPT Past Papers,Mathematics,Algebra and geometry,276,Which of the following is the longest chord of a circle?,Radius,Diameter,Circumference,None of these,,B,Diameter,,ANSWER SUPPLIED BY REVIEW,diameter is longest chord
MPT Past Papers,Mathematics,Algebra and geometry,277,How many sides does a Pentagon have?,Five,Seven,Eight,None of these,,A,Five,,ANSWER SUPPLIED BY REVIEW,pentagon = 5
MPT Past Papers,Mathematics,Algebra and geometry,278,A figure whose all four sides are equal is called:,Rectangle,Square,Circle,None of these,,B,Square,,ANSWER SUPPLIED BY REVIEW,square
MPT Past Papers,Mathematics,Arithmetic and algebra,279,Find the percentage of 0.001:,1,0.1,0.01,None of these,,B,0.1,,ANSWER SUPPLIED BY REVIEW,0.001 x 100 = 0.1%
MPT Past Papers,Mathematics,Arithmetic and algebra,280,Find the answer of the series (-3) x (-3) x (-3):,-3,27,-27,None of these,,C,-27,,ANSWER SUPPLIED BY REVIEW,(-3)^3 = -27
MPT Past Papers,Mathematics,Arithmetic and algebra,281,What is the square root of -25?,5,-5,-2.5,None of these,,D,None of these,,ANSWER SUPPLIED BY REVIEW,sqrt(-25) is not real
MPT Past Papers,Mathematics,Arithmetic and algebra,282,Let x = -4x + 4; the value of x will be:,4/5,5/4,-4/3,None of these,,A,4/5,,ANSWER SUPPLIED BY REVIEW,5x=4 -> 4/5
MPT Past Papers,Mathematics,Arithmetic and algebra,283,"If the sum of all 10 values in a data set is 10, then what will be the average?",1,5,10,None of these,,A,1,,ANSWER SUPPLIED BY REVIEW,10/10 = 1
MPT Past Papers,Mathematics,Arithmetic and algebra,284,Let (x^1/2) x (x^-1/2); then find the correct answer:,0,1,-1/4,None of these,,B,1,,ANSWER SUPPLIED BY REVIEW,x^0 = 1
MPT Past Papers,Mathematics,Arithmetic and algebra,285,Let (-2x)^3; then find the correct answer:,8x,-8x,-8x^3,None of these,,C,-8x^3,,ANSWER SUPPLIED BY REVIEW,(-2x)^3 = -8x^3
MPT Past Papers,Mathematics,Arithmetic and number sequences,286,"To pack 100 pairs of shoes into cases that each hold 20 shoes, how many cases do we need?",5,10,15,None of these,,B,10,,ANSWER SUPPLIED BY REVIEW,100 pairs = 200 shoes / 20 = 10 cases
MPT Past Papers,Mathematics,Arithmetic and number sequences,287,"The total number of cubic blocks is 50. To construct a solid cube with none left over, what is the minimum number that needs to be taken away?",21,22,23,None of these,,C,23,,ANSWER SUPPLIED BY REVIEW,largest cube <=50 is 27; remove 23
MPT Past Papers,Mathematics,Arithmetic and number sequences,288,"In the series 12, 11, 13, 12, 14, 13, ... what number should come next?",13,14,15,None of these,,C,15,,ANSWER SUPPLIED BY REVIEW,"pattern -1,+2 -> 15"
MPT Past Papers,Mathematics,Arithmetic and number sequences,289,"In the series 2, 1, (1/2), (1/4), ... what number should come next?",1/3,1/8,1/16,None of these,,B,1/8,,ANSWER SUPPLIED BY REVIEW,ratio 1/2 -> 1/8
MPT Past Papers,Mathematics,Arithmetic and sequences,290,The thickness of one sheet of paper is 5 x 10^-2 mm. What is the thickness of a book having 400 sheets of paper?,2 cm,20 cm,200 mm,None of these,,A,2 cm,D,CORRECTED — source key was wrong,0.05mm x 400 = 20mm = 2cm
MPT Past Papers,Mathematics,Arithmetic and sequences,291,"Saba and Nida do their assignment together. The ratio of time taken by Saba to Nida is 6:5. If Saba takes 90 minutes to complete the assignment, how much time does Nida require?",75 minutes,96 minutes,108 minutes,None of these,,A,75 minutes,A,VERIFIED — matches source,90 x 5/6 = 75
MPT Past Papers,Mathematics,Arithmetic and sequences,293,"Find the number which does not fit in the series: 10, 25, 45, 54, 60, 75, 85",45,54,75,None of these,,B,54,B,VERIFIED — matches source,54 is the only non-multiple of 5
MPT Past Papers,Mathematics,Arithmetic and sequences,294,"A new number is added to the series 3, 4, 4, 5, 6, 8 such that the average of the series does not change. What is the new number?",5,6,7,None of these,,A,5,A,VERIFIED — matches source,"mean is 5, so add 5"
MPT Past Papers,Mathematics,"Arithmetic, geometry and algebra",295,Writing 0.0000738 in standard form we get:,7.38 x 10^7,7.38 x 10^-5,7.38 x 10^5,None of these,,B,7.38 x 10^-5,B,VERIFIED — matches source,7.38e-5
MPT Past Papers,Mathematics,"Arithmetic, geometry and algebra",296,The perimeter of an equilateral triangle is 24 cm. What is the length of one side of the triangle?,12 cm,6 cm,80 mm,None of these,,C,80 mm,C,VERIFIED — matches source,24/3 = 8cm = 80mm
MPT Past Papers,Mathematics,"Arithmetic, geometry and algebra",297,The exterior angle of a triangle is 80 degrees and the interior opposite angles are in the ratio 1:3. The interior angles measure:,30 and 90 degrees,25 and 75 degrees,20 and 60 degrees,None of these,,C,20 and 60 degrees,C,VERIFIED — matches source,1:3 of 80 -> 20 and 60
MPT Past Papers,Mathematics,"Arithmetic, geometry and algebra",298,A watchmaker sold 40 percent of his watches and still has 420 watches left. How many did he have to begin with?,672,700,1050,None of these,,B,700,B,VERIFIED — matches source,420 = 60% -> 700
MPT Past Papers,Mathematics,"Arithmetic, geometry and algebra",299,"Six years ago, the ratio of the ages of Ali and Babar was 6:5. Four years from now, the ratio of their ages will be 11:10. What is Babar's age at present?",16 years,18 years,20 years,None of these,,A,16 years,B,CORRECTED — source key was wrong,"Ali 18, Babar 16 -> Babar is 16"
MPT Past Papers,Mathematics,"Arithmetic, geometry and algebra",300,A sum of money at simple interest amounts to Rs. 815 in 3 years and to Rs. 854 in 4 years. The sum is:,641,698,737,None of these,,B,698,B,VERIFIED — matches source,interest 39/yr; 815-117 = 698
MPT Past Papers,Mathematics,"Arithmetic, geometry and algebra",301,"A number is doubled and 9 is added. If the resultant is trebled, it becomes 75. What is that number?",33,17,8,None of these,,C,8,C,VERIFIED — matches source,3(2x+9)=75 -> x=8
MPT Past Papers,Mathematics,"Arithmetic, geometry and algebra",302,The number 8 is to 44 as 5 is to:,105,28,41,None of these,,D,None of these,D,VERIFIED — matches source,no consistent relation
MPT Past Papers,Mathematics,"Arithmetic, geometry and algebra",303,The difference of two integers is 36. The smaller integer is 60% smaller than the larger integer. What is the sum of the two?,54,60,21,None of these,,D,None of these,D,VERIFIED — matches source,"60 and 24 -> sum 84, not listed"
MPT Past Papers,Mathematics,Quantitative reasoning,304,Evaluate: 4^(1/2) × 4^2 - 4^0.,24,28,31,None of these,,C,31,C,VERIFIED — matches source,2x16-1 = 31
MPT Past Papers,Mathematics,Quantitative reasoning,305,"What is k, given that 27^k = 9?",1/3,2/3,4/3,None of these,,B,2/3,B,VERIFIED — matches source,3^3k=3^2 -> 2/3
MPT Past Papers,Mathematics,Quantitative reasoning,306,"Several number of cows on a farm consume the food in 150 days. If we reduce the number of cows by 10, then the food lasts for 160 days. How many cows were there on the farm in the beginning?",150,160,100,None of these,,B,160,B,VERIFIED — matches source,150c=160(c-10) -> 160
MPT Past Papers,Mathematics,Quantitative reasoning,307,A train of length 99m takes 11 seconds to pass completely through a station of length 231m. What is the speed of the train in km/h?,108,75.6,30,None of these,,A,108,A,VERIFIED — matches source,330m/11s = 30m/s = 108km/h
MPT Past Papers,Mathematics,Quantitative reasoning,308,"A, B and C share $112. B receives $12 less than A and C gets twice as much as B. How much does C get?",34,44,50,None of these,,C,50,C,VERIFIED — matches source,"B=25, C=50"
MPT Past Papers,Mathematics,Quantitative reasoning,309,Find an integer such that four times the number subtracted from two times the square of the number gives 15.,3,-3,-5/3,None of these,,D,None of these,D,VERIFIED — matches source,2x^2-4x-15=0 has no integer root
MPT Past Papers,Mathematics,Quantitative reasoning,310,Zaid is six times as old as his daughter Zoya. How old was Zaid when Zoya was born if the sum of their ages will be 49 in 7 years?,25,35,42,None of these,,A,25,A,VERIFIED — matches source,"Zoya 5, Zaid 30 -> 25 at her birth"
MPT Past Papers,Mathematics,Quantitative reasoning,311,Find two consecutive positive numbers such that the sum of their squares is 7 less than 120.,"7, 8","8, 9","7, 9",None of these,,A,"7, 8",A,VERIFIED — matches source,49+64 = 113
MPT Past Papers,Mathematics,Quantitative reasoning,312,A light shop sells lights; they sold 25 percent of the lights and still had 1500 lights left. How many lights were there in the beginning?,2500,2250,2000,None of these,,C,2000,C,VERIFIED — matches source,1500 = 75% -> 2000
MPT Past Papers,Mathematics,Quantitative reasoning,313,"Given x^2 - 11x + 10 = 0, then x is:","-1, -10","-1, +10","+1, -10",None of these,,D,None of these,D,VERIFIED — matches source,roots are +1 and +10
MPT Past Papers,Mathematics,Quantitative reasoning,314,Total cost of 5 markers and 1 pencil is Rs. 245 and total cost of 3 markers and 3 pencils is Rs. 327. What is the cost of one marker?,Rs. 32,Rs. 34,Rs. 74,None of these,,B,Rs. 34,B,VERIFIED — matches source,marker 34
MPT Past Papers,Mathematics,Quantitative reasoning,315,"The first term in a sequence is 1 and the second term is 5. From the third term onwards, each term is the average (arithmetic mean) of all preceding terms. What is the 27th term in the sequence?",2.5,3,5.5,None of these,,B,3,B,VERIFIED — matches source,every term from 3rd on is 3
MPT Past Papers,Mathematics,Quantitative reasoning,316,A baker sells different types of cakes in his shop. Every small cake costs $x and every large cake costs $(2x + 3). The cost of 3 small lemon cakes and 2 large lemon cakes is $16.36. What is the cost of one small lemon cake?,$1.91,$1.48,$2.34,None of these,,B,$1.48,B,VERIFIED — matches source,7x = 10.36 -> 1.48
MPT Past Papers,Mathematics,Quantitative reasoning,317,"If one angle of an isosceles triangle is 68 degrees, then possible values of the second angle are:",Any value between 68 and 180 degrees,Any value between 68 and 112 degrees,Any value between 1 and 112 degrees,None of these,,D,None of these,D,VERIFIED — matches source,"second angle can only be 68, 56 or 44"
MPT Past Papers,Mathematics,Quantitative reasoning,318,The total perimeter of a semicircle is 20.6 cm. What is the approximate radius of the semi-circle?,4 cm,5 cm,6.6 cm,None of these,,A,4 cm,A,VERIFIED — matches source,r = 20.6/(pi+2) = 4.0
MPT Past Papers,Mathematics,Quantitative reasoning,319,A water tank in the shape of a cuboid has length 1.5 metres and width 1.0 metre. How many litres of water are in the tank if the water is 60 centimetres deep?,9000 litres,900 litres,90 litres,None of these,,B,900 litres,B,VERIFIED — matches source,1.5 x 1.0 x 0.6 = 0.9 m3 = 900 L
MPT Past Papers,Mathematics,Quantitative reasoning,320,"The inner circumference of a circular race track is 440m. If the width of the track is 14m, what is the radius of the outer circle?",70m,77m,84m,None of these,,C,84m,C,VERIFIED — matches source,inner r 70 + 14 = 84
MPT Past Papers,Mathematics,Quantitative reasoning,321,"In a group of 200 people, 90 like tennis, while 108 like cricket and 46 people like both tennis and cricket. How many people like neither tennis nor cricket?",44,48,62,None of these,,B,48,B,VERIFIED — matches source,200-152 = 48
MPT Past Papers,Mathematics,Quantitative reasoning,322,"450 visitors visit a museum on each Monday, while only 120 visit on each of the remaining six days of the week. How many visitors are there on a daily average basis in a month of 30 days beginning on a Monday?",164,160,175,None of these,,C,175,C,VERIFIED — matches source,(5x450 + 25x120)/30 = 175
MPT Past Papers,Mathematics,Quantitative reasoning,323,Roni and Willy had a 100m race. Roni covered the distance in 45 secs and Willy covered the distance in 36 secs. Willy beats Roni by how much distance?,20m,22.5m,25m,None of these,,A,20m,A,VERIFIED — matches source,Roni does 80m in 36s -> beaten by 20m
MPT Past Papers,Mathematics,Quantitative reasoning,324,What is the sum of prime numbers less than 21?,58,64,77,None of these,,C,77,C,VERIFIED — matches source,2+3+5+7+11+13+17+19 = 77
MPT Past Papers,Mathematics,Quantitative reasoning,325,The expression 3(-4 × 5 - 6) would be equal to:,12,-78,-15,None of these,,B,-78,B,VERIFIED — matches source,3 x -26 = -78
MPT Past Papers,Mathematics,Quantitative reasoning,326,"Arrange in order of size, smallest to largest: (i) 0.5^2 (ii) 0.5 (iii) 0.5^3 (iv) cube root of 0.5","iv, ii, i, iii","iii, i, ii, iv","ii, i, iii, iv",None of these,,B,"iii, i, ii, iv",B,VERIFIED — matches source,0.125 < 0.25 < 0.5 < 0.794
MPT Past Papers,Mathematics,Quantitative reasoning,327,"The forest workers plant 200 trees in one month (30 days). When 20 workers were sent away, 200 trees were planted in 40 days by this second group. How many workers were there in the first group?",60,70,80,None of these,,C,80,C,VERIFIED — matches source,30W = 40(W-20) -> 80
MPT Past Papers,Mathematics,Quantitative reasoning,328,The temperature measured in Murree at noon was 16.6 degrees C. At midnight temperature was 20.4 degrees C lower. What was the temperature at midnight?,-4.8 degrees C,-4.2 degrees C,-3.8 degrees C,None of these,,C,-3.8 degrees C,C,VERIFIED — matches source,16.6-20.4 = -3.8
MPT Past Papers,Mathematics,Quantitative reasoning,329,Roni has 25 sweets and Tony has 55 sweets. How many sweets should Roni give to Tony so that Tony has four times as many sweets as Roni?,5,7,9,None of these,,C,9,C,VERIFIED — matches source,55+x = 4(25-x) -> x=9
MPT Past Papers,Mathematics,Quantitative reasoning,330,How can the number 45 be divided into two parts such that four times one part is 9 less than 5 times the other?,"20, 25","21, 24","19, 26",None of these,,B,"21, 24",B,VERIFIED — matches source,4a = 5(45-a)-9 -> 24 and 21
MPT Past Papers,Mathematics,Quantitative reasoning,331,"A man is 5 times as old as his son now. Four years ago, the product of their ages was 52. What are their present ages?",8 and 40,7 and 35,6 and 30,None of these,,C,6 and 30,C,VERIFIED — matches source,"son 6, man 30"
MPT Past Papers,Mathematics,Quantitative reasoning,332,"John is 4 years older than David and Joe is 2 years younger than David. If the sum of their ages is 44, how old will John be in 8 years' time?",24,25,17,None of these,,D,None of these,D,VERIFIED — matches source,"John 18, +8 = 26, not listed"
MPT Past Papers,Mathematics,Quantitative reasoning,334,"A student spends 15% of his scholarship grant on food and 45% on tuition. After spending 50% of the remaining grant on his hostel fee, he is left with Rs 8,000 only. How much is his scholarship grant?","32,000","40,000","45,000",None of these,,B,"40,000",B,VERIFIED — matches source,"20% of G = 8000 -> 40,000"
MPT Past Papers,Mathematics,Quantitative reasoning,335,"Find the value of a^2 + b^2, when a + b = 5 and ab = 6.",37,25,13,None of these,,C,13,C,VERIFIED — matches source,25-12 = 13
MPT Past Papers,Mathematics,Quantitative reasoning,336,"When the equation y = x^2 + 8x - 5 is written in the form (x + a)^2 + b, then a is:",8,5,4,None of these,,C,4,C,VERIFIED — matches source,(x+4)^2-21 -> a=4
MPT Past Papers,Mathematics,Quantitative reasoning,337,"Find the value of x, where A = (2pi + y)x^2, where A = 36 and y = 2.77.",3,4,2,None of these,,C,2,C,VERIFIED — matches source,x^2 = 36/9.053 -> x=2
MPT Past Papers,Mathematics,Quantitative reasoning,338,"At a football match, the price of child ticket is Rs. 240 less than the adult ticket. There are 18,500 adults and 2500 children attending the match. Total amount paid for tickets is Rs. 41,400,000. What is the price of an adult ticket?",Rs. 2460,Rs. 1940,Rs. 2000,None of these,,C,Rs. 2000,C,VERIFIED — matches source,"21000a = 42,000,000 -> 2000"
MPT Past Papers,Mathematics,Quantitative reasoning,339,Name the regular polygon that has an exterior angle of 36 degrees.,Pentagon,Hexagon,Decagon,None of these,,C,Decagon,C,VERIFIED — matches source,360/36 = 10 sides = decagon
MPT Past Papers,Mathematics,Quantitative reasoning,340,What is the perimeter of a semi-circle lake having a radius of 700m?,127.4 km,3.6 km,2.9 km,None of these,,B,3.6 km,B,VERIFIED — matches source,pi(700)+1400 = 3599m = 3.6km
MPT Past Papers,Mathematics,Quantitative reasoning,341,What is the total surface area of a cylinder having a radius of 3.5 cm and height 5.5 cm?,211.5 sq cm,198 sq cm,121 sq cm,None of these,,B,198 sq cm,B,VERIFIED — matches source,2pi r(r+h) = 198
MPT Past Papers,Mathematics,Quantitative reasoning,342,The lights and brakes of 30 bicycles were tested. 27 bicycles passed the lights and 21 passed the brakes test. The lights and brakes both failed on one bicycle. How many bicycles passed both tests?,19,21,20,None of these,,A,19,A,VERIFIED — matches source,30 - 11 = 19
MPT Past Papers,Mathematics,Quantitative reasoning,343,"A box contains 8 red, 6 green and 7 blue toys. One of the toys is randomly picked; what is the probability that the toy picked is neither red nor green?",7/21,14/21,7/14,None of these,,A,7/21,A,VERIFIED — matches source,blue 7 of 21
MPT Past Papers,Mathematics,Quantitative reasoning,344,16 men and 12 women can complete a work in 20 days. 18 women can complete the same work in 40 days. In how many days will 12 men and 27 women complete the same work?,16,18,21,None of these,,A,16,A,VERIFIED — matches source,m=1.5w; 720w/45w = 16 days
MPT Past Papers,Mathematics,Statistics,345,A pictogram is appropriate for data:,Fraction,Count,Interval,None of these,,B,Count,,ANSWER SUPPLIED BY REVIEW,pictograms represent counts
MPT Past Papers,Mathematics,Statistics,346,A pie-chart is suitable to divide the components of a factor in:,Sectors,Percentage,Angles,None of these,,A,Sectors,,ANSWER SUPPLIED BY REVIEW,a pie chart divides into sectors
MPT Past Papers,Mathematics,Statistics,347,"If we add a constant 3 to each observation of a data set, then the mean is:",Increased by 3,Decreased by 3,No Effect,None of these,,A,Increased by 3,,ANSWER SUPPLIED BY REVIEW,mean shifts by the constant
MPT Past Papers,Mathematics,Statistics,348,"If three observations are 5, 5 and 5, then the arithmetic mean is:",5,10,0,None of these,,A,5,,ANSWER SUPPLIED BY REVIEW,"mean of 5,5,5 = 5"
MPT Past Papers,Mathematics,Statistics,349,"If the minimum value in a set is 5 and its range is 50, then the maximum value of the set is:",47,55,50,None of these,,B,55,,ANSWER SUPPLIED BY REVIEW,5+50 = 55
MPT Past Papers,Mathematics,Statistics and probability,350,Probability can take values:,-1 to +1,-infinity to +infinity,0 to 1,None of these,,C,0 to 1,,ANSWER SUPPLIED BY REVIEW,"probability lies in [0,1]"
MPT Past Papers,Mathematics,Statistics and probability,351,The mean of 5 observations is 10. A new observation 10 is added; the mean of the 6 observations is:,5,10,15,None of these,,B,10,,ANSWER SUPPLIED BY REVIEW,sum 60 over 6 = 10
MPT Past Papers,Mathematics,Statistics and probability,352,Mean is a measure of:,Location,Dispersion,Variation,None of these,,A,Location,,ANSWER SUPPLIED BY REVIEW,the mean is a measure of location/central tendency
MPT Past Papers,Reasoning,Classification and reasoning,353,"Which of the following options does not belong to a ""bird""?",Wing,Rudder,Beak,None of these,,B,Rudder,,ANSWER SUPPLIED BY REVIEW,a rudder belongs to a ship or aircraft
MPT Past Papers,Reasoning,Classification and reasoning,354,"Which of the following options is a necessary part of ""harvest""?",Crop,Tractor,Stockpile,None of these,,A,Crop,,ANSWER SUPPLIED BY REVIEW,there is no harvest without a crop
MPT Past Papers,Reasoning,Classification and reasoning,355,"Which of the following options is a necessary part of ""School""?",Learning,Student,Report Card,None of these,,B,Student,,ANSWER SUPPLIED BY REVIEW,a school requires students
MPT Past Papers,Reasoning,Classification and reasoning,356,My wife and I have two sons. Each son has one sister. How many members are in the family?,4,5,6,None of these,,B,5,,ANSWER SUPPLIED BY REVIEW,"father, mother, two sons and one shared sister = 5"
MPT Past Papers,Reasoning,Classification and reasoning,357,A farmer has 10 cows. All cows died except four. How many cows are left?,4,5,6,None of these,,A,4,,ANSWER SUPPLIED BY REVIEW,"""all died except four"" leaves four"
MPT Past Papers,Reasoning,Classification and reasoning,358,"What does ""SAT"" stand for?",Scholar Assessment Test,Scholastic Assessment Test,Scholarship Assessment Test,None of these,,B,Scholastic Assessment Test,,ANSWER SUPPLIED BY REVIEW,Scholastic Assessment Test
MPT Past Papers,Reasoning,Classification and reasoning,359,"""SAT"" is useful to judge the:",Predicting Future,Fairness and objectiveness,Genius and Gifted,None of these,,A,Predicting Future,,ANSWER SUPPLIED BY REVIEW,the SAT is used to predict later academic performance - low confidence
MPT Past Papers,Reasoning,Cognition and logic,360,Sometimes we think about the beauty of Heaven; what do we call it?,Imagination,Concept Formation,Fantasy,None of these,,C,Fantasy,,ANSWER SUPPLIED BY REVIEW,imagining something never experienced is fantasy - low confidence
MPT Past Papers,Reasoning,Cognition and logic,361,What is the last stage of creative thinking?,Preparation,Verification,Evaluation,None of these,,B,Verification,,ANSWER SUPPLIED BY REVIEW,verification is the final stage
MPT Past Papers,Reasoning,Cognition and logic,362,Short-term memory lasts only:,5-10 seconds,10-15 seconds,20-30 seconds,None of these,,C,20-30 seconds,,ANSWER SUPPLIED BY REVIEW,20-30 seconds
MPT Past Papers,Reasoning,Cognition and logic,363,"If Mental Age (MA) and Chronological Age (CA) are given, then ""Intelligence Quotient"" (I.Q) is:",MA - CA,MA / CA,CA / MA,None of these,,B,MA / CA,,ANSWER SUPPLIED BY REVIEW,IQ = MA/CA x 100
MPT Past Papers,Reasoning,Cognition and logic,364,"(i) Bulb X lasts longer than bulb Y. (ii) Bulb F does not last longer than bulb Z. (iii) Bulb Z lasts longer than bulb X. If statements (i) and (ii) are true, then statement (iii) is:",True,False,Uncertain,None of these,,C,Uncertain,,ANSWER SUPPLIED BY REVIEW,"nothing links Z to X, so it cannot be determined"
MPT Past Papers,Reasoning,Cognition and logic,365,"(i) Passing the CSS examination gives happiness. (ii) Happiness produces a smile. (iii) Passing the CSS examination gives a smile. If statements (i) and (ii) are true, then statement (iii) is:",True,False,Uncertain,None of these,,A,True,,ANSWER SUPPLIED BY REVIEW,valid syllogism
MPT Past Papers,Reasoning,Cognition and logic,366,"(i) A toothpaste is useful. (ii) Useful things are valuable. (iii) Toothpaste is valuable. If statements (i) and (ii) are true, then statement (iii) is:",True,False,Uncertain,None of these,,A,True,,ANSWER SUPPLIED BY REVIEW,valid syllogism
MPT Past Papers,Reasoning,Cognition and logic,367,"Which of the following options does not belong to a ""book""?",Glossary,Project,Chapter,None of these,,B,Project,,ANSWER SUPPLIED BY REVIEW,a project is not part of a book
MPT Past Papers,Reasoning,"Directions, ordering and analogies",368,"Saleem walks 5 m towards west, takes a right turn and walks 5 m again. He then takes another right turn and walks 20 m. He then takes a final right turn and walks 5 m before stopping. How far is he from the starting point?",20 m,15 m,25 m,None of these,,B,15 m,D,CORRECTED — source key was wrong,"W5, N5, E20, S5 ends 15 m east of the start"
MPT Past Papers,Reasoning,"Directions, ordering and analogies",369,"A, B, C, D and E each have different amounts of money. C has more money than only E; B has more money than D but less than A. Who has the highest amount of money?",A,B,D,None of these,,A,A,A,VERIFIED — matches source,A is highest
MPT Past Papers,Reasoning,"Directions, ordering and analogies",370,"A, P, R, X, S and Z are sitting in a row. S and Z are in the centre; A and P are at the ends. R is sitting to the left of A. Who is to the right of P?",A,X,S,None of these,,B,X,B,VERIFIED — matches source,"order P X S/Z Z/S R A, so X is right of P"
MPT Past Papers,Reasoning,"Directions, ordering and analogies",371,Select the pair that has a different relationship when compared to the rest of the pairs:,Blue : Red,Left : Right,Cold : Hot,Up : Down,,A,Blue : Red,A,VERIFIED — matches source,blue and red are not opposites; the others are
MPT Past Papers,Reasoning,Family relationships and coding,372,"A family consists of a man and his wife, their two daughters, and three sons with their wives. Each son has three sons and one daughter. How many female members are there in the family?",8,7,9,None of these,,C,9,D,CORRECTED — source key was wrong,wife + 2 daughters + 3 sons-wives + 3 granddaughters = 9
MPT Past Papers,Reasoning,Family relationships and coding,373,"If BAT is coded as 283, CAT is coded as 383 and ARE is coded as 801, then the code for BETTER is:",213303,213310,123301,012331,,B,213310,C,CORRECTED — source key was wrong,"B=2 E=1 T=3 R=0, so BETTER = 213310"
MPT Past Papers,Reasoning,Logic and cognition,374,"Sometimes we give a statement in favour of another statement, which is called:",Argument,Premises,Conclusion,None of these,,B,Premises,,ANSWER SUPPLIED BY REVIEW,a supporting statement is a premise
MPT Past Papers,Reasoning,Logic and cognition,375,Knowledge of children based on memory process is called:,Learning,Strategy,Metamemory,None of these,,C,Metamemory,,ANSWER SUPPLIED BY REVIEW,metamemory
MPT Past Papers,Reasoning,Logic and cognition,376,In which memory are all materials stored so that we can retrieve them later on?,Short term memory,Long term memory,Sensory memory,None of these,,B,Long term memory,,ANSWER SUPPLIED BY REVIEW,long-term memory
MPT Past Papers,Reasoning,Logic and cognition,377,"Who introduced the term ""Intelligence Quotient"" (I.Q)?",William Stern,A.R. Jensen,R.B. Cattell,None of these,,A,William Stern,,ANSWER SUPPLIED BY REVIEW,William Stern
MPT Past Papers,Reasoning,Psychology and research methods,378,Which of the following plays a major role in reaction to stress?,Confidence,Emotions,Personality,None of these,,C,Personality,,ANSWER SUPPLIED BY REVIEW,personality - low confidence
MPT Past Papers,Reasoning,Psychology and research methods,379,In which of the following options do we feel stress if we fail in the CSS examination?,Physical,Mental,Social Stigma,None of these,,B,Mental,,ANSWER SUPPLIED BY REVIEW,failing produces mental stress - low confidence
MPT Past Papers,Reasoning,Psychology and research methods,380,Which of the following techniques is useful to handle sensitive issues?,Random Response,Randomized Response,Physical Response,None of these,,B,Randomized Response,,ANSWER SUPPLIED BY REVIEW,randomized response technique
MPT Past Papers,Reasoning,"Relationships, ordering and inference",381,A bus for Islamabad leaves after every two minutes from a bus stand. An enquiry officer told a passenger that the bus had already left sixteen minutes ago and the next bus will leave at 08:15 pm. At what time did the enquiry officer give the information to the passenger?,07:23 pm,07:39 pm,07:49 pm,None of these,,D,None of these,,ANSWER SUPPLIED BY REVIEW,DEFECTIVE: a 2-minute interval cannot leave a 16-minute gap. This is a corrupted copy of #384.
MPT Past Papers,Reasoning,"Relationships, ordering and inference",382,"A is B's daughter, C is B's mother, D is B's sister and E is D's son. Then how is A related to E?",Uncle,Grand daughter,Cousin,None of these,,C,Cousin,C,VERIFIED — matches source,"their parents are siblings, so cousins"
MPT Past Papers,Reasoning,"Relationships, ordering and inference",383,"Pointing to a photograph, a man said, ""I have no brother, and that girl's father is my father's son."" Whose photograph was it?",His father,His own,His daughter,None of these,,C,His daughter,C,VERIFIED — matches source,"""my father's son"" with no brother = himself"
MPT Past Papers,Reasoning,"Relationships, ordering and inference",384,A bus for Islamabad leaves after every fifty two minutes from a bus stand. An enquiry officer told a passenger that the bus had already left sixteen minutes ago and the next bus will leave at 08:15 pm. At what time did the enquiry officer give the information to the passenger?,07:23 pm,07:39 pm,07:49 pm,None of these,,B,07:39 pm,B,VERIFIED — matches source,"(T-16)+52 = 20:15, so T = 19:39"
MPT Past Papers,Reasoning,"Relationships, ordering and inference",385,Pearl Tower is taller than Sky Tower but shorter than Ocean Tower. Ocean Tower and MCB Tower are of same height. Pearl Tower is shorter than Bahria Tower. Which one is the second shortest among all the buildings?,Pearl Tower,Sky Tower,Ocean Tower,None of these,,A,Pearl Tower,A,VERIFIED — matches source,Pearl is second shortest
MPT Past Papers,Reasoning,"Relationships, ordering and inference",386,"Peter is in the East of Tom and Tom is in the North of John. Mike is in the South of John, then in which direction of Peter is Mike?",South-East,South-West,South,None of these,,B,South-West,B,VERIFIED — matches source,Mike is south and west of Peter
MPT Past Papers,Reasoning,"Relationships, ordering and inference",387,"On a particular school day, a student will take classes of six subjects - Geography, History, Jurisprudence, Kinetics, Literature, and Mechanics. Each class will be taken only once on that day and their order is subject to the following conditions: (A) Geography has to be immediately after History. (B) Kinetics has to be earlier than Geography. (C) Mechanics has to be earlier than Literature. (D) Mechanics has to be either immediately before or immediately after Jurisprudence. If Literature is earlier than Kinetics, then History must be in the following position:",First,Third,Fifth,None of these,,C,Fifth,C,VERIFIED — matches source,M J L K H G puts History fifth
MPT Past Papers,Reasoning,"Relationships, ordering and inference",388,Six girls are sitting in a circle facing towards the centre of the circle. R is between N and S. P is next to the left of V. R is 4th to the right of P. What is the position of T?,To the immediate right of V,Second to the left of P,Second to the right of R,None of these,,A,To the immediate right of V,A,VERIFIED — matches source,T sits immediately right of V
MPT Past Papers,Reasoning,"Relationships, ordering and inference",389,"What is a and b in the given sequence: a, 13, 9, 3, -5, -15, b?","15, -25","15, -27","16, -28",None of these,,B,"15, -27",B,VERIFIED — matches source,"differences -2,-4,-6,-8,-10,-12 give 15 and -27"
MPT Past Papers,Reasoning,"Relationships, ordering and sequences",391,"A got more points than B but less than C. D got less points than E but more than A. If C gets less than D, then who gets the highest points?",D,E,C,None of these,,B,E,,ANSWER SUPPLIED BY REVIEW,"C<D<E and A<C, so E is highest"
MPT Past Papers,Reasoning,"Relationships, ordering and sequences",392,"P is the brother of Q and R. S is mother of R, and T is father of P. Which of the following statements is not exactly true?",T is Q's father,P is S's son,S is P's mother,Q is T's son,,D,Q is T's son,D,VERIFIED — matches source,Q's gender is never stated
MPT Past Papers,Reasoning,"Relationships, ordering and sequences",393,Arrange the given words in the order that they occur in dictionary: 1. Apparent 2. Apostate 3. Appoint 4. Apparel,"2, 1, 4, 3","2, 3, 4, 1","1, 4, 3, 2","2, 4, 1, 3",,D,"2, 4, 1, 3",D,VERIFIED — matches source,"Apostate, Apparel, Apparent, Appoint"
MPT Past Papers,Reasoning,"Relationships, ordering and sequences",394,"Adil, Badar, Saima, Dawood and Mehak each have different amount of money. Saima has more money than only Mehak; Badar has more money than Dawood but less than Adil. Who among them has the highest amount of money?",Badar,Dawood,Adil,None of these,,C,Adil,C,VERIFIED — matches source,Adil
MPT Past Papers,Reasoning,"Relationships, ordering and sequences",396,"Given: PQS, QRT, RSU, STV... What should follow?",TUW,SUV,STU,None of these,,A,TUW,D,CORRECTED — source key was wrong,"P,Q,R,S->T; Q,R,S,T->U; S,T,U,V->W, giving TUW"
MPT Past Papers,Reasoning,"Relationships, ordering and sequences",397,A clock is placed on a table such that at 6:00 pm the hour hand points to North-East. In which direction will the minute hand point at 9:15 pm?,South-East,North-West,South-West,None of these,,B,North-West,C,CORRECTED — source key was wrong,if 6 points NE then 3 points NW
MPT Past Papers,Reasoning,"Relationships, ordering and sequences",398,"The weights of 4 boxes are 20 kg, 30 kg, 50 kg and 70 kg. If a combination of boxes is made using each box only once then the total weight of the combination cannot be:",170 kg,160 kg,150 kg,None of these,,B,160 kg,B,VERIFIED — matches source,no subset of 20/30/50/70 sums to 160
MPT Past Papers,Reasoning,Sequences and inference,399,"What is the next term in the series? 11, 20, 35, 56, 83",108,116,122,None of these,,B,116,,ANSWER SUPPLIED BY REVIEW,"differences 9,15,21,27 then 33 -> 116"
MPT Past Papers,Reasoning,Sequences and inference,400,"The positions of the first and sixth digits in the number 5109238674 are interchanged. Similarly, the positions of second and seventh digits are interchanged and so on. Which one of the following will be the third digit from the right end after the rearrangement?",9,0,6,None of these,,B,0,B,VERIFIED — matches source,"after swapping, the number is 3867451092; third from right is 0"
MPT Past Papers,Reasoning,Sequences and inference,401,"Statement: ""Research reports that though Vitamin C present in fresh fruits and vegetables is beneficial for human body, capsule Vitamin C does not have the same effect on human body"". Which of the following sentence would logically come next? (i) The sale of capsule Vitamin C should be banned. (ii) People should be encouraged to take fresh fruits and vegetables to meet the body's requirement of Vitamin C.",Only (i) follows,Only (ii) follows,Neither (i) nor (ii) follows,Both (i) and (ii) follow,,B,Only (ii) follows,B,VERIFIED — matches source,only the second conclusion follows
MPT Past Papers,Reasoning,Sequences and inference,402,"What is the next term in the series: 11, 20, 38, 56, 83?",108,116,122,None of these,,D,None of these,D,VERIFIED — matches source,"differences 9,18,18,27 are irregular - corrupted copy of #399"
MPT Past Papers,English,Antonyms,403,Choose the option most nearly opposite of SARTORIAL.,Cheerful,Sincere,Inelegant,Homespun,,C,Inelegant,,ANSWER SUPPLIED BY REVIEW,sartorial = of elegant tailoring; opposite inelegant
MPT Past Papers,English,Antonyms,404,Choose the option most nearly opposite of SAPIENT.,Hunched,Strong,Simple,Simian,,C,Simple,,ANSWER SUPPLIED BY REVIEW,sapient = wise; opposite simple/foolish
MPT Past Papers,English,Antonyms,405,Choose the option most nearly opposite of MATUTINAL.,Paternal,Crepuscular,Maritime,Marsupial,,B,Crepuscular,,ANSWER SUPPLIED BY REVIEW,matutinal = of the morning; crepuscular = of twilight
MPT Past Papers,English,Antonyms,406,Choose the option most nearly opposite of GUMPTION.,Seriousness,Apathy,Levity,Despair,,B,Apathy,,ANSWER SUPPLIED BY REVIEW,gumption = initiative; opposite apathy
MPT Past Papers,English,Antonyms,407,Choose the option most nearly opposite of OBTUSE.,Slim,Acute,Opaque,Thick,,B,Acute,,ANSWER SUPPLIED BY REVIEW,obtuse = blunt; opposite acute
MPT Past Papers,English,Antonyms,408,Identify the antonym of Turpitude.,Passion,Happiness,Virtue,Corruption,,C,Virtue,A,CORRECTED — source key was wrong,turpitude = depravity; opposite VIRTUE
MPT Past Papers,English,Antonyms,409,Identify the antonym of Vituperate.,Praise,Indifferent,Agree,Berate,,A,Praise,D,CORRECTED — source key was wrong,"vituperate = to revile; opposite PRAISE. ""Berate"" is a synonym."
MPT Past Papers,English,Antonyms,410,Identify the antonym of Insouciant.,Carefree,Angry,Anxious,Dull,,C,Anxious,,ANSWER SUPPLIED BY REVIEW,insouciant = carefree; opposite anxious
MPT Past Papers,English,Antonyms,411,Identify the antonym of Vitriolic.,Bitter,Graceful,Active,Amiable,,D,Amiable,B,CORRECTED — source key was wrong,vitriolic = caustic; opposite AMIABLE
MPT Past Papers,English,Antonyms,412,Identify the antonym of Equanimity.,Astonishment,Displeased,Agitation,Tranquility,,C,Agitation,,ANSWER SUPPLIED BY REVIEW,equanimity = composure; opposite agitation
MPT Past Papers,English,Antonyms,413,Identify the antonym of Sibilant.,Loud,Whispering,Noisy,Sonorous,,D,Sonorous,B,CORRECTED — source key was wrong,"sibilant = soft hissing; opposite SONOROUS. ""Whispering"" is a synonym."
MPT Past Papers,English,Antonyms,414,Identify the antonym of Bastion.,Defenseless,Deformed,Destroyed,Demolished,,A,Defenseless,A,VERIFIED — matches source,bastion = stronghold
MPT Past Papers,English,Antonyms,415,Identify the antonym of Egregious.,Flagrant,Inconspicuous,Audacious,Blunt,,B,Inconspicuous,B,VERIFIED — matches source,egregious = conspicuously bad
MPT Past Papers,English,Antonyms,416,Identify the antonym of Melange.,Harmonious,Homogeneous,Amorphous,Anomalous,,B,Homogeneous,B,VERIFIED — matches source,melange = mixture
MPT Past Papers,English,Antonyms,417,Identify the antonym of Solipsist.,Self-Centered,Self-Absorbed,Selfless,Self-Stylist,,C,Selfless,C,VERIFIED — matches source,solipsist = self-absorbed
MPT Past Papers,English,Antonyms,418,Identify the antonym of Lionize.,Mistreat,Vilify,Lampoon,Ridicule,,B,Vilify,B,VERIFIED — matches source,lionize = to celebrate; opposite vilify
MPT Past Papers,English,Antonyms and analogies,419,Antonym of Cajole:,Wheedle,Coax,Badger,Dissuade,,D,Dissuade,D,VERIFIED — matches source,cajole = coax; opposite dissuade
MPT Past Papers,English,Antonyms and analogies,420,Antonym of Ephemeral:,Fleeting,Permanent,Transitory,Momentary,,B,Permanent,B,VERIFIED — matches source,ephemeral = fleeting
MPT Past Papers,English,Antonyms and analogies,421,Antonym of Flagrant:,Overt,Trifling,Evident,None of these,,B,Trifling,B,VERIFIED — matches source,flagrant = blatant; opposite trifling
MPT Past Papers,English,Antonyms and analogies,422,Antonym of Quixotic:,Impulsive,Prosthetic,Dreamy,Practical,,D,Practical,D,VERIFIED — matches source,quixotic = impractically idealistic
MPT Past Papers,English,Antonyms and analogies,423,Dependable : Capricious ::,Fallible : Cantankerous,Capable : Inept,Malleable : Inept,Incorrigible : Guilty,,B,Capable : Inept,B,VERIFIED — matches source,"dependable/capricious are opposites, as are capable/inept"
MPT Past Papers,English,Articles,424,_____ woman that we saw turned out to be our CEO.,A,The,That,An,,B,The,A,CORRECTED — source key was wrong,"a specific woman identified by a relative clause takes THE, not A"
MPT Past Papers,English,Grammar,454,Identify the sentence with a semantic error:,The dog chased its tail with a spoon.,The sun is shining in the sky.,The author is writing the book.,The rain is falling downwards.,,A,The dog chased its tail with a spoon.,A,VERIFIED — matches source,"chasing a tail ""with a spoon"" is semantically impossible"
MPT Past Papers,English,Grammar,455,Choose the sentence that is grammatically correct:,Neither of the boys have done his homework.,Neither of the boys has done his homework.,Neither of the boys have done their homeworks.,Neither of the boy has done his homework.,,B,Neither of the boys has done his homework.,B,VERIFIED — matches source,"""neither"" is singular -> has"
MPT Past Papers,English,Grammar,456,Choose the sentence that is grammatically correct:,She has been living here since five years.,She is living here for five years.,She has been living here for five years.,She lives here since five years.,,C,She has been living here for five years.,C,VERIFIED — matches source,"present perfect continuous with ""for"" + duration"
MPT Past Papers,English,Grammar and prepositions,457,"In the sentence ""The earth is larger than the moon"", 'than' is:",Subordinating Conjunction,Coordinating Conjunction,Not a conjunction,Both A and B,,A,Subordinating Conjunction,,ANSWER SUPPLIED BY REVIEW,"""than"" introduces a subordinate clause of comparison"
MPT Past Papers,English,Grammar and prepositions,458,"In the sentence ""Such was not my intention"", 'such' is:",Pronoun,Adjective,Conjunction,All of these,,A,Pronoun,,ANSWER SUPPLIED BY REVIEW,"""such"" stands in for the intention, so it is a pronoun"
MPT Past Papers,English,Grammar and prepositions,459,Ambition does not always conduce _____ ultimate happiness.,Of,In,To,From,,C,To,,ANSWER SUPPLIED BY REVIEW,conduce TO
MPT Past Papers,English,Grammar and prepositions,460,The holidays will begin _____ June 29.,On,From,In,With,,A,On,,ANSWER SUPPLIED BY REVIEW,on + a date
MPT Past Papers,English,Grammar and prepositions,461,Send this letter _____ my address.,To,On,At,Towards,,A,To,,ANSWER SUPPLIED BY REVIEW,send something TO an address
MPT Past Papers,English,Grammar and prepositions,462,"He accepted the car in lieu _____ his claim _____ Rs. 4,55,000.","Of, Of","With, For","Of, For","With, Of",,C,"Of, For",,ANSWER SUPPLIED BY REVIEW,in lieu OF ... claim FOR
MPT Past Papers,English,Grammar and prepositions,463,Choose the correct sentence:,All that is glitters is not gold,All that is glittering is not gold,All that glitters is not gold,All which glitters is not gold,,C,All that glitters is not gold,C,VERIFIED — matches source,proverb form
MPT Past Papers,English,Grammar and prepositions,464,Choose the correct sentence:,No less than twelve minutes left the hosted,No fewer than twelve minutes left hosted,No lesser than twelve minutes left the hosted,None of these,,D,None of these,D,VERIFIED — matches source,all three sentences are malformed
MPT Past Papers,English,Grammar and prepositions,466,"""Although they are 250 miles apart, they keep in constant contact on the internet."" This is a:",Simple sentence,Compound sentence,Complex sentence,Compound-complex sentence,,C,Complex sentence,C,VERIFIED — matches source,one subordinate clause + one main clause
MPT Past Papers,English,Grammar and prepositions,467,I know both of them are short _____ money because of their extravagant nature.,On,Of,In,With,,B,Of,D,CORRECTED — source key was wrong,"the idiom is ""short OF money"""
MPT Past Papers,English,Grammar and prepositions,468,He writes _____ red ink.,With,In,Of,By,,B,In,B,VERIFIED — matches source,write IN ink
MPT Past Papers,English,Grammar and prepositions,469,He was accused _____ theft.,Of,In,With,None of these,,A,Of,A,VERIFIED — matches source,accused OF
MPT Past Papers,English,Grammar and prepositions,470,Do not jeer _____ sacred things.,With,Upon,At,None of these,,C,At,C,VERIFIED — matches source,jeer AT
MPT Past Papers,English,Grammar and prepositions,471,He is so dull that he is insensible _____ the beauties of nature.,For,To,Of,With,,B,To,B,VERIFIED — matches source,insensible TO
MPT Past Papers,English,Grammar and sentence completion,472,"When the meeting had finished, they went _____ the plan once again.",Down,On,Up,Over,,D,Over,D,VERIFIED — matches source,go OVER = review
MPT Past Papers,English,Grammar and sentence completion,473,We have been able to obtain no information _____ his whereabouts.,That of,According to,In which,As to,,D,As to,D,VERIFIED — matches source,no information AS TO
MPT Past Papers,English,Grammar and sentence completion,474,"I didn't know whether you had to have one of these or not; if you _____ one, however, I would have given it to you freely.",Had to have,Had had to have,Had to had,Have to had,,B,Had had to have,A,CORRECTED — source key was wrong,"third conditional needs the past perfect: ""if you had had to have one"""
MPT Past Papers,English,Grammar and sentence completion,475,"Do you _____ go to sleep early, or is it insomnia?",Ever,Sometime,Never,Every time,,A,Ever,A,VERIFIED — matches source,"""ever"" fits the yes/no question"
MPT Past Papers,English,Grammar and sentence completion,476,"True health and true success go together, for they are inseparably _____ in the realm of thought.",Intertwined,Bound up,Tied up,Inter-related,,A,Intertwined,A,VERIFIED — matches source,"""inseparably intertwined"" is the set collocation"
MPT Past Papers,English,Grammar and usage,477,Choose the option that is correct according to the standard use of English.,A noise woke me up in the middle of the night,Noise woke me up in the middle of the night,A noise woke me up at the middle of the night,A noise woke me up on the middle of the night,,A,A noise woke me up in the middle of the night,,ANSWER SUPPLIED BY REVIEW,"""a noise ... in the middle of the night"""
MPT Past Papers,English,Grammar and usage,479,Choose the option that is correct according to the standard use of English.,Our friend has an apartment toward East London,Our friends has an apartment on East London,Our friend has an apartment in the East London,Our friend has an apartment in East London,,D,Our friend has an apartment in East London,,ANSWER SUPPLIED BY REVIEW,"IN + city district, no article"
MPT Past Papers,English,Grammar and usage,480,Choose the option that is correct according to the standard use of English.,The doctor told him to give up smoking,The doctor told him giving up smoking,The doctor told him to give up smoke,The doctor told him to give away smoking,,A,The doctor told him to give up smoking,,ANSWER SUPPLIED BY REVIEW,tell somebody TO DO something
MPT Past Papers,English,Grammar and usage,482,Choose the option that is correct according to the standard use of English.,He gave me all the maps free,He gave me all the maps freely,He gave me all the maps to free,He gave me all the maps in free,,A,He gave me all the maps free,,ANSWER SUPPLIED BY REVIEW,"""free"" = at no cost; ""freely"" means without restraint"
MPT Past Papers,English,Grammar and usage,485,Choose the option that is correct according to the standard use of English.,A cat can see in the darkness,The cat can see in the darkness,Cats can see in the darkness,A cat can see into the darkness,,C,Cats can see in the darkness,,ANSWER SUPPLIED BY REVIEW,generic plural is the natural form
MPT Past Papers,English,Grammar and usage,487,Choose the option that is correct according to the standard use of English.,Trees help to create a peaceful surrounding,Trees help to create a peaceful surroundings,Trees help to create peaceful surroundings,Trees help to create the peaceful surrounding,,C,Trees help to create peaceful surroundings,,ANSWER SUPPLIED BY REVIEW,"""surroundings"" is plural and takes no article here"
MPT Past Papers,English,Grammar and usage,488,Choose the sentence with an adverb.,Don't talk so loud,He lives in the next house,He is quick to take offense,The night is dark,,A,Don't talk so loud,,ANSWER SUPPLIED BY REVIEW,"""loud"" modifies the verb talk"
MPT Past Papers,English,Grammar and usage,489,Choose the sentence with the proper Adjective.,French wines are not available here,He showed much patience,He has lost all his wealth,I ate some rice,,A,French wines are not available here,,ANSWER SUPPLIED BY REVIEW,"""French"" is a proper adjective"
MPT Past Papers,English,Grammar and usage,490,Choose the sentence with the Adverb of time.,I have spoken to him already,He seldom comes here,The horse galloped away,The boy works hard,,A,I have spoken to him already,,ANSWER SUPPLIED BY REVIEW,"""already"" is an adverb of time"
MPT Past Papers,English,Grammar and usage,491,"In the sentence ""Ambition urges me forward"", 'forward' is:",An Adverb of place,An Adjective of place,An Adverb of time,An Adjective of time,,A,An Adverb of place,,ANSWER SUPPLIED BY REVIEW,"""forward"" modifies urges - adverb of place"
MPT Past Papers,English,Grammar and usage,492,"In the sentence ""Children love making mud castles"", 'making' is:",Verb,Main Verb,Gerund,Both A and B,,C,Gerund,,ANSWER SUPPLIED BY REVIEW,"""making"" is the object of love - a gerund"
MPT Past Papers,English,Grammar and usage,493,Which of the following sentences is grammatically correct?,I and my friends went to the movie.,My friends and I went to the movie.,Me and my friends went to the movie.,My friends and me went to the movie.,,B,My friends and I went to the movie.,B,VERIFIED — matches source,"subject pronoun I, and courtesy order"
MPT Past Papers,English,Grammar and usage,494,Which of the following is an example of a subordinate clause?,I like pizza,Because I like pizza,Pizza is my favorite food,I ate pizza for dinner,,B,Because I like pizza,B,VERIFIED — matches source,"""Because I like pizza"" cannot stand alone"
MPT Past Papers,English,Grammar and usage,497,Which sentence uses the correct adjective form?,The movie was more scarier than I expected,The movie was scarier than I expected,The movie was scare than I expected,The movie was scary than I expected,,B,The movie was scarier than I expected,A,CORRECTED — source key was wrong,"""scarier"" - ""more scarier"" is a double comparative and is wrong"
MPT Past Papers,English,Idioms,498,"""To have a chip on one's shoulder"" means:",To carry a piece of wood.,To be angry or resentful.,To be physically strong.,To have a big ego.,,B,To be angry or resentful.,B,VERIFIED — matches source,chip on the shoulder = resentment
MPT Past Papers,English,Idioms,499,"""To cast in the teeth"" means:",To confront someone openly.,To compliment someone sincerely.,To criticize or reproach someone.,To share a secret with someone.,,C,To criticize or reproach someone.,C,VERIFIED — matches source,cast in the teeth = to reproach
MPT Past Papers,English,Idioms,500,"""To pass the buck"" means:",To share a responsibility.,To play a card game.,To ignore a problem.,To make a decision quickly.,,A,To share a responsibility.,A,VERIFIED — matches source,"IMPRECISE: the idiom means to SHIFT responsibility onto another, not share it. A is the nearest option but the wording is wrong."
MPT Past Papers,English,Idioms,502,"What does the idiom ""To read the riot act"" mean?",To review a book about a riot.,To threaten someone with legal action.,To deliver a stern warning or reprimand.,To organize a protest or demonstration.,,C,To deliver a stern warning or reprimand.,D,CORRECTED — source key was wrong,read the riot act = deliver a stern reprimand
MPT Past Papers,English,Idioms,503,"What does the idiom ""To put a spoke in one's wheel"" mean?",To assist someone in their endeavors.,To obstruct or hinder someone's plans.,To repair a broken wheel.,To engage in a friendly race.,,B,To obstruct or hinder someone's plans.,B,VERIFIED — matches source,put a spoke in the wheel = obstruct
MPT Past Papers,English,Idioms,505,Emit smoke from seven orifices means:,To be very happy,To be extremely angry,To be very sad,None of these,,B,To be extremely angry,B,VERIFIED — matches source,extremely angry
MPT Past Papers,English,Idioms,506,To sell wolf tickets means:,To be honest and authentic,To talk tough but not back it up,To be weak and timid,To be intelligent and wise,,B,To talk tough but not back it up,B,VERIFIED — matches source,to talk tough without backing it up
MPT Past Papers,English,Idioms,507,The carrots are cooked means:,The situation is under control,The situation is hopeless,The situation is changing,The situation is improving,,B,The situation is hopeless,B,VERIFIED — matches source,the situation is hopeless
MPT Past Papers,English,Idioms,508,Forty winks means:,"A long, deep sleep",A short nap or brief period of sleep,A period of wakefulness,A dream or vision,,B,A short nap or brief period of sleep,B,VERIFIED — matches source,forty winks = a short nap
MPT Past Papers,English,Prepositions,510,The negotiations were marred _____ allegations of corruption that cast a shadow _____ the legitimacy of the entire process.,by; onto,with; against,amid; under,through; over,,A,by; onto,B,CORRECTED — source key was wrong,"""marred BY"" is the correct collocation; ""marred with"" is not"
MPT Past Papers,English,Prepositions,511,"His fascination with history compelled him to delve _____ ancient archives, uncovering forgotten tales _____ centuries past.",beneath; within,into; from,throughout; towards,amidst; about,,B,into; from,B,VERIFIED — matches source,"delve INTO, tales FROM"
MPT Past Papers,English,Prepositions,512,"The architect designed the futuristic skyscraper to blend seamlessly _____ the urban landscape, harmonizing _____ the existing structures.",with; through,within; along,amid; towards,into; against,,A,with; through,,ANSWER SUPPLIED BY REVIEW,"blend WITH, harmonize WITH"
MPT Past Papers,English,Prepositions,513,"The renowned philosopher delved deep _____ the intricacies of human consciousness, shedding light _____ the enigma of self-awareness.",within; towards,through; onto,amidst; against,onto; with,,B,through; onto,B,VERIFIED — matches source,"best of a weak set - ""shedding light onto"""
MPT Past Papers,English,Prepositions,514,"She embarked _____ a quest to decipher the cryptic symbols etched _____ the ancient artifact, unraveling its hidden secrets.",upon; beneath,towards; amidst,onto; through,about; within,,A,upon; beneath,A,VERIFIED — matches source,embark UPON
MPT Past Papers,English,Prepositions,515,"""The architect's vision seamlessly integrated the futuristic skyscraper _____ the existing cityscape, harmonizing _____ its historical architecture.""",with; into,amidst; towards,within; alongside,under; throughout,,A,with; into,A,VERIFIED — matches source,integrate WITH
MPT Past Papers,English,Prepositions,516,"The negotiations were conducted _____ utmost confidentiality, shrouding the details _____ the prying eyes of the media.",amidst; in,with; from,beneath; towards,beyond; about,,B,with; from,,ANSWER SUPPLIED BY REVIEW,"WITH confidentiality, shroud FROM"
MPT Past Papers,English,Prepositions,517,The emperor advocated the expostulation _____ calamities and reanimate officeholders to point out the officials' faults used for reference for the frequency of natural disasters _____ Yuan Dynasty.,"on, in","about, in","at, at","over, inside",,A,"on, in",A,VERIFIED — matches source,question text is garbled; A is the only coherent pairing
MPT Past Papers,English,Prepositions,518,The museum is situated both _____ the square and _____ the library.,"on, beneath","on, under","at, underneath","around, above",,B,"on, under",B,VERIFIED — matches source,on / under
MPT Past Papers,English,Prepositions,519,"The pusillanimous politician's lack of courage and conviction reeked _____ opportunism and cowardice, causing his supporters _____ lose faith in his ability to lead.","off, of","of, to","in, in","away, to",,B,"of, to",B,VERIFIED — matches source,"reek OF, cause someone TO"
MPT Past Papers,English,Reading comprehension,521,"The underlined word 'remote', as used in paragraph 4 of the passage, most nearly means:",Isolated,Nearby,Slow travelling,Difficult to see,,A,Isolated,,ANSWER SUPPLIED BY REVIEW,remote = isolated
MPT Past Papers,English,Reading comprehension,522,The passage explains that glaciers can be found where?,Only on Antarctica,Only Greenland and Alaska,On nearly every continent,On the north and south poles,,C,On nearly every continent,,ANSWER SUPPLIED BY REVIEW,glaciers occur on nearly every continent
MPT Past Papers,English,Reading comprehension,526,"The underlined word 'convey', as used in this passage, most accurately means:",Give birth to,Rationalize,Experiment,Explain,,D,Explain,B,CORRECTED — source key was wrong,"convey = to communicate or explain; ""rationalize"" is not a meaning of convey"
MPT Past Papers,English,Reading comprehension,527,What is the main idea of Plato's cave analogy?,This world is not all there is.,Mankind cannot hope to see the truth.,Humans are stupid.,Real things cast shadows.,,A,This world is not all there is.,A,VERIFIED — matches source,Plato's cave: the visible world is not the whole of reality
MPT Past Papers,English,Reading comprehension,529,"The underlined word temporal, as used in the passage, most nearly means:",Imaginary,Hypothetical,Old-fashioned,Temporary,,D,Temporary,D,VERIFIED — matches source,"temporal = of time, temporary"
MPT Past Papers,English,Reading comprehension,535,"The underlined word 'tremulous', as used in this passage, most nearly means:",Trembling,Torpid,Wavering,Infirm,,A,Trembling,A,VERIFIED — matches source,tremulous = trembling
MPT Past Papers,English,Sentence completion,540,The settlers found an ideal location with plenty of _____ land for farming and a mountain stream for fresh water and irrigation.,Candid,Quaint,Arable,Saline,,C,Arable,,ANSWER SUPPLIED BY REVIEW,arable = fit for farming
MPT Past Papers,English,Sentence completion,541,"What is most needed in a discussion of immigration are solid facts, not wishful thinking; realities, not _____.",Fears,Ideas,Myths,Veracities,,C,Myths,,ANSWER SUPPLIED BY REVIEW,realities vs myths
MPT Past Papers,English,Sentence completion,542,The defendant claimed that he was innocent and that his confession was _____.,Flagrant,Coerced,Terse,Benign,,B,Coerced,,ANSWER SUPPLIED BY REVIEW,coerced confession
MPT Past Papers,English,Sentence completion,543,The rebel spies were charged with _____ and put on trial.,Attrition,Reiteration,Sedition,Perdition,,C,Sedition,,ANSWER SUPPLIED BY REVIEW,sedition
MPT Past Papers,English,Sentence completion,544,"Zachary was doomed to a miserable life, for no matter how much he had, he always _____ the possessions of others.",Protracted,Exalted,Coveted,Filibustered,,C,Coveted,,ANSWER SUPPLIED BY REVIEW,coveted
MPT Past Papers,English,Synonyms,545,Choose the option closest in meaning to SUMPTUOUS.,Delirious,Gorgeous,Perilous,Luxurious,,D,Luxurious,,ANSWER SUPPLIED BY REVIEW,sumptuous = luxurious
MPT Past Papers,English,Synonyms,546,Choose the option closest in meaning to SACROSANCT.,Prayer,Sanctuary,Pious,Sacred,,D,Sacred,,ANSWER SUPPLIED BY REVIEW,sacrosanct = sacred
MPT Past Papers,English,Synonyms,547,Choose the option closest in meaning to CHURLISH.,Childish,Boorish,Tempestuous,Disorderly,,B,Boorish,,ANSWER SUPPLIED BY REVIEW,churlish = boorish
MPT Past Papers,English,Synonyms,548,Choose the option closest in meaning to WINNOW.,Carve,Wind,Weed,Carry,,C,Weed,,ANSWER SUPPLIED BY REVIEW,"winnow = to sift out, weed out"
MPT Past Papers,English,Synonyms,549,Choose the option closest in meaning to MORDANT.,Dead,Gruesome,Fetid,Caustic,,D,Caustic,,ANSWER SUPPLIED BY REVIEW,mordant = caustic
MPT Past Papers,English,Synonyms,550,Synonym of Obdurate:,Trustable,Malleable,Amenable,None of these,,D,None of these,B,CORRECTED — source key was wrong,"obdurate = stubborn. Malleable and Amenable are OPPOSITES, so no option is a synonym."
MPT Past Papers,English,Synonyms,551,Synonym of Pejorative:,Laudatory,Complementary,Approbatory,Depreciatory,,D,Depreciatory,D,VERIFIED — matches source,pejorative = depreciatory
MPT Past Papers,English,Synonyms,552,She showed a blatant disregard for the rules. (Synonym of underlined word),Obvious,Hidden,Last-minute,Rebellious,,A,Obvious,A,VERIFIED — matches source,blatant = obvious
MPT Past Papers,English,Synonyms,553,"As soon as details of the election were released to the media, the newspaper was inundated with calls - far too many to be handled effectively. (Synonym of underlined word)",Provided,Bothered,Reminded,Flooded,,D,Flooded,D,VERIFIED — matches source,inundated = flooded
MPT Past Papers,English,Synonyms,554,Identify the synonym of Quandary.,Predicament,Difficulty,Consternation,Simplicity,,A,Predicament,A,VERIFIED — matches source,quandary = predicament
MPT Past Papers,English,Synonyms,555,Identify the synonym of Obstreperous.,Angry,Noisy,Saddened,Shy,,B,Noisy,A,CORRECTED — source key was wrong,obstreperous = NOISY and unruly
MPT Past Papers,English,Synonyms,556,Identify the synonym of Effervescent.,Quick,Lively,Compassionate,Quiet,,B,Lively,D,CORRECTED — source key was wrong,effervescent = LIVELY
MPT Past Papers,English,Synonyms,557,Identify the synonym of Penurious.,Generous,Impoverished,False,Fabricated,,B,Impoverished,C,CORRECTED — source key was wrong,penurious = IMPOVERISHED
MPT Past Papers,English,Synonyms,558,Identify the synonym of Histrionic.,Happy,Dramatic,Joyous,Subdued,,B,Dramatic,D,CORRECTED — source key was wrong,histrionic = DRAMATIC
MPT Past Papers,English,Synonyms,559,Identify the synonym of Quiescent.,Active,Dormant,Pensive,Thoughtful,,B,Dormant,D,CORRECTED — source key was wrong,quiescent = DORMANT
MPT Past Papers,English,Synonyms,560,Identify the synonym of Scraggly.,Gaunt,Underweight,Slender,Spindly,,D,Spindly,A,CORRECTED — source key was wrong,"CONTESTED: scraggly = straggly/thin; Spindly fits better than Gaunt, which describes a drawn face"
MPT Past Papers,English,Synonyms,561,Identify the synonym of Catacomb.,Oasis,Haven,Crypt,Shrine,,C,Crypt,C,VERIFIED — matches source,catacomb = crypt
MPT Past Papers,English,Synonyms,562,Identify the synonym of Sobriquet.,Nickname,Formal name,Byname,Pseudonym,,A,Nickname,A,VERIFIED — matches source,sobriquet = nickname
MPT Past Papers,English,Synonyms,563,Identify the synonym of Metanoia.,Repentance,Conversion,Prostrate,Submission,,A,Repentance,A,VERIFIED — matches source,metanoia = repentance
MPT Past Papers,English,Synonyms,564,Identify the synonym of Verisimilitude.,Realism,Artifice,Conceit,Actuality,,A,Realism,A,VERIFIED — matches source,verisimilitude = realism
MPT Past Papers,English,Verbal analogies,566,Select the pair that best expresses a relationship similar to FROND : PALM.,Quill : Porcupine,Blade : Evergreen,Scale : Wallaby,Tusk : Alligator,,A,Quill : Porcupine,,ANSWER SUPPLIED BY REVIEW,frond is part of a palm as a quill is part of a porcupine
MPT Past Papers,English,Verbal analogies,567,Select the pair that best expresses a relationship similar to SPY : CLANDESTINE.,Accountant : Meticulous,Furrier : Rambunctious,Lawyer : Ironic,Shepherd : Garrulous,,A,Accountant : Meticulous,,ANSWER SUPPLIED BY REVIEW,a spy is characteristically clandestine as an accountant is meticulous
MPT Past Papers,English,Verbal analogies,568,Select the pair that best expresses a relationship similar to FERAL : TAME.,Rancid : Rational,Nettlesome : Annoying,Repentant : Honorable,Ephemeral : Immortal,,D,Ephemeral : Immortal,,ANSWER SUPPLIED BY REVIEW,"feral/tame are opposites, as are ephemeral/immortal"
MPT Past Papers,English,Verbal analogies,569,Select the pair that best expresses a relationship similar to DOLLAR : DIME.,Saleswoman : Pitch,Retreat : Victory,Century : Decade,Ring : Necklace,,C,Century : Decade,,ANSWER SUPPLIED BY REVIEW,a dollar is ten dimes as a century is ten decades
MPT Past Papers,English,Vocabulary and sentence completion,570,His moral decadence was marked by his _____ from the ways of integrity and honesty.,Obsession,Declivity,Opprobrium,Departure,,D,Departure,D,VERIFIED — matches source,departure from integrity
MPT Past Papers,English,Vocabulary and sentence completion,571,The _____ arguments put forth for not disclosing the facts did not impress anybody.,Convincing,Specious,Spurious,Intemperate,,B,Specious,B,VERIFIED — matches source,specious = plausible but false
MPT Past Papers,English,Vocabulary and sentence completion,572,The children were _____ by the seemingly nonsensical clues until Kinan pointed out that the messages were in code.,Censured,Pondered,Feigned,Perplexed,,D,Perplexed,D,VERIFIED — matches source,perplexed
MPT Past Papers,English,Vocabulary and sentence completion,573,"For a _____ fee, it is possible to upgrade from regular gasoline to premium.",Nominal,Substantive,Exorbitant,Bountiful,,A,Nominal,A,VERIFIED — matches source,nominal = small
MPT Past Papers,English,Vocabulary and sentence completion,574,It is difficult to believe that charging 20% on an outstanding credit card balance isn't _____.,Bankruptcy,Usury,Expensive,Taxation,,B,Usury,B,VERIFIED — matches source,usury
MPT Past Papers,English,Vocabulary and sentence completion,575,The presence of armed guards at the building entrance _____ us from doing anything disruptive.,Defeated,Excited,Prevented,Prohibited,,C,Prevented,C,VERIFIED — matches source,prevented us FROM
MPT Past Papers,English,Vocabulary and sentence completion,576,'Argus-eyed' means:,Watchful,Devoted,Lethargic,Clumsy,,A,Watchful,A,VERIFIED — matches source,Argus-eyed = vigilant
MPT Past Papers,English,Vocabulary and sentence completion,577,Perfect or highly accomplished means:,Impropriety,Sinister,Slovenly,None of these,,D,None of these,D,VERIFIED — matches source,none of the options mean accomplished
MPT Past Papers,English,Vocabulary and sentence completion,579,Fastidious means:,A person hard to please,A person hard to convince,A person hard to get angry,A person hard to get essential,,A,A person hard to please,A,VERIFIED — matches source,fastidious = hard to please
MPT Past Papers,Urdu,Grammar,580,"""کھاٹ سے کھٹولا"" اسم نکرہ کی کون سی قسم کو ظاہر کرتا ہے؟",اسم کبیر,اسم مصغر,اسم آلہ,اسم صوت,,B,اسم مصغر,,ANSWER SUPPLIED BY REVIEW,"ism-e-mughassar, the diminutive"
MPT Past Papers,Urdu,Grammar,581,اس لفظ کو کیا کہتے ہیں جو کسی دوسرے لفظ سے نکلا ہو؟,جامد,مصدر,مشتق,حاصل مصدر,,C,مشتق,,ANSWER SUPPLIED BY REVIEW,mushtaq = derived
MPT Past Papers,Urdu,Grammar,583,درج ذیل الفاظ میں سے کون سا لفظ مونث ہے؟,سنگت,بہاؤ,بچپن,معاملہ,,A,سنگت,,ANSWER SUPPLIED BY REVIEW,sangat is feminine
MPT Past Papers,Urdu,Grammar and literature,584,"""دیوان"" کی جمع کیا ہے؟",دیوانے,دواوین,دیوانین,ان میں سے کوئی نہیں,,B,دواوین,B,VERIFIED — matches source,dawaween
MPT Past Papers,Urdu,Grammar and literature,585,وہ اسم جو کسی نام کی جگہ استعمال ہو، اسے کیا کہتے ہیں؟,اسم ظرف,اسم ضمیر,اسم صفت,ان میں سے کوئی نہیں,,B,اسم ضمیر,B,VERIFIED — matches source,ism-e-zameer
MPT Past Papers,Urdu,Grammar and literature,586,"""عروج"" کا متضاد کیا ہے؟",ترقی,زوال,بلندی,ان میں سے کوئی نہیں,,B,زوال,B,VERIFIED — matches source,zawal
MPT Past Papers,Urdu,Grammar and literature,587,"""مشاہرہ"" کا ہم معنی لفظ کون سا ہے؟",مشہور,تنخواہ,مشاورت,قیمت,,B,تنخواہ,B,VERIFIED — matches source,musahira = salary
MPT Past Papers,Urdu,Grammar and literature,588,"""بکری"" کا مذکر کیا ہے؟",بکرا,بکریاں,بکر,ان میں سے کوئی نہیں,,A,بکرا,A,VERIFIED — matches source,bakra
MPT Past Papers,Urdu,Grammar and literature,589,اردو زبان کا رسم الخط کیا کہلاتا ہے؟,نسخ,نستعلیق,کوفی,ان میں سے کوئی نہیں,,B,نستعلیق,B,VERIFIED — matches source,Nastaliq
MPT Past Papers,Urdu,Grammar and literature,590,مرزا غالب کا اصل نام کیا تھا؟,اسد اللہ خان,نجم الدولہ,مرزا فرحت اللہ,ان میں سے کوئی نہیں,,A,اسد اللہ خان,A,VERIFIED — matches source,Asadullah Khan
MPT Past Papers,Urdu,Grammar and translation,591,دو یا دو سے زیادہ الفاظ کے مجموعے کو _____ کہا جاتا ہے۔,شعری مرکب,لسانی مرکب,مرکب,مرکب الفاظ,,C,مرکب,,ANSWER SUPPLIED BY REVIEW,murakkab
MPT Past Papers,Urdu,Grammar and translation,592,Preposterous کا درست ترجمہ کیا ہے؟,عقل کے خلاف,باقاعدہ,شان و شوکت,جذباتی,,A,عقل کے خلاف,,ANSWER SUPPLIED BY REVIEW,preposterous = contrary to reason
MPT Past Papers,Urdu,Grammar and translation,593,Move heaven and earth کا درست ترجمہ کیا ہے؟,مصیبت سے نکل آنا,بہت زیادہ کوشش کرنا,بے حد آرام کرنا,مبالغہ کرنا,,B,بہت زیادہ کوشش کرنا,,ANSWER SUPPLIED BY REVIEW,to try extremely hard
MPT Past Papers,Urdu,Literature and grammar,594,_____ وہ کلمہ ہے جو کسی جاندار، بے جان چیز، جگہ یا شخص کے نام کو ظاہر کرے؟,حرف,فعل,اسم,اسم نکرہ,,C,اسم,C,VERIFIED — matches source,ism
MPT Past Papers,Urdu,Literature and grammar,595,وہ اسم جو نہ خود کسی کلمے سے لفظاً ہو اور نہ ہی اس سے کوئی لفظ نکلے _____ کہلاتا ہے۔,اسم جامد,اسم مصدر,اسم مشتق,اسم نکرہ,,A,اسم جامد,,ANSWER SUPPLIED BY REVIEW,ism-e-jamid
MPT Past Papers,Urdu,Literature and grammar,596,_____ وہ اسم ہے جو اعزاز کے طور پر حکومت، بادشاہ یا عوام الناس کی طرف سے ملتا ہے۔,خطاب,لقب,کنیت,عرف,,A,خطاب,B,CORRECTED — source key was wrong,CONTESTED: a title conferred by a government or ruler is khitab; laqab is an epithet
MPT Past Papers,Urdu,Literature and grammar,597,وہ اسم جس میں جگہ یا وقت کے معنی موجود ہوں _____ کہلاتا ہے۔,اسم ظرف,اسم ظرف زمان,اسم ظرف مکان,اسم ظرف غیر محدود,,A,اسم ظرف,,ANSWER SUPPLIED BY REVIEW,ism-e-zarf
MPT Past Papers,Urdu,Official terminology,598,لفظ Economy کا درست اردو متبادل کیا ہے؟,معاش,معیشت,بچت,اقتصادی,,B,معیشت,,ANSWER SUPPLIED BY REVIEW,maeeshat
MPT Past Papers,Urdu,Official terminology,599,Noting کو دفتری اردو میں کیا کہتے ہیں؟,کیفیت نویسی,روداد نویسی,تبصرہ نویسی,ان میں سے کوئی نہیں,,A,کیفیت نویسی,,ANSWER SUPPLIED BY REVIEW,kaifiyat naveesi
MPT Past Papers,Urdu,Official terminology,600,"""برائے تعمیل"" درج ذیل میں سے کس کا درست ترجمہ ہے؟",For Compliance,For Issue,For Pursuance,For necessary action,,A,For Compliance,,ANSWER SUPPLIED BY REVIEW,For Compliance
MPT Past Papers,Urdu,Rhetoric and translation,601,کلام میں متضاد الفاظ کا استعمال کون سی صنعت کہلاتی ہے؟,صنعت تضاد,صنعت تکرار,صنعت ایہام,ان میں سے کوئی نہیں,,A,صنعت تضاد,A,VERIFIED — matches source,sanat-e-tazad
MPT Past Papers,Urdu,Rhetoric and translation,602,"""Office Memorandum"" کو دفتری اردو میں کیا کہتے ہیں؟",دفتری یادداشت,یاددہانی کا خط,نیم سرکاری خط,ان میں سے کوئی نہیں,,A,دفتری یادداشت,A,VERIFIED — matches source,daftari yaddasht
MPT Past Papers,Urdu,Rhetoric and translation,603,"""Minutes of the Meeting"" کا درست اردو متبادل کیا ہے؟",روئداد اجلاس,جلسے کے اوقات,میٹنگ نامہ,اطلاع نامہ,,A,روئداد اجلاس,A,VERIFIED — matches source,roedad-e-ijlas
MPT Past Papers,Urdu,Rhetoric and translation,604,"""Better late than never"" کا درست ترجمہ کیا ہے؟",دیر آید درست آید,جلدی کا کام شیطان کا,وقت کسی کا انتظار نہیں کرتا,ان میں سے کوئی نہیں,,A,دیر آید درست آید,A,VERIFIED — matches source,der aayad durust aayad
MPT Past Papers,Urdu,Rhetoric and translation,605,"""مثنوی"" کا تعلق کس صنف ادب سے ہے؟",نثر,شاعری,ڈراما,ان میں سے کوئی نہیں,,B,شاعری,B,VERIFIED — matches source,poetry
MPT Past Papers,Urdu,Rhetoric and translation,606,"""File"" کو دفتری اردو میں کیا کہتے ہیں؟",مَثل,مِثل,مِسل,ان میں سے کوئی نہیں,,C,مِسل,C,VERIFIED — matches source,misl
MPT Past Papers,Urdu,Vocabulary and grammar,607,وہم کی جمع کیا ہے؟,اوہام,واہمہ,توہم,واہمات,,A,اوہام,,ANSWER SUPPLIED BY REVIEW,auhaam
MPT Past Papers,Urdu,Vocabulary and grammar,608,"""خرد"" کا متضاد کیا ہے؟",عقل,دیوانگی,جنون,فہم,,C,جنون,,ANSWER SUPPLIED BY REVIEW,khirad (reason) vs junoon (madness)
MPT Past Papers,Urdu,Vocabulary and grammar,609,"""پچھم"" کس لفظ کا متضاد ہے؟",پورب,یورپ,مشرق,مغرب,,A,پورب,,ANSWER SUPPLIED BY REVIEW,pachham (west) vs poorab (east)
MPT Past Papers,Urdu,Vocabulary and grammar,610,کون سا جملہ درست ہے؟,لڑکیاں گاتیں ہیں۔,لڑکیاں گاتی ہے۔,لڑکیاں گا رہی ہیں۔,ان میں سے کوئی نہیں,,C,لڑکیاں گا رہی ہیں۔,,ANSWER SUPPLIED BY REVIEW,"""larkiyan ga rahi hain"" is the correct agreement"
MPT Past Papers,Urdu,Vocabulary and grammar,611,درست جملے پر نشان لگائیے۔,گھوڑا گاڑی بک گئیں۔,گھوڑا گاڑی بک گئی۔,گھوڑا گاڑی بک گئے۔,گھوڑا گاڑی بک گیا۔,,B,گھوڑا گاڑی بک گئی۔,,ANSWER SUPPLIED BY REVIEW,ghora gari bik gayi
MPT Past Papers,Urdu,Vocabulary and grammar,612,ہجر کا مترادف لفظ تلاش کیجیے۔,وصل,وصال,فراق,ملاقات,,C,فراق,,ANSWER SUPPLIED BY REVIEW,"hijr = firaq, separation"
MPT Past Papers,Urdu,Vocabulary and grammar,613,Acting President کو اردو میں کیا کہتے ہیں؟,عارضی صدر,اداکار صدر,وقتی صدر,قائم مقام صدر,,D,قائم مقام صدر,,ANSWER SUPPLIED BY REVIEW,qaim maqam sadr
MPT Past Papers,Urdu,Vocabulary and literature,614,"""وارث"" کی مونث کیا ہے؟",وارثہ,وارثی,وراثت,ان میں سے کوئی نہیں,,A,وارثہ,A,VERIFIED — matches source,warisa
MPT Past Papers,Urdu,Vocabulary and literature,615,"""مائدہ"" کا کیا مطلب ہے؟",دسترخوان,پیالہ,چشمہ,ان میں سے کوئی نہیں,,A,دسترخوان,A,VERIFIED — matches source,maida = dastarkhwan
MPT Past Papers,Urdu,Vocabulary and literature,616,"محاورہ ""تتر بتر ہونا"" کا مطلب کیا ہے؟",اکٹھا ہونا,بکھر جانا,خاموش ہونا,ان میں سے کوئی نہیں,,B,بکھر جانا,B,VERIFIED — matches source,to scatter
