exam,year,subject,paper_number,display_title,pdf_url,archive_page_url,exam_body,source_status,content_verification,verified_on
CSS Competitive Examination,2026,Zoology,,Zoology Past Paper 2026,https://cssaspirants.pk/wp-content/uploads/2026/07/zoology-2026.pdf,https://cssaspirants.pk/css-past-papers/zoology/,Federal Public Service Commission (FPSC),third_party_hosted_exam_paper,link_and_title_verified; PDF content not republished,2026-07-16
CSS Competitive Examination,2026,Urdu Literature,,Urdu Literature Past Paper 2026,https://cssaspirants.pk/wp-content/uploads/2026/07/urdu-literature-2026.pdf,https://cssaspirants.pk/css-past-papers/urdu-literature/,Federal Public Service Commission (FPSC),third_party_hosted_exam_paper,link_and_title_verified; PDF content not republished,2026-07-16
CSS Competitive Examination,2026,Town Planning & Urban Management,,Town Planning and Urban Management Past Paper 2026,https://cssaspirants.pk/wp-content/uploads/2026/07/town-planning-urban-management-2026.pdf,https://cssaspirants.pk/css-past-papers/town-planning-urban-management/,Federal Public Service Commission (FPSC),third_party_hosted_exam_paper,link_and_title_verified; PDF content not republished,2026-07-16
CSS Competitive Examination,2026,Statistics,,Statistics Past Paper 2026,https://cssaspirants.pk/wp-content/uploads/2026/07/statistics-2026.pdf,https://cssaspirants.pk/css-past-papers/statistics/,Federal Public Service Commission (FPSC),third_party_hosted_exam_paper,link_and_title_verified; PDF content not republished,2026-07-16
CSS Competitive Examination,2026,Sociology,,Sociology Past Paper 2026,https://cssaspirants.pk/wp-content/uploads/2026/07/sociology-2026.pdf,https://cssaspirants.pk/css-past-papers/sociology/,Federal Public Service Commission (FPSC),third_party_hosted_exam_paper,link_and_title_verified; PDF content not republished,2026-07-16
CSS Competitive Examination,2026,Sindhi,,Sindhi Past Paper 2026,https://cssaspirants.pk/wp-content/uploads/2026/07/sindhi-2026.pdf,https://cssaspirants.pk/css-past-papers/sindhi/,Federal Public Service Commission (FPSC),third_party_hosted_exam_paper,link_and_title_verified; PDF content not republished,2026-07-16
CSS Competitive Examination,2026,Pure Mathematics,,Pure Mathematics Past Paper 2026,https://cssaspirants.pk/wp-content/uploads/2026/07/pure-mathematics-2026.pdf,https://cssaspirants.pk/css-past-papers/pure-mathematics/,Federal Public Service Commission (FPSC),third_party_hosted_exam_paper,link_and_title_verified; PDF content not republished,2026-07-16
CSS Competitive Examination,2026,Punjabi,,Punjabi Past Paper 2026,https://cssaspirants.pk/wp-content/uploads/2026/07/punjabi-2026.pdf,https://cssaspirants.pk/css-past-papers/punjabi/,Federal Public Service Commission (FPSC),third_party_hosted_exam_paper,link_and_title_verified; PDF content not republished,2026-07-16
CSS Competitive Examination,2026,Public Administration,,Public Administration Past Paper 2026,https://cssaspirants.pk/wp-content/uploads/2026/07/public-administration-2026.pdf,https://cssaspirants.pk/css-past-papers/public-administration/,Federal Public Service Commission (FPSC),third_party_hosted_exam_paper,link_and_title_verified; PDF content not republished,2026-07-16
CSS Competitive Examination,2026,Psychology,,Psychology Past Paper 2026,https://cssaspirants.pk/wp-content/uploads/2026/07/psychology-2026.pdf,https://cssaspirants.pk/css-past-papers/psychology/,Federal Public Service Commission (FPSC),third_party_hosted_exam_paper,link_and_title_verified; PDF content not republished,2026-07-16
CSS Competitive Examination,2026,Political Science,,Political Science Past Paper 2026,https://cssaspirants.pk/wp-content/uploads/2026/07/political-science-2026.pdf,https://cssaspirants.pk/css-past-papers/political-science/,Federal Public Service Commission (FPSC),third_party_hosted_exam_paper,link_and_title_verified; PDF content not republished,2026-07-16
CSS Competitive Examination,2026,Physics,,Physics Past Paper 2026,https://cssaspirants.pk/wp-content/uploads/2026/07/physics-2026.pdf,https://cssaspirants.pk/css-past-papers/physics/,Federal Public Service Commission (FPSC),third_party_hosted_exam_paper,link_and_title_verified; PDF content not republished,2026-07-16
CSS Competitive Examination,2026,Philosophy,,Philosophy Past Paper 2026,https://cssaspirants.pk/wp-content/uploads/2026/07/philosophy-2026.pdf,https://cssaspirants.pk/css-past-papers/philosophy/,Federal Public Service Commission (FPSC),third_party_hosted_exam_paper,link_and_title_verified; PDF content not republished,2026-07-16
CSS Competitive Examination,2026,Pashto,,Pashto Past Paper 2026,https://cssaspirants.pk/wp-content/uploads/2026/07/pashto-2026.pdf,https://cssaspirants.pk/css-past-papers/pashto/,Federal Public Service Commission (FPSC),third_party_hosted_exam_paper,link_and_title_verified; PDF content not republished,2026-07-16
CSS Competitive Examination,2026,Pakistan Affairs,,Pakistan Affairs Past Paper 2026,https://cssaspirants.pk/wp-content/uploads/2026/07/pakistan-affairs-2026.pdf,https://cssaspirants.pk/css-past-papers/pakistan-affairs/,Federal Public Service Commission (FPSC),third_party_hosted_exam_paper,link_and_title_verified; PDF content not republished,2026-07-16
CSS Competitive Examination,2026,Muslim Law & Jurisprudence,,Muslim Law and Jurisprudence Past Paper 2026,https://cssaspirants.pk/wp-content/uploads/2026/07/muslim-law-jurisprudence-2026.pdf,https://cssaspirants.pk/css-past-papers/muslim-law-jurisprudence/,Federal Public Service Commission (FPSC),third_party_hosted_exam_paper,link_and_title_verified; PDF content not republished,2026-07-16
CSS Competitive Examination,2026,Mercantile Law,,Mercantile Law Past Paper 2026,https://cssaspirants.pk/wp-content/uploads/2026/07/mercantile-law-2026.pdf,https://cssaspirants.pk/css-past-papers/mercantile-law/,Federal Public Service Commission (FPSC),third_party_hosted_exam_paper,link_and_title_verified; PDF content not republished,2026-07-16
CSS Competitive Examination,2026,Journalism & Mass Communication,,Journalism and Mass Communication Past Paper 2026,https://cssaspirants.pk/wp-content/uploads/2026/07/journalism-mass-communication-2026.pdf,https://cssaspirants.pk/css-past-papers/journalism-mass-communication/,Federal Public Service Commission (FPSC),third_party_hosted_exam_paper,link_and_title_verified; PDF content not republished,2026-07-16
CSS Competitive Examination,2026,Islamic Studies,,Islamic Studies Past Paper 2026,https://cssaspirants.pk/wp-content/uploads/2026/07/islamic-studies-2026.pdf,https://cssaspirants.pk/css-past-papers/islamic-studies/,Federal Public Service Commission (FPSC),third_party_hosted_exam_paper,link_and_title_verified; PDF content not republished,2026-07-16
CSS Competitive Examination,2026,Islamic History & Culture,,Islamic History and Culture Past Paper 2026,https://cssaspirants.pk/wp-content/uploads/2026/07/islamic-history-culture-2026.pdf,https://cssaspirants.pk/css-past-papers/islamic-history-culture/,Federal Public Service Commission (FPSC),third_party_hosted_exam_paper,link_and_title_verified; PDF content not republished,2026-07-16
CSS Competitive Examination,2026,International Relations,,International Relations Past Paper 2026,https://cssaspirants.pk/wp-content/uploads/2026/07/international-relations-2026.pdf,https://cssaspirants.pk/css-past-papers/international-relations/,Federal Public Service Commission (FPSC),third_party_hosted_exam_paper,link_and_title_verified; PDF content not republished,2026-07-16
CSS Competitive Examination,2026,International Law,,International Law Past Paper 2026,https://cssaspirants.pk/wp-content/uploads/2026/07/international-law-2026.pdf,https://cssaspirants.pk/css-past-papers/international-law/,Federal Public Service Commission (FPSC),third_party_hosted_exam_paper,link_and_title_verified; PDF content not republished,2026-07-16
CSS Competitive Examination,2026,History of USA,,History of USA Past Paper 2026,https://cssaspirants.pk/wp-content/uploads/2026/07/history-usa-2026.pdf,https://cssaspirants.pk/css-past-papers/history-of-usa/,Federal Public Service Commission (FPSC),third_party_hosted_exam_paper,link_and_title_verified; PDF content not republished,2026-07-16
CSS Competitive Examination,2026,History of Pakistan & India,,History of Pakistan and India Past Paper 2026,https://cssaspirants.pk/wp-content/uploads/2026/07/history-pakistan-india-2026.pdf,https://cssaspirants.pk/css-past-papers/history-of-pakistan-india/,Federal Public Service Commission (FPSC),third_party_hosted_exam_paper,link_and_title_verified; PDF content not republished,2026-07-16
CSS Competitive Examination,2026,Governance & Public Policies,,Governance and Public Policies Past Paper 2026,https://cssaspirants.pk/wp-content/uploads/2026/07/governance-public-policies-2026.pdf,https://cssaspirants.pk/css-past-papers/governance-public-policies/,Federal Public Service Commission (FPSC),third_party_hosted_exam_paper,link_and_title_verified; PDF content not republished,2026-07-16
CSS Competitive Examination,2026,Geology,,Geology Past Paper 2026,https://cssaspirants.pk/wp-content/uploads/2026/07/geology-2026.pdf,https://cssaspirants.pk/css-past-papers/geology/,Federal Public Service Commission (FPSC),third_party_hosted_exam_paper,link_and_title_verified; PDF content not republished,2026-07-16
CSS Competitive Examination,2026,Geography,,Geography Past Paper 2026,https://cssaspirants.pk/wp-content/uploads/2026/07/geography-2026.pdf,https://cssaspirants.pk/css-past-papers/geography/,Federal Public Service Commission (FPSC),third_party_hosted_exam_paper,link_and_title_verified; PDF content not republished,2026-07-16
CSS Competitive Examination,2026,General Science & Ability,,General Science and Ability Past Paper 2026,https://cssaspirants.pk/wp-content/uploads/2026/07/general-science-ability-2026.pdf,https://cssaspirants.pk/css-past-papers/general-science-ability/,Federal Public Service Commission (FPSC),third_party_hosted_exam_paper,link_and_title_verified; PDF content not republished,2026-07-16
CSS Competitive Examination,2026,Gender Studies,,Gender Studies Past Paper 2026,https://cssaspirants.pk/wp-content/uploads/2026/07/gender-studies-2026.pdf,https://cssaspirants.pk/css-past-papers/gender-studies/,Federal Public Service Commission (FPSC),third_party_hosted_exam_paper,link_and_title_verified; PDF content not republished,2026-07-16
CSS Competitive Examination,2026,European History,,European History Past Paper 2026,https://cssaspirants.pk/wp-content/uploads/2026/07/european-history-2026.pdf,https://cssaspirants.pk/css-past-papers/european-history/,Federal Public Service Commission (FPSC),third_party_hosted_exam_paper,link_and_title_verified; PDF content not republished,2026-07-16
CSS Competitive Examination,2026,Environmental Sciences,,Environmental Sciences Past Paper 2026,https://cssaspirants.pk/wp-content/uploads/2026/07/environmental-sciences-2026.pdf,https://cssaspirants.pk/css-past-papers/environmental-sciences/,Federal Public Service Commission (FPSC),third_party_hosted_exam_paper,link_and_title_verified; PDF content not republished,2026-07-16
CSS Competitive Examination,2026,English Literature,,English Literature Past Paper 2026,https://cssaspirants.pk/wp-content/uploads/2026/07/english-literature-2026.pdf,https://cssaspirants.pk/css-past-papers/english-literature/,Federal Public Service Commission (FPSC),third_party_hosted_exam_paper,link_and_title_verified; PDF content not republished,2026-07-16
CSS Competitive Examination,2026,English Essay,,English Essay Past Paper 2026,https://cssaspirants.pk/wp-content/uploads/2026/07/english-essay-2026.pdf,https://cssaspirants.pk/css-past-papers/english-essay/,Federal Public Service Commission (FPSC),third_party_hosted_exam_paper,link_and_title_verified; PDF content not republished,2026-07-16
CSS Competitive Examination,2026,English (Precis and Composition),,English Precis and Composition Past Paper 2026,https://cssaspirants.pk/wp-content/uploads/2026/07/english-precis-2026.pdf,https://cssaspirants.pk/css-past-papers/english-precis-and-composition/,Federal Public Service Commission (FPSC),third_party_hosted_exam_paper,link_and_title_verified; PDF content not republished,2026-07-16
CSS Competitive Examination,2026,Economics,,Economics Past Paper 2026,https://cssaspirants.pk/wp-content/uploads/2026/07/economics-2026.pdf,https://cssaspirants.pk/css-past-papers/economics/,Federal Public Service Commission (FPSC),third_party_hosted_exam_paper,link_and_title_verified; PDF content not republished,2026-07-16
CSS Competitive Examination,2026,Current Affairs,,Current Affairs Past Paper 2026,https://cssaspirants.pk/wp-content/uploads/2026/07/current-affairs-2026.pdf,https://cssaspirants.pk/css-past-papers/current-affairs/,Federal Public Service Commission (FPSC),third_party_hosted_exam_paper,link_and_title_verified; PDF content not republished,2026-07-16
CSS Competitive Examination,2026,Criminology,,Criminology Past Paper 2026,https://cssaspirants.pk/wp-content/uploads/2026/07/criminology-2026.pdf,https://cssaspirants.pk/css-past-papers/criminology/,Federal Public Service Commission (FPSC),third_party_hosted_exam_paper,link_and_title_verified; PDF content not republished,2026-07-16
CSS Competitive Examination,2026,Constitutional Law,,Constitutional Law Past Paper 2026,https://cssaspirants.pk/wp-content/uploads/2026/07/constitutional-law-2026.pdf,https://cssaspirants.pk/css-past-papers/constitutional-law/,Federal Public Service Commission (FPSC),third_party_hosted_exam_paper,link_and_title_verified; PDF content not republished,2026-07-16
CSS Competitive Examination,2026,Computer Science,,Computer Science Past Paper 2026,https://cssaspirants.pk/wp-content/uploads/2026/07/computer-science-2026.pdf,https://cssaspirants.pk/css-past-papers/computer-science/,Federal Public Service Commission (FPSC),third_party_hosted_exam_paper,link_and_title_verified; PDF content not republished,2026-07-16
CSS Competitive Examination,2026,Chemistry,,Chemistry Past Paper 2026,https://cssaspirants.pk/wp-content/uploads/2026/07/chemistry-2026.pdf,https://cssaspirants.pk/css-past-papers/chemistry/,Federal Public Service Commission (FPSC),third_party_hosted_exam_paper,link_and_title_verified; PDF content not republished,2026-07-16
CSS Competitive Examination,2026,Business Administration,,Business Administration Past Paper 2026,https://cssaspirants.pk/wp-content/uploads/2026/07/business-administration-2026.pdf,https://cssaspirants.pk/css-past-papers/business-administration/,Federal Public Service Commission (FPSC),third_party_hosted_exam_paper,link_and_title_verified; PDF content not republished,2026-07-16
CSS Competitive Examination,2026,British History,,British History Past Paper 2026,https://cssaspirants.pk/wp-content/uploads/2026/07/british-history-2026.pdf,https://cssaspirants.pk/css-past-papers/british-history/,Federal Public Service Commission (FPSC),third_party_hosted_exam_paper,link_and_title_verified; PDF content not republished,2026-07-16
CSS Competitive Examination,2026,Botany,,Botany Past Paper 2026,https://cssaspirants.pk/wp-content/uploads/2026/07/botany-2026.pdf,https://cssaspirants.pk/css-past-papers/botany/,Federal Public Service Commission (FPSC),third_party_hosted_exam_paper,link_and_title_verified; PDF content not republished,2026-07-16
CSS Competitive Examination,2026,Balochi,,Balochi Past Paper 2026,https://cssaspirants.pk/wp-content/uploads/2026/07/balochi-2026.pdf,https://cssaspirants.pk/css-past-papers/balochi/,Federal Public Service Commission (FPSC),third_party_hosted_exam_paper,link_and_title_verified; PDF content not republished,2026-07-16
CSS Competitive Examination,2026,Applied Mathematics,,Applied Mathematics Past Paper 2026,https://cssaspirants.pk/wp-content/uploads/2026/07/applied-mathematics-2026.pdf,https://cssaspirants.pk/css-past-papers/applied-mathematics/,Federal Public Service Commission (FPSC),third_party_hosted_exam_paper,link_and_title_verified; PDF content not republished,2026-07-16
CSS Competitive Examination,2026,Anthropology,,Anthropology Past Paper 2026,https://cssaspirants.pk/wp-content/uploads/2026/07/anthropology-2026.pdf,https://cssaspirants.pk/css-past-papers/anthropology/,Federal Public Service Commission (FPSC),third_party_hosted_exam_paper,link_and_title_verified; PDF content not republished,2026-07-16
CSS Competitive Examination,2026,Agriculture & Forestry,,Agriculture and Forestry Past Paper 2026,https://cssaspirants.pk/wp-content/uploads/2026/07/agriculture-forestry-2026.pdf,https://cssaspirants.pk/css-past-papers/agriculture-forestry/,Federal Public Service Commission (FPSC),third_party_hosted_exam_paper,link_and_title_verified; PDF content not republished,2026-07-16
CSS Competitive Examination,2026,Accountancy & Auditing,,Accountancy and Auditing Past Paper 2026,https://cssaspirants.pk/wp-content/uploads/2026/07/accountancy-auditing-2026.pdf,https://cssaspirants.pk/css-past-papers/accounting-and-auditing/,Federal Public Service Commission (FPSC),third_party_hosted_exam_paper,link_and_title_verified; PDF content not republished,2026-07-16
CSS Competitive Examination,2025,Zoology,,Zoology Past Paper 2025,https://cssaspirants.pk/wp-content/uploads/2026/07/zoology-2025.pdf,https://cssaspirants.pk/css-past-papers/zoology/,Federal Public Service Commission (FPSC),third_party_hosted_exam_paper,link_and_title_verified; PDF content not republished,2026-07-16
CSS Competitive Examination,2025,Urdu Literature,,Urdu Literature Past Paper 2025,https://cssaspirants.pk/wp-content/uploads/2026/07/urdu-literature-2025.pdf,https://cssaspirants.pk/css-past-papers/urdu-literature/,Federal Public Service Commission (FPSC),third_party_hosted_exam_paper,link_and_title_verified; PDF content not republished,2026-07-16
CSS Competitive Examination,2025,Town Planning & Urban Management,,Town Planning and Urban Management Past Paper 2025,https://cssaspirants.pk/wp-content/uploads/2026/07/town-planning-urban-management-2025.pdf,https://cssaspirants.pk/css-past-papers/town-planning-urban-management/,Federal Public Service Commission (FPSC),third_party_hosted_exam_paper,link_and_title_verified; PDF content not republished,2026-07-16
CSS Competitive Examination,2025,Statistics,,Statistics Past Paper 2025,https://cssaspirants.pk/wp-content/uploads/2026/07/statistics-2025.pdf,https://cssaspirants.pk/css-past-papers/statistics/,Federal Public Service Commission (FPSC),third_party_hosted_exam_paper,link_and_title_verified; PDF content not republished,2026-07-16
CSS Competitive Examination,2025,Sociology,,Sociology Past Paper 2025,https://cssaspirants.pk/wp-content/uploads/2026/07/sociology-2025.pdf,https://cssaspirants.pk/css-past-papers/sociology/,Federal Public Service Commission (FPSC),third_party_hosted_exam_paper,link_and_title_verified; PDF content not republished,2026-07-16
CSS Competitive Examination,2025,Sindhi,,Sindhi Past Paper 2025,https://cssaspirants.pk/wp-content/uploads/2026/07/sindhi-2025.pdf,https://cssaspirants.pk/css-past-papers/sindhi/,Federal Public Service Commission (FPSC),third_party_hosted_exam_paper,link_and_title_verified; PDF content not republished,2026-07-16
CSS Competitive Examination,2025,Pure Mathematics,,Pure Mathematics Past Paper 2025,https://cssaspirants.pk/wp-content/uploads/2026/07/pure-mathematics-2025.pdf,https://cssaspirants.pk/css-past-papers/pure-mathematics/,Federal Public Service Commission (FPSC),third_party_hosted_exam_paper,link_and_title_verified; PDF content not republished,2026-07-16
CSS Competitive Examination,2025,Punjabi,,Punjabi Past Paper 2025,https://cssaspirants.pk/wp-content/uploads/2026/07/punjabi-2025.pdf,https://cssaspirants.pk/css-past-papers/punjabi/,Federal Public Service Commission (FPSC),third_party_hosted_exam_paper,link_and_title_verified; PDF content not republished,2026-07-16
CSS Competitive Examination,2025,Public Administration,,Public Administration Past Paper 2025,https://cssaspirants.pk/wp-content/uploads/2026/07/public-administration-2025.pdf,https://cssaspirants.pk/css-past-papers/public-administration/,Federal Public Service Commission (FPSC),third_party_hosted_exam_paper,link_and_title_verified; PDF content not republished,2026-07-16
CSS Competitive Examination,2025,Psychology,,Psychology Past Paper 2025,https://cssaspirants.pk/wp-content/uploads/2026/07/psychology-2025.pdf,https://cssaspirants.pk/css-past-papers/psychology/,Federal Public Service Commission (FPSC),third_party_hosted_exam_paper,link_and_title_verified; PDF content not republished,2026-07-16
CSS Competitive Examination,2025,Political Science,,Political Science Past Paper 2025,https://cssaspirants.pk/wp-content/uploads/2026/07/political-science-2025.pdf,https://cssaspirants.pk/css-past-papers/political-science/,Federal Public Service Commission (FPSC),third_party_hosted_exam_paper,link_and_title_verified; PDF content not republished,2026-07-16
CSS Competitive Examination,2025,Physics,,Physics Past Paper 2025,https://cssaspirants.pk/wp-content/uploads/2026/07/physics-2025.pdf,https://cssaspirants.pk/css-past-papers/physics/,Federal Public Service Commission (FPSC),third_party_hosted_exam_paper,link_and_title_verified; PDF content not republished,2026-07-16
CSS Competitive Examination,2025,Philosophy,,Philosophy Past Paper 2025,https://cssaspirants.pk/wp-content/uploads/2026/07/philosophy-2025.pdf,https://cssaspirants.pk/css-past-papers/philosophy/,Federal Public Service Commission (FPSC),third_party_hosted_exam_paper,link_and_title_verified; PDF content not republished,2026-07-16
CSS Competitive Examination,2025,Persian,,Persian Past Paper 2025,https://cssaspirants.pk/wp-content/uploads/2026/07/persian-2025.pdf,https://cssaspirants.pk/css-past-papers/persian/,Federal Public Service Commission (FPSC),third_party_hosted_exam_paper,link_and_title_verified; PDF content not republished,2026-07-16
CSS Competitive Examination,2025,Pashto,,Pashto Past Paper 2025,https://cssaspirants.pk/wp-content/uploads/2026/07/pashto-2025.pdf,https://cssaspirants.pk/css-past-papers/pashto/,Federal Public Service Commission (FPSC),third_party_hosted_exam_paper,link_and_title_verified; PDF content not republished,2026-07-16
CSS Competitive Examination,2025,Pakistan Affairs,,Pakistan Affairs Past Paper 2025,https://cssaspirants.pk/wp-content/uploads/2026/07/pakistan-affairs-2025.pdf,https://cssaspirants.pk/css-past-papers/pakistan-affairs/,Federal Public Service Commission (FPSC),third_party_hosted_exam_paper,link_and_title_verified; PDF content not republished,2026-07-16
CSS Competitive Examination,2025,Muslim Law & Jurisprudence,,Muslim Law and Jurisprudence Past Paper 2025,https://cssaspirants.pk/wp-content/uploads/2026/07/muslim-law-jurisprudence-2025.pdf,https://cssaspirants.pk/css-past-papers/muslim-law-jurisprudence/,Federal Public Service Commission (FPSC),third_party_hosted_exam_paper,link_and_title_verified; PDF content not republished,2026-07-16
CSS Competitive Examination,2025,Mercantile Law,,Mercantile Law Past Paper 2025,https://cssaspirants.pk/wp-content/uploads/2026/07/mercantile-law-2025.pdf,https://cssaspirants.pk/css-past-papers/mercantile-law/,Federal Public Service Commission (FPSC),third_party_hosted_exam_paper,link_and_title_verified; PDF content not republished,2026-07-16
CSS Competitive Examination,2025,Law,,Law Past Paper 2025,https://cssaspirants.pk/wp-content/uploads/2026/07/law-2025.pdf,https://cssaspirants.pk/css-past-papers/law/,Federal Public Service Commission (FPSC),third_party_hosted_exam_paper,link_and_title_verified; PDF content not republished,2026-07-16
CSS Competitive Examination,2025,Journalism & Mass Communication,,Journalism and Mass Communication Past Paper 2025,https://cssaspirants.pk/wp-content/uploads/2026/07/journalism-mass-communication-2025.pdf,https://cssaspirants.pk/css-past-papers/journalism-mass-communication/,Federal Public Service Commission (FPSC),third_party_hosted_exam_paper,link_and_title_verified; PDF content not republished,2026-07-16
CSS Competitive Examination,2025,Islamic Studies,,Islamic Studies Past Paper 2025,https://cssaspirants.pk/wp-content/uploads/2026/07/islamic-studies-2025.pdf,https://cssaspirants.pk/css-past-papers/islamic-studies/,Federal Public Service Commission (FPSC),third_party_hosted_exam_paper,link_and_title_verified; PDF content not republished,2026-07-16
CSS Competitive Examination,2025,Islamic History & Culture,,Islamic History and Culture Past Paper 2025,https://cssaspirants.pk/wp-content/uploads/2026/07/islamic-history-culture-2025.pdf,https://cssaspirants.pk/css-past-papers/islamic-history-culture/,Federal Public Service Commission (FPSC),third_party_hosted_exam_paper,link_and_title_verified; PDF content not republished,2026-07-16
CSS Competitive Examination,2025,International Relations,,International Relations Past Paper 2025,https://cssaspirants.pk/wp-content/uploads/2026/07/international-relations-2025.pdf,https://cssaspirants.pk/css-past-papers/international-relations/,Federal Public Service Commission (FPSC),third_party_hosted_exam_paper,link_and_title_verified; PDF content not republished,2026-07-16
CSS Competitive Examination,2025,International Law,,International Law Past Paper 2025,https://cssaspirants.pk/wp-content/uploads/2026/07/international-law-2025.pdf,https://cssaspirants.pk/css-past-papers/international-law/,Federal Public Service Commission (FPSC),third_party_hosted_exam_paper,link_and_title_verified; PDF content not republished,2026-07-16
CSS Competitive Examination,2025,History of USA,,History of USA Past Paper 2025,https://cssaspirants.pk/wp-content/uploads/2026/07/history-usa-2025.pdf,https://cssaspirants.pk/css-past-papers/history-of-usa/,Federal Public Service Commission (FPSC),third_party_hosted_exam_paper,link_and_title_verified; PDF content not republished,2026-07-16
CSS Competitive Examination,2025,History of Pakistan & India,,History of Pakistan and India Past Paper 2025,https://cssaspirants.pk/wp-content/uploads/2026/07/history-pakistan-india-2025.pdf,https://cssaspirants.pk/css-past-papers/history-of-pakistan-india/,Federal Public Service Commission (FPSC),third_party_hosted_exam_paper,link_and_title_verified; PDF content not republished,2026-07-16
CSS Competitive Examination,2025,Governance & Public Policies,,Governance and Public Policies Past Paper 2025,https://cssaspirants.pk/wp-content/uploads/2026/07/governance-public-policies-2025.pdf,https://cssaspirants.pk/css-past-papers/governance-public-policies/,Federal Public Service Commission (FPSC),third_party_hosted_exam_paper,link_and_title_verified; PDF content not republished,2026-07-16
CSS Competitive Examination,2025,Geology,,Geology Past Paper 2025,https://cssaspirants.pk/wp-content/uploads/2026/07/geology-2025.pdf,https://cssaspirants.pk/css-past-papers/geology/,Federal Public Service Commission (FPSC),third_party_hosted_exam_paper,link_and_title_verified; PDF content not republished,2026-07-16
CSS Competitive Examination,2025,Geography,,Geography Past Paper 2025,https://cssaspirants.pk/wp-content/uploads/2026/07/geography-2025.pdf,https://cssaspirants.pk/css-past-papers/geography/,Federal Public Service Commission (FPSC),third_party_hosted_exam_paper,link_and_title_verified; PDF content not republished,2026-07-16
CSS Competitive Examination,2025,General Science & Ability,,General Science and Ability Past Paper 2025,https://cssaspirants.pk/wp-content/uploads/2026/07/general-science-ability-2025.pdf,https://cssaspirants.pk/css-past-papers/general-science-ability/,Federal Public Service Commission (FPSC),third_party_hosted_exam_paper,link_and_title_verified; PDF content not republished,2026-07-16
CSS Competitive Examination,2025,Gender Studies,,Gender Studies Past Paper 2025,https://cssaspirants.pk/wp-content/uploads/2026/07/gender-studies-2025.pdf,https://cssaspirants.pk/css-past-papers/gender-studies/,Federal Public Service Commission (FPSC),third_party_hosted_exam_paper,link_and_title_verified; PDF content not republished,2026-07-16
CSS Competitive Examination,2025,European History,,European History Past Paper 2025,https://cssaspirants.pk/wp-content/uploads/2026/07/european-history-2025.pdf,https://cssaspirants.pk/css-past-papers/european-history/,Federal Public Service Commission (FPSC),third_party_hosted_exam_paper,link_and_title_verified; PDF content not republished,2026-07-16
CSS Competitive Examination,2025,Environmental Sciences,,Environmental Sciences Past Paper 2025,https://cssaspirants.pk/wp-content/uploads/2026/07/environmental-sciences-2025.pdf,https://cssaspirants.pk/css-past-papers/environmental-sciences/,Federal Public Service Commission (FPSC),third_party_hosted_exam_paper,link_and_title_verified; PDF content not republished,2026-07-16
CSS Competitive Examination,2025,English Literature,,English Literature Past Paper 2025,https://cssaspirants.pk/wp-content/uploads/2026/07/english-literature-2025.pdf,https://cssaspirants.pk/css-past-papers/english-literature/,Federal Public Service Commission (FPSC),third_party_hosted_exam_paper,link_and_title_verified; PDF content not republished,2026-07-16
CSS Competitive Examination,2025,English Essay,,Essay Past Paper 2025,https://cssaspirants.pk/wp-content/uploads/2026/07/english-essay-2025.pdf,https://cssaspirants.pk/css-past-papers/english-essay/,Federal Public Service Commission (FPSC),third_party_hosted_exam_paper,link_and_title_verified; PDF content not republished,2026-07-16
CSS Competitive Examination,2025,English (Precis and Composition),,English Precis and Composition Past Paper 2025,https://cssaspirants.pk/wp-content/uploads/2026/07/english-precis-2025.pdf,https://cssaspirants.pk/css-past-papers/english-precis-and-composition/,Federal Public Service Commission (FPSC),third_party_hosted_exam_paper,link_and_title_verified; PDF content not republished,2026-07-16
CSS Competitive Examination,2025,Economics,,Economics Past Paper 2025,https://cssaspirants.pk/wp-content/uploads/2026/07/economics-2025.pdf,https://cssaspirants.pk/css-past-papers/economics/,Federal Public Service Commission (FPSC),third_party_hosted_exam_paper,link_and_title_verified; PDF content not republished,2026-07-16
CSS Competitive Examination,2025,Current Affairs,,Current Affairs Past Paper 2025,https://cssaspirants.pk/wp-content/uploads/2026/07/current-affairs-2025.pdf,https://cssaspirants.pk/css-past-papers/current-affairs/,Federal Public Service Commission (FPSC),third_party_hosted_exam_paper,link_and_title_verified; PDF content not republished,2026-07-16
CSS Competitive Examination,2025,Criminology,,Criminology Past Paper 2025,https://cssaspirants.pk/wp-content/uploads/2026/07/criminology-2025.pdf,https://cssaspirants.pk/css-past-papers/criminology/,Federal Public Service Commission (FPSC),third_party_hosted_exam_paper,link_and_title_verified; PDF content not republished,2026-07-16
CSS Competitive Examination,2025,Constitutional Law,,Constitutional Law Past Paper 2025,https://cssaspirants.pk/wp-content/uploads/2026/07/constitutional-law-2025.pdf,https://cssaspirants.pk/css-past-papers/constitutional-law/,Federal Public Service Commission (FPSC),third_party_hosted_exam_paper,link_and_title_verified; PDF content not republished,2026-07-16
CSS Competitive Examination,2025,Computer Science,,Computer Science Past Paper 2025,https://cssaspirants.pk/wp-content/uploads/2026/07/computer-science-2025.pdf,https://cssaspirants.pk/css-past-papers/computer-science/,Federal Public Service Commission (FPSC),third_party_hosted_exam_paper,link_and_title_verified; PDF content not republished,2026-07-16
CSS Competitive Examination,2025,Comparative Study of Major Religions,,Comparative Study of Major Religions Past Paper 2025,https://cssaspirants.pk/wp-content/uploads/2026/07/comparative-religions-2025.pdf,https://cssaspirants.pk/css-past-papers/comparative-study-of-major-religions/,Federal Public Service Commission (FPSC),third_party_hosted_exam_paper,link_and_title_verified; PDF content not republished,2026-07-16
CSS Competitive Examination,2025,Chemistry,,Chemistry Past Paper 2025,https://cssaspirants.pk/wp-content/uploads/2026/07/chemistry-2025.pdf,https://cssaspirants.pk/css-past-papers/chemistry/,Federal Public Service Commission (FPSC),third_party_hosted_exam_paper,link_and_title_verified; PDF content not republished,2026-07-16
CSS Competitive Examination,2025,Business Administration,,Business Administration Past Paper 2025,https://cssaspirants.pk/wp-content/uploads/2026/07/business-administration-2025.pdf,https://cssaspirants.pk/css-past-papers/business-administration/,Federal Public Service Commission (FPSC),third_party_hosted_exam_paper,link_and_title_verified; PDF content not republished,2026-07-16
CSS Competitive Examination,2025,British History,,British History Past Paper 2025,https://cssaspirants.pk/wp-content/uploads/2026/07/british-history-2025.pdf,https://cssaspirants.pk/css-past-papers/british-history/,Federal Public Service Commission (FPSC),third_party_hosted_exam_paper,link_and_title_verified; PDF content not republished,2026-07-16
CSS Competitive Examination,2025,Botany,,Botany Past Paper 2025,https://cssaspirants.pk/wp-content/uploads/2026/07/botany-2025.pdf,https://cssaspirants.pk/css-past-papers/botany/,Federal Public Service Commission (FPSC),third_party_hosted_exam_paper,link_and_title_verified; PDF content not republished,2026-07-16
CSS Competitive Examination,2025,Balochi,,Balochi Past Paper 2025,https://cssaspirants.pk/wp-content/uploads/2026/07/balochi-2025.pdf,https://cssaspirants.pk/css-past-papers/balochi/,Federal Public Service Commission (FPSC),third_party_hosted_exam_paper,link_and_title_verified; PDF content not republished,2026-07-16
CSS Competitive Examination,2025,Arabic,,Arabic Past Paper 2025,https://cssaspirants.pk/wp-content/uploads/2026/07/arabic-2025.pdf,https://cssaspirants.pk/css-past-papers/arabic/,Federal Public Service Commission (FPSC),third_party_hosted_exam_paper,link_and_title_verified; PDF content not republished,2026-07-16
CSS Competitive Examination,2025,Applied Mathematics,,Applied Mathematics Past Paper 2025,https://cssaspirants.pk/wp-content/uploads/2026/07/applied-mathematics-2025.pdf,https://cssaspirants.pk/css-past-papers/applied-mathematics/,Federal Public Service Commission (FPSC),third_party_hosted_exam_paper,link_and_title_verified; PDF content not republished,2026-07-16
CSS Competitive Examination,2025,Anthropology,,Anthropology Past Paper 2025,https://cssaspirants.pk/wp-content/uploads/2026/07/anthropology-2025.pdf,https://cssaspirants.pk/css-past-papers/anthropology/,Federal Public Service Commission (FPSC),third_party_hosted_exam_paper,link_and_title_verified; PDF content not republished,2026-07-16
CSS Competitive Examination,2025,Agriculture & Forestry,,Agriculture and Forestry Past Paper 2025,https://cssaspirants.pk/wp-content/uploads/2026/07/agriculture-forestry-2025.pdf,https://cssaspirants.pk/css-past-papers/agriculture-forestry/,Federal Public Service Commission (FPSC),third_party_hosted_exam_paper,link_and_title_verified; PDF content not republished,2026-07-16
CSS Competitive Examination,2025,Accountancy & Auditing,,Accountancy and Auditing Past Paper 2025,https://cssaspirants.pk/wp-content/uploads/2026/07/accountancy-auditing-2025.pdf,https://cssaspirants.pk/css-past-papers/accounting-and-auditing/,Federal Public Service Commission (FPSC),third_party_hosted_exam_paper,link_and_title_verified; PDF content not republished,2026-07-16
CSS Competitive Examination,2024,Zoology,,Zoology Past Paper 2024,https://cssaspirants.pk/wp-content/uploads/2026/07/zoology-2024.pdf,https://cssaspirants.pk/css-past-papers/zoology/,Federal Public Service Commission (FPSC),third_party_hosted_exam_paper,link_and_title_verified; PDF content not republished,2026-07-16
CSS Competitive Examination,2024,Urdu Literature,,Urdu Literature Past Paper 2024,https://cssaspirants.pk/wp-content/uploads/2026/07/urdu-literature-2024.pdf,https://cssaspirants.pk/css-past-papers/urdu-literature/,Federal Public Service Commission (FPSC),third_party_hosted_exam_paper,link_and_title_verified; PDF content not republished,2026-07-16
CSS Competitive Examination,2024,Town Planning & Urban Management,,Town Planning and Urban Management Past Paper 2024,https://cssaspirants.pk/wp-content/uploads/2026/07/town-planning-urban-management-2024.pdf,https://cssaspirants.pk/css-past-papers/town-planning-urban-management/,Federal Public Service Commission (FPSC),third_party_hosted_exam_paper,link_and_title_verified; PDF content not republished,2026-07-16
CSS Competitive Examination,2024,Statistics,,Statistics Past Paper 2024,https://cssaspirants.pk/wp-content/uploads/2026/07/statistics-2024.pdf,https://cssaspirants.pk/css-past-papers/statistics/,Federal Public Service Commission (FPSC),third_party_hosted_exam_paper,link_and_title_verified; PDF content not republished,2026-07-16
CSS Competitive Examination,2024,Sociology,,Sociology Past Paper 2024,https://cssaspirants.pk/wp-content/uploads/2026/07/sociology-2024.pdf,https://cssaspirants.pk/css-past-papers/sociology/,Federal Public Service Commission (FPSC),third_party_hosted_exam_paper,link_and_title_verified; PDF content not republished,2026-07-16
CSS Competitive Examination,2024,Sindhi,,Sindhi Past Paper 2024,https://cssaspirants.pk/wp-content/uploads/2026/07/sindhi-2024.pdf,https://cssaspirants.pk/css-past-papers/sindhi/,Federal Public Service Commission (FPSC),third_party_hosted_exam_paper,link_and_title_verified; PDF content not republished,2026-07-16
CSS Competitive Examination,2024,Pure Mathematics,,Pure Mathematics Past Paper 2024,https://cssaspirants.pk/wp-content/uploads/2026/07/pure-mathematics-2024.pdf,https://cssaspirants.pk/css-past-papers/pure-mathematics/,Federal Public Service Commission (FPSC),third_party_hosted_exam_paper,link_and_title_verified; PDF content not republished,2026-07-16
CSS Competitive Examination,2024,Punjabi,,Punjabi Past Paper 2024,https://cssaspirants.pk/wp-content/uploads/2026/07/punjabi-2024.pdf,https://cssaspirants.pk/css-past-papers/punjabi/,Federal Public Service Commission (FPSC),third_party_hosted_exam_paper,link_and_title_verified; PDF content not republished,2026-07-16
CSS Competitive Examination,2024,Public Administration,,Public Administration Past Paper 2024,https://cssaspirants.pk/wp-content/uploads/2026/07/public-administration-2024.pdf,https://cssaspirants.pk/css-past-papers/public-administration/,Federal Public Service Commission (FPSC),third_party_hosted_exam_paper,link_and_title_verified; PDF content not republished,2026-07-16
CSS Competitive Examination,2024,Psychology,,Psychology Past Paper 2024,https://cssaspirants.pk/wp-content/uploads/2026/07/psychology-2024.pdf,https://cssaspirants.pk/css-past-papers/psychology/,Federal Public Service Commission (FPSC),third_party_hosted_exam_paper,link_and_title_verified; PDF content not republished,2026-07-16
CSS Competitive Examination,2024,Political Science,,Political Science Past Paper 2024,https://cssaspirants.pk/wp-content/uploads/2026/07/political-science-2024.pdf,https://cssaspirants.pk/css-past-papers/political-science/,Federal Public Service Commission (FPSC),third_party_hosted_exam_paper,link_and_title_verified; PDF content not republished,2026-07-16
CSS Competitive Examination,2024,Physics,,Physics Past Paper 2024,https://cssaspirants.pk/wp-content/uploads/2026/07/physics-2024.pdf,https://cssaspirants.pk/css-past-papers/physics/,Federal Public Service Commission (FPSC),third_party_hosted_exam_paper,link_and_title_verified; PDF content not republished,2026-07-16
CSS Competitive Examination,2024,Philosophy,,Philosophy Past Paper 2024,https://cssaspirants.pk/wp-content/uploads/2026/07/philosophy-2024-1.pdf,https://cssaspirants.pk/css-past-papers/philosophy/,Federal Public Service Commission (FPSC),third_party_hosted_exam_paper,link_and_title_verified; PDF content not republished,2026-07-16
CSS Competitive Examination,2024,Persian,,Persian Past Paper 2024,https://cssaspirants.pk/wp-content/uploads/2026/07/persian-2024.pdf,https://cssaspirants.pk/css-past-papers/persian/,Federal Public Service Commission (FPSC),third_party_hosted_exam_paper,link_and_title_verified; PDF content not republished,2026-07-16
CSS Competitive Examination,2024,Pashto,,Pashto Past Paper 2024,https://cssaspirants.pk/wp-content/uploads/2026/07/pashto-2024.pdf,https://cssaspirants.pk/css-past-papers/pashto/,Federal Public Service Commission (FPSC),third_party_hosted_exam_paper,link_and_title_verified; PDF content not republished,2026-07-16
CSS Competitive Examination,2024,Pakistan Affairs,,Pakistan Affairs Past Paper 2024,https://cssaspirants.pk/wp-content/uploads/2026/07/pakistan-affairs-2024.pdf,https://cssaspirants.pk/css-past-papers/pakistan-affairs/,Federal Public Service Commission (FPSC),third_party_hosted_exam_paper,link_and_title_verified; PDF content not republished,2026-07-16
CSS Competitive Examination,2024,Muslim Law & Jurisprudence,,Muslim Law and Jurisprudence Past Paper 2024,https://cssaspirants.pk/wp-content/uploads/2026/07/muslim-law-jurisprudence-2024.pdf,https://cssaspirants.pk/css-past-papers/muslim-law-jurisprudence/,Federal Public Service Commission (FPSC),third_party_hosted_exam_paper,link_and_title_verified; PDF content not republished,2026-07-16
CSS Competitive Examination,2024,Mercantile Law,,Mercantile Law Past Paper 2024,https://cssaspirants.pk/wp-content/uploads/2026/07/mercantile-law-2024.pdf,https://cssaspirants.pk/css-past-papers/mercantile-law/,Federal Public Service Commission (FPSC),third_party_hosted_exam_paper,link_and_title_verified; PDF content not republished,2026-07-16
CSS Competitive Examination,2024,Law,,Law Past Paper 2024,https://cssaspirants.pk/wp-content/uploads/2026/07/law-2024.pdf,https://cssaspirants.pk/css-past-papers/law/,Federal Public Service Commission (FPSC),third_party_hosted_exam_paper,link_and_title_verified; PDF content not republished,2026-07-16
CSS Competitive Examination,2024,Journalism & Mass Communication,,Journalism and Mass Communication Past Paper 2024,https://cssaspirants.pk/wp-content/uploads/2026/07/journalism-mass-communication-2024.pdf,https://cssaspirants.pk/css-past-papers/journalism-mass-communication/,Federal Public Service Commission (FPSC),third_party_hosted_exam_paper,link_and_title_verified; PDF content not republished,2026-07-16
CSS Competitive Examination,2024,Islamic Studies,,Islamic Studies Past Paper 2024,https://cssaspirants.pk/wp-content/uploads/2026/07/islamic-studies-2024.pdf,https://cssaspirants.pk/css-past-papers/islamic-studies/,Federal Public Service Commission (FPSC),third_party_hosted_exam_paper,link_and_title_verified; PDF content not republished,2026-07-16
CSS Competitive Examination,2024,Islamic History & Culture,,Islamic History and Culture Past Paper 2024,https://cssaspirants.pk/wp-content/uploads/2026/07/islamic-history-culture-2024.pdf,https://cssaspirants.pk/css-past-papers/islamic-history-culture/,Federal Public Service Commission (FPSC),third_party_hosted_exam_paper,link_and_title_verified; PDF content not republished,2026-07-16
CSS Competitive Examination,2024,International Relations,,International Relations Past Paper 2024,https://cssaspirants.pk/wp-content/uploads/2026/07/international-relations-2024.pdf,https://cssaspirants.pk/css-past-papers/international-relations/,Federal Public Service Commission (FPSC),third_party_hosted_exam_paper,link_and_title_verified; PDF content not republished,2026-07-16
CSS Competitive Examination,2024,International Law,,International Law Past Paper 2024,https://cssaspirants.pk/wp-content/uploads/2026/07/international-law-2024.pdf,https://cssaspirants.pk/css-past-papers/international-law/,Federal Public Service Commission (FPSC),third_party_hosted_exam_paper,link_and_title_verified; PDF content not republished,2026-07-16
CSS Competitive Examination,2024,History of USA,,History of USA Past Paper 2024,https://cssaspirants.pk/wp-content/uploads/2026/07/history-usa-2024.pdf,https://cssaspirants.pk/css-past-papers/history-of-usa/,Federal Public Service Commission (FPSC),third_party_hosted_exam_paper,link_and_title_verified; PDF content not republished,2026-07-16
CSS Competitive Examination,2024,History of Pakistan & India,,History of Pakistan and India Past Paper 2024,https://cssaspirants.pk/wp-content/uploads/2026/07/history-pakistan-india-2024.pdf,https://cssaspirants.pk/css-past-papers/history-of-pakistan-india/,Federal Public Service Commission (FPSC),third_party_hosted_exam_paper,link_and_title_verified; PDF content not republished,2026-07-16
CSS Competitive Examination,2024,Governance & Public Policies,,Governance and Public Policies Past Paper 2024,https://cssaspirants.pk/wp-content/uploads/2026/07/governance-public-policies-2024.pdf,https://cssaspirants.pk/css-past-papers/governance-public-policies/,Federal Public Service Commission (FPSC),third_party_hosted_exam_paper,link_and_title_verified; PDF content not republished,2026-07-16
CSS Competitive Examination,2024,Geology,,Geology Past Paper 2024,https://cssaspirants.pk/wp-content/uploads/2026/07/geology-2024.pdf,https://cssaspirants.pk/css-past-papers/geology/,Federal Public Service Commission (FPSC),third_party_hosted_exam_paper,link_and_title_verified; PDF content not republished,2026-07-16
CSS Competitive Examination,2024,Geography,,Geography Past Paper 2024,https://cssaspirants.pk/wp-content/uploads/2026/07/geography-2024.pdf,https://cssaspirants.pk/css-past-papers/geography/,Federal Public Service Commission (FPSC),third_party_hosted_exam_paper,link_and_title_verified; PDF content not republished,2026-07-16
CSS Competitive Examination,2024,General Science & Ability,,General Science and Ability Past Paper 2024,https://cssaspirants.pk/wp-content/uploads/2026/07/general-science-ability-2024.pdf,https://cssaspirants.pk/css-past-papers/general-science-ability/,Federal Public Service Commission (FPSC),third_party_hosted_exam_paper,link_and_title_verified; PDF content not republished,2026-07-16
CSS Competitive Examination,2024,Gender Studies,,Gender Studies Past Paper 2024,https://cssaspirants.pk/wp-content/uploads/2026/07/gender-studies-2024.pdf,https://cssaspirants.pk/css-past-papers/gender-studies/,Federal Public Service Commission (FPSC),third_party_hosted_exam_paper,link_and_title_verified; PDF content not republished,2026-07-16
CSS Competitive Examination,2024,European History,,European History Past Paper 2024,https://cssaspirants.pk/wp-content/uploads/2026/07/european-history-2024.pdf,https://cssaspirants.pk/css-past-papers/european-history/,Federal Public Service Commission (FPSC),third_party_hosted_exam_paper,link_and_title_verified; PDF content not republished,2026-07-16
CSS Competitive Examination,2024,Environmental Sciences,,Environmental Sciences Past Paper 2024,https://cssaspirants.pk/wp-content/uploads/2026/07/environmental-sciences-2024.pdf,https://cssaspirants.pk/css-past-papers/environmental-sciences/,Federal Public Service Commission (FPSC),third_party_hosted_exam_paper,link_and_title_verified; PDF content not republished,2026-07-16
CSS Competitive Examination,2024,English Literature,,English Literature Past Paper 2024,https://cssaspirants.pk/wp-content/uploads/2026/07/english-literature-2024.pdf,https://cssaspirants.pk/css-past-papers/english-literature/,Federal Public Service Commission (FPSC),third_party_hosted_exam_paper,link_and_title_verified; PDF content not republished,2026-07-16
CSS Competitive Examination,2024,English Essay,,Essay Past Paper 2024,https://cssaspirants.pk/wp-content/uploads/2026/07/english-essay-2024.pdf,https://cssaspirants.pk/css-past-papers/english-essay/,Federal Public Service Commission (FPSC),third_party_hosted_exam_paper,link_and_title_verified; PDF content not republished,2026-07-16
CSS Competitive Examination,2024,English (Precis and Composition),,English Precis and Composition Past Paper 2024,https://cssaspirants.pk/wp-content/uploads/2026/07/english-precis-2024.pdf,https://cssaspirants.pk/css-past-papers/english-precis-and-composition/,Federal Public Service Commission (FPSC),third_party_hosted_exam_paper,link_and_title_verified; PDF content not republished,2026-07-16
CSS Competitive Examination,2024,Economics,,Economics Past Paper 2024,https://cssaspirants.pk/wp-content/uploads/2026/07/economics-2024.pdf,https://cssaspirants.pk/css-past-papers/economics/,Federal Public Service Commission (FPSC),third_party_hosted_exam_paper,link_and_title_verified; PDF content not republished,2026-07-16
CSS Competitive Examination,2024,Current Affairs,,Current Affairs Past Paper 2024,https://cssaspirants.pk/wp-content/uploads/2026/07/current-affairs-2024.pdf,https://cssaspirants.pk/css-past-papers/current-affairs/,Federal Public Service Commission (FPSC),third_party_hosted_exam_paper,link_and_title_verified; PDF content not republished,2026-07-16
CSS Competitive Examination,2024,Criminology,,Criminology Past Paper 2024,https://cssaspirants.pk/wp-content/uploads/2026/07/criminology-2024.pdf,https://cssaspirants.pk/css-past-papers/criminology/,Federal Public Service Commission (FPSC),third_party_hosted_exam_paper,link_and_title_verified; PDF content not republished,2026-07-16
CSS Competitive Examination,2024,Constitutional Law,,Constitutional Law Past Paper 2024,https://cssaspirants.pk/wp-content/uploads/2026/07/constitutional-law-2024.pdf,https://cssaspirants.pk/css-past-papers/constitutional-law/,Federal Public Service Commission (FPSC),third_party_hosted_exam_paper,link_and_title_verified; PDF content not republished,2026-07-16
CSS Competitive Examination,2024,Computer Science,,Computer Science Past Paper 2024,https://cssaspirants.pk/wp-content/uploads/2026/07/computer-science-2024.pdf,https://cssaspirants.pk/css-past-papers/computer-science/,Federal Public Service Commission (FPSC),third_party_hosted_exam_paper,link_and_title_verified; PDF content not republished,2026-07-16
CSS Competitive Examination,2024,Comparative Study of Major Religions,,Comparative Study of Major Religions Past Paper 2024,https://cssaspirants.pk/wp-content/uploads/2026/07/comparative-religions-2024.pdf,https://cssaspirants.pk/css-past-papers/comparative-study-of-major-religions/,Federal Public Service Commission (FPSC),third_party_hosted_exam_paper,link_and_title_verified; PDF content not republished,2026-07-16
CSS Competitive Examination,2024,Chemistry,,Chemistry Past Paper 2024,https://cssaspirants.pk/wp-content/uploads/2026/07/chemistry-2024.pdf,https://cssaspirants.pk/css-past-papers/chemistry/,Federal Public Service Commission (FPSC),third_party_hosted_exam_paper,link_and_title_verified; PDF content not republished,2026-07-16
CSS Competitive Examination,2024,Business Administration,,Business Administration Past Paper 2024,https://cssaspirants.pk/wp-content/uploads/2026/07/business-administration-2024.pdf,https://cssaspirants.pk/css-past-papers/business-administration/,Federal Public Service Commission (FPSC),third_party_hosted_exam_paper,link_and_title_verified; PDF content not republished,2026-07-16
CSS Competitive Examination,2024,British History,,British History Past Paper 2024,https://cssaspirants.pk/wp-content/uploads/2026/07/british-history-2024.pdf,https://cssaspirants.pk/css-past-papers/british-history/,Federal Public Service Commission (FPSC),third_party_hosted_exam_paper,link_and_title_verified; PDF content not republished,2026-07-16
CSS Competitive Examination,2024,Botany,,Botany Past Paper 2024,https://cssaspirants.pk/wp-content/uploads/2026/07/botany-2024.pdf,https://cssaspirants.pk/css-past-papers/botany/,Federal Public Service Commission (FPSC),third_party_hosted_exam_paper,link_and_title_verified; PDF content not republished,2026-07-16
CSS Competitive Examination,2024,Balochi,,Balochi Past Paper 2024,https://cssaspirants.pk/wp-content/uploads/2026/07/balochi-2024.pdf,https://cssaspirants.pk/css-past-papers/balochi/,Federal Public Service Commission (FPSC),third_party_hosted_exam_paper,link_and_title_verified; PDF content not republished,2026-07-16
CSS Competitive Examination,2024,Arabic,,Arabic Past Paper 2024,https://cssaspirants.pk/wp-content/uploads/2026/07/arabic-2024.pdf,https://cssaspirants.pk/css-past-papers/arabic/,Federal Public Service Commission (FPSC),third_party_hosted_exam_paper,link_and_title_verified; PDF content not republished,2026-07-16
CSS Competitive Examination,2024,Applied Mathematics,,Applied Mathematics Past Paper 2024,https://cssaspirants.pk/wp-content/uploads/2026/07/applied-mathematics-2024.pdf,https://cssaspirants.pk/css-past-papers/applied-mathematics/,Federal Public Service Commission (FPSC),third_party_hosted_exam_paper,link_and_title_verified; PDF content not republished,2026-07-16
CSS Competitive Examination,2024,Anthropology,,Anthropology Past Paper 2024,https://cssaspirants.pk/wp-content/uploads/2026/07/anthropology-2024.pdf,https://cssaspirants.pk/css-past-papers/anthropology/,Federal Public Service Commission (FPSC),third_party_hosted_exam_paper,link_and_title_verified; PDF content not republished,2026-07-16
CSS Competitive Examination,2024,Agriculture & Forestry,,Agriculture and Forestry Past Paper 2024,https://cssaspirants.pk/wp-content/uploads/2026/07/agriculture-forestry-2024.pdf,https://cssaspirants.pk/css-past-papers/agriculture-forestry/,Federal Public Service Commission (FPSC),third_party_hosted_exam_paper,link_and_title_verified; PDF content not republished,2026-07-16
CSS Competitive Examination,2024,Accountancy & Auditing,,Accountancy and Auditing Past Paper 2024,https://cssaspirants.pk/wp-content/uploads/2026/07/accountancy-auditing-2024.pdf,https://cssaspirants.pk/css-past-papers/accounting-and-auditing/,Federal Public Service Commission (FPSC),third_party_hosted_exam_paper,link_and_title_verified; PDF content not republished,2026-07-16
CSS Competitive Examination,2023,Zoology,,Zoology Past Paper 2023,https://cssaspirants.pk/wp-content/uploads/2026/07/zoology-2023.pdf,https://cssaspirants.pk/css-past-papers/zoology/,Federal Public Service Commission (FPSC),third_party_hosted_exam_paper,link_and_title_verified; PDF content not republished,2026-07-16
CSS Competitive Examination,2023,Urdu Literature,,Urdu Literature Past Paper 2023,https://cssaspirants.pk/wp-content/uploads/2026/07/urdu-literature-2023.pdf,https://cssaspirants.pk/css-past-papers/urdu-literature/,Federal Public Service Commission (FPSC),third_party_hosted_exam_paper,link_and_title_verified; PDF content not republished,2026-07-16
CSS Competitive Examination,2023,Town Planning & Urban Management,,Town Planning and Urban Management Past Paper 2023,https://cssaspirants.pk/wp-content/uploads/2026/07/town-planning-urban-management-2023.pdf,https://cssaspirants.pk/css-past-papers/town-planning-urban-management/,Federal Public Service Commission (FPSC),third_party_hosted_exam_paper,link_and_title_verified; PDF content not republished,2026-07-16
CSS Competitive Examination,2023,Statistics,,Statistics Past Paper 2023,https://cssaspirants.pk/wp-content/uploads/2026/07/statistics-2023.pdf,https://cssaspirants.pk/css-past-papers/statistics/,Federal Public Service Commission (FPSC),third_party_hosted_exam_paper,link_and_title_verified; PDF content not republished,2026-07-16
CSS Competitive Examination,2023,Sociology,,Sociology Past Paper 2023,https://cssaspirants.pk/wp-content/uploads/2026/07/sociology-2023.pdf,https://cssaspirants.pk/css-past-papers/sociology/,Federal Public Service Commission (FPSC),third_party_hosted_exam_paper,link_and_title_verified; PDF content not republished,2026-07-16
CSS Competitive Examination,2023,Sindhi,,Sindhi Past Paper 2023,https://cssaspirants.pk/wp-content/uploads/2026/07/sindhi-2023.pdf,https://cssaspirants.pk/css-past-papers/sindhi/,Federal Public Service Commission (FPSC),third_party_hosted_exam_paper,link_and_title_verified; PDF content not republished,2026-07-16
CSS Competitive Examination,2023,Pure Mathematics,,Pure Mathematics Past Paper 2023,https://cssaspirants.pk/wp-content/uploads/2026/07/pure-mathematics-2023.pdf,https://cssaspirants.pk/css-past-papers/pure-mathematics/,Federal Public Service Commission (FPSC),third_party_hosted_exam_paper,link_and_title_verified; PDF content not republished,2026-07-16
CSS Competitive Examination,2023,Punjabi,,Punjabi Past Paper 2023,https://cssaspirants.pk/wp-content/uploads/2026/07/punjabi-2023.pdf,https://cssaspirants.pk/css-past-papers/punjabi/,Federal Public Service Commission (FPSC),third_party_hosted_exam_paper,link_and_title_verified; PDF content not republished,2026-07-16
CSS Competitive Examination,2023,Public Administration,,Public Administration Past Paper 2023,https://cssaspirants.pk/wp-content/uploads/2026/07/public-administration-2023.pdf,https://cssaspirants.pk/css-past-papers/public-administration/,Federal Public Service Commission (FPSC),third_party_hosted_exam_paper,link_and_title_verified; PDF content not republished,2026-07-16
CSS Competitive Examination,2023,Psychology,,Psychology Past Paper 2023,https://cssaspirants.pk/wp-content/uploads/2026/07/psychology-2023.pdf,https://cssaspirants.pk/css-past-papers/psychology/,Federal Public Service Commission (FPSC),third_party_hosted_exam_paper,link_and_title_verified; PDF content not republished,2026-07-16
CSS Competitive Examination,2023,Political Science,,Political Science Past Paper 2023,https://cssaspirants.pk/wp-content/uploads/2024/06/Political-Science-2023.pdf,https://cssaspirants.pk/css-past-papers/political-science/,Federal Public Service Commission (FPSC),third_party_hosted_exam_paper,link_and_title_verified; PDF content not republished,2026-07-16
CSS Competitive Examination,2023,Physics,,Physics Past Paper 2023,https://cssaspirants.pk/wp-content/uploads/2026/07/physics-2023.pdf,https://cssaspirants.pk/css-past-papers/physics/,Federal Public Service Commission (FPSC),third_party_hosted_exam_paper,link_and_title_verified; PDF content not republished,2026-07-16
CSS Competitive Examination,2023,Philosophy,,Philosophy Past Paper 2023,https://cssaspirants.pk/wp-content/uploads/2026/07/philosophy-2023.pdf,https://cssaspirants.pk/css-past-papers/philosophy/,Federal Public Service Commission (FPSC),third_party_hosted_exam_paper,link_and_title_verified; PDF content not republished,2026-07-16
CSS Competitive Examination,2023,Persian,,Persian Past Paper 2023,https://cssaspirants.pk/wp-content/uploads/2026/07/persian-2023.pdf,https://cssaspirants.pk/css-past-papers/persian/,Federal Public Service Commission (FPSC),third_party_hosted_exam_paper,link_and_title_verified; PDF content not republished,2026-07-16
CSS Competitive Examination,2023,Pashto,,Pashto Past Paper 2023,https://cssaspirants.pk/wp-content/uploads/2026/07/pashto-2023.pdf,https://cssaspirants.pk/css-past-papers/pashto/,Federal Public Service Commission (FPSC),third_party_hosted_exam_paper,link_and_title_verified; PDF content not republished,2026-07-16
CSS Competitive Examination,2023,Pakistan Affairs,,Pakistan Affairs Past Paper 2023,https://cssaspirants.pk/wp-content/uploads/2023/10/Pakistan-Affairs-2023.pdf,https://cssaspirants.pk/css-past-papers/pakistan-affairs/,Federal Public Service Commission (FPSC),third_party_hosted_exam_paper,link_and_title_verified; PDF content not republished,2026-07-16
CSS Competitive Examination,2023,Muslim Law & Jurisprudence,,Muslim Law and Jurisprudence Past Paper 2023,https://cssaspirants.pk/wp-content/uploads/2026/07/muslim-law-jurisprudence-2023.pdf,https://cssaspirants.pk/css-past-papers/muslim-law-jurisprudence/,Federal Public Service Commission (FPSC),third_party_hosted_exam_paper,link_and_title_verified; PDF content not republished,2026-07-16
CSS Competitive Examination,2023,Mercantile Law,,Mercantile Law Past Paper 2023,https://cssaspirants.pk/wp-content/uploads/2026/07/mercantile-law-2023.pdf,https://cssaspirants.pk/css-past-papers/mercantile-law/,Federal Public Service Commission (FPSC),third_party_hosted_exam_paper,link_and_title_verified; PDF content not republished,2026-07-16
CSS Competitive Examination,2023,Law,,Law Past Paper 2023,https://cssaspirants.pk/wp-content/uploads/2026/07/law-2023.pdf,https://cssaspirants.pk/css-past-papers/law/,Federal Public Service Commission (FPSC),third_party_hosted_exam_paper,link_and_title_verified; PDF content not republished,2026-07-16
CSS Competitive Examination,2023,Journalism & Mass Communication,,Journalism and Mass Communication Past Paper 2023,https://cssaspirants.pk/wp-content/uploads/2026/07/journalism-mass-communication-2023.pdf,https://cssaspirants.pk/css-past-papers/journalism-mass-communication/,Federal Public Service Commission (FPSC),third_party_hosted_exam_paper,link_and_title_verified; PDF content not republished,2026-07-16
CSS Competitive Examination,2023,Islamic Studies,,Islamiat Past Paper 2023,https://cssaspirants.pk/wp-content/uploads/2023/10/Islamic-Studies-2023.pdf,https://cssaspirants.pk/css-past-papers/islamic-studies/,Federal Public Service Commission (FPSC),third_party_hosted_exam_paper,link_and_title_verified; PDF content not republished,2026-07-16
CSS Competitive Examination,2023,Islamic History & Culture,,Islamic History and Culture Past Paper 2023,https://cssaspirants.pk/wp-content/uploads/2026/07/islamic-history-culture-2023.pdf,https://cssaspirants.pk/css-past-papers/islamic-history-culture/,Federal Public Service Commission (FPSC),third_party_hosted_exam_paper,link_and_title_verified; PDF content not republished,2026-07-16
CSS Competitive Examination,2023,International Relations,,International Relations Past Paper 2023,https://cssaspirants.pk/wp-content/uploads/2024/06/International-Relations-2023.pdf,https://cssaspirants.pk/css-past-papers/international-relations/,Federal Public Service Commission (FPSC),third_party_hosted_exam_paper,link_and_title_verified; PDF content not republished,2026-07-16
CSS Competitive Examination,2023,History of USA,,History of USA Past Paper 2023,https://cssaspirants.pk/wp-content/uploads/2026/07/history-usa-2023.pdf,https://cssaspirants.pk/css-past-papers/history-of-usa/,Federal Public Service Commission (FPSC),third_party_hosted_exam_paper,link_and_title_verified; PDF content not republished,2026-07-16
CSS Competitive Examination,2023,History of Pakistan & India,,History of Pakistan and India Past Paper 2023,https://cssaspirants.pk/wp-content/uploads/2026/07/history-pakistan-india-2023.pdf,https://cssaspirants.pk/css-past-papers/history-of-pakistan-india/,Federal Public Service Commission (FPSC),third_party_hosted_exam_paper,link_and_title_verified; PDF content not republished,2026-07-16
CSS Competitive Examination,2023,Governance & Public Policies,,Governance and Public Policies Past Paper 2023,https://cssaspirants.pk/wp-content/uploads/2026/07/governance-public-policies-2023.pdf,https://cssaspirants.pk/css-past-papers/governance-public-policies/,Federal Public Service Commission (FPSC),third_party_hosted_exam_paper,link_and_title_verified; PDF content not republished,2026-07-16
CSS Competitive Examination,2023,Geology,,Geology Past Paper 2023,https://cssaspirants.pk/wp-content/uploads/2026/07/geology-2023.pdf,https://cssaspirants.pk/css-past-papers/geology/,Federal Public Service Commission (FPSC),third_party_hosted_exam_paper,link_and_title_verified; PDF content not republished,2026-07-16
CSS Competitive Examination,2023,Geography,,Geography Past Paper 2023,https://cssaspirants.pk/wp-content/uploads/2026/07/geography-2023.pdf,https://cssaspirants.pk/css-past-papers/geography/,Federal Public Service Commission (FPSC),third_party_hosted_exam_paper,link_and_title_verified; PDF content not republished,2026-07-16
CSS Competitive Examination,2023,General Science & Ability,,General Science & Ability Past Paper 2023,https://cssaspirants.pk/wp-content/uploads/2023/10/General-Science-Ability-2023.pdf,https://cssaspirants.pk/css-past-papers/general-science-ability/,Federal Public Service Commission (FPSC),third_party_hosted_exam_paper,link_and_title_verified; PDF content not republished,2026-07-16
CSS Competitive Examination,2023,Gender Studies,,Gender Studies Past Paper 2023,https://cssaspirants.pk/wp-content/uploads/2026/07/gender-studies-2023.pdf,https://cssaspirants.pk/css-past-papers/gender-studies/,Federal Public Service Commission (FPSC),third_party_hosted_exam_paper,link_and_title_verified; PDF content not republished,2026-07-16
CSS Competitive Examination,2023,European History,,European History Past Paper 2023,https://cssaspirants.pk/wp-content/uploads/2026/07/european-history-2023.pdf,https://cssaspirants.pk/css-past-papers/european-history/,Federal Public Service Commission (FPSC),third_party_hosted_exam_paper,link_and_title_verified; PDF content not republished,2026-07-16
CSS Competitive Examination,2023,Environmental Sciences,,Environmental Sciences Past Paper 2023,https://cssaspirants.pk/wp-content/uploads/2026/07/environmental-sciences-2023.pdf,https://cssaspirants.pk/css-past-papers/environmental-sciences/,Federal Public Service Commission (FPSC),third_party_hosted_exam_paper,link_and_title_verified; PDF content not republished,2026-07-16
CSS Competitive Examination,2023,English Literature,,English Literature Past Paper 2023,https://cssaspirants.pk/wp-content/uploads/2026/07/english-literature-2023.pdf,https://cssaspirants.pk/css-past-papers/english-literature/,Federal Public Service Commission (FPSC),third_party_hosted_exam_paper,link_and_title_verified; PDF content not republished,2026-07-16
CSS Competitive Examination,2023,English Essay,,Essay Past Paper 2023,https://cssaspirants.pk/wp-content/uploads/2023/10/Essay-2023.pdf,https://cssaspirants.pk/css-past-papers/english-essay/,Federal Public Service Commission (FPSC),third_party_hosted_exam_paper,link_and_title_verified; PDF content not republished,2026-07-16
CSS Competitive Examination,2023,English (Precis and Composition),,English Precis and Composition Past Paper 2023,https://cssaspirants.pk/wp-content/uploads/2023/10/English-PC-2023.pdf,https://cssaspirants.pk/css-past-papers/english-precis-and-composition/,Federal Public Service Commission (FPSC),third_party_hosted_exam_paper,link_and_title_verified; PDF content not republished,2026-07-16
CSS Competitive Examination,2023,Economics,,Economics Past Paper 2023,https://cssaspirants.pk/wp-content/uploads/2024/06/Economics-2023.pdf,https://cssaspirants.pk/css-past-papers/economics/,Federal Public Service Commission (FPSC),third_party_hosted_exam_paper,link_and_title_verified; PDF content not republished,2026-07-16
CSS Competitive Examination,2023,Current Affairs,,Current Affairs Past Paper 2023,https://cssaspirants.pk/wp-content/uploads/2023/10/Current-Affairs-2023.pdf,https://cssaspirants.pk/css-past-papers/current-affairs/,Federal Public Service Commission (FPSC),third_party_hosted_exam_paper,link_and_title_verified; PDF content not republished,2026-07-16
CSS Competitive Examination,2023,Criminology,,Criminology Past Paper 2023,https://cssaspirants.pk/wp-content/uploads/2026/07/criminology-2023.pdf,https://cssaspirants.pk/css-past-papers/criminology/,Federal Public Service Commission (FPSC),third_party_hosted_exam_paper,link_and_title_verified; PDF content not republished,2026-07-16
CSS Competitive Examination,2023,Constitutional Law,,Constitutional Law Past Paper 2023,https://cssaspirants.pk/wp-content/uploads/2026/07/constitutional-law-2023.pdf,https://cssaspirants.pk/css-past-papers/constitutional-law/,Federal Public Service Commission (FPSC),third_party_hosted_exam_paper,link_and_title_verified; PDF content not republished,2026-07-16
CSS Competitive Examination,2023,Computer Science,,Computer Science Past Paper 2023,https://cssaspirants.pk/wp-content/uploads/2024/06/Computer-Science-2023.pdf,https://cssaspirants.pk/css-past-papers/computer-science/,Federal Public Service Commission (FPSC),third_party_hosted_exam_paper,link_and_title_verified; PDF content not republished,2026-07-16
CSS Competitive Examination,2023,Comparative Study of Major Religions,,Comparative Study of Major Religions Past Paper 2023,https://cssaspirants.pk/wp-content/uploads/2023/10/Comparative-Studies-2023.pdf,https://cssaspirants.pk/css-past-papers/comparative-study-of-major-religions/,Federal Public Service Commission (FPSC),third_party_hosted_exam_paper,link_and_title_verified; PDF content not republished,2026-07-16
CSS Competitive Examination,2023,Chemistry,,Chemistry Past Paper 2023,https://cssaspirants.pk/wp-content/uploads/2026/07/chemistry-2023.pdf,https://cssaspirants.pk/css-past-papers/chemistry/,Federal Public Service Commission (FPSC),third_party_hosted_exam_paper,link_and_title_verified; PDF content not republished,2026-07-16
CSS Competitive Examination,2023,Business Administration,,Business Administration Past Paper 2023,https://cssaspirants.pk/wp-content/uploads/2026/07/business-administration-2023.pdf,https://cssaspirants.pk/css-past-papers/business-administration/,Federal Public Service Commission (FPSC),third_party_hosted_exam_paper,link_and_title_verified; PDF content not republished,2026-07-16
CSS Competitive Examination,2023,British History,,British History Past Paper 2023,https://cssaspirants.pk/wp-content/uploads/2026/07/british-history-2023.pdf,https://cssaspirants.pk/css-past-papers/british-history/,Federal Public Service Commission (FPSC),third_party_hosted_exam_paper,link_and_title_verified; PDF content not republished,2026-07-16
CSS Competitive Examination,2023,Botany,,Botany Past Paper 2023,https://cssaspirants.pk/wp-content/uploads/2026/07/botany-2023.pdf,https://cssaspirants.pk/css-past-papers/botany/,Federal Public Service Commission (FPSC),third_party_hosted_exam_paper,link_and_title_verified; PDF content not republished,2026-07-16
CSS Competitive Examination,2023,Balochi,,Balochi Past Paper 2023,https://cssaspirants.pk/wp-content/uploads/2026/07/balochi-2023.pdf,https://cssaspirants.pk/css-past-papers/balochi/,Federal Public Service Commission (FPSC),third_party_hosted_exam_paper,link_and_title_verified; PDF content not republished,2026-07-16
CSS Competitive Examination,2023,Arabic,,Arabic Past Paper 2023,https://cssaspirants.pk/wp-content/uploads/2026/07/arabic-2023.pdf,https://cssaspirants.pk/css-past-papers/arabic/,Federal Public Service Commission (FPSC),third_party_hosted_exam_paper,link_and_title_verified; PDF content not republished,2026-07-16
CSS Competitive Examination,2023,Applied Mathematics,,Applied Mathematics Past Paper 2023,https://cssaspirants.pk/wp-content/uploads/2026/07/applied-mathematics-2023.pdf,https://cssaspirants.pk/css-past-papers/applied-mathematics/,Federal Public Service Commission (FPSC),third_party_hosted_exam_paper,link_and_title_verified; PDF content not republished,2026-07-16
CSS Competitive Examination,2023,Anthropology,,Anthropology Past Paper 2023,https://cssaspirants.pk/wp-content/uploads/2026/07/anthropology-2023.pdf,https://cssaspirants.pk/css-past-papers/anthropology/,Federal Public Service Commission (FPSC),third_party_hosted_exam_paper,link_and_title_verified; PDF content not republished,2026-07-16
CSS Competitive Examination,2023,Agriculture & Forestry,,Agriculture and Forestry Past Paper 2023,https://cssaspirants.pk/wp-content/uploads/2026/07/agriculture-forestry-2023.pdf,https://cssaspirants.pk/css-past-papers/agriculture-forestry/,Federal Public Service Commission (FPSC),third_party_hosted_exam_paper,link_and_title_verified; PDF content not republished,2026-07-16
CSS Competitive Examination,2023,Accountancy & Auditing,,Accounting and Auditing Past Paper 2023,https://cssaspirants.pk/wp-content/uploads/2024/06/Accountancy-Auditing-2023.pdf,https://cssaspirants.pk/css-past-papers/accounting-and-auditing/,Federal Public Service Commission (FPSC),third_party_hosted_exam_paper,link_and_title_verified; PDF content not republished,2026-07-16
CSS Competitive Examination,2022,Zoology,,Zoology Past Paper 2022,https://cssaspirants.pk/wp-content/uploads/2026/07/zoology-2022.pdf,https://cssaspirants.pk/css-past-papers/zoology/,Federal Public Service Commission (FPSC),third_party_hosted_exam_paper,link_and_title_verified; PDF content not republished,2026-07-16
CSS Competitive Examination,2022,Urdu Literature,,Urdu Literature Past Paper 2022,https://cssaspirants.pk/wp-content/uploads/2026/07/urdu-literature-2022.pdf,https://cssaspirants.pk/css-past-papers/urdu-literature/,Federal Public Service Commission (FPSC),third_party_hosted_exam_paper,link_and_title_verified; PDF content not republished,2026-07-16
CSS Competitive Examination,2022,Town Planning & Urban Management,,Town Planning and Urban Management Past Paper 2022,https://cssaspirants.pk/wp-content/uploads/2026/07/town-planning-urban-management-2022.pdf,https://cssaspirants.pk/css-past-papers/town-planning-urban-management/,Federal Public Service Commission (FPSC),third_party_hosted_exam_paper,link_and_title_verified; PDF content not republished,2026-07-16
CSS Competitive Examination,2022,Statistics,,Statistics Past Paper 2022,https://cssaspirants.pk/wp-content/uploads/2026/07/statistics-2022.pdf,https://cssaspirants.pk/css-past-papers/statistics/,Federal Public Service Commission (FPSC),third_party_hosted_exam_paper,link_and_title_verified; PDF content not republished,2026-07-16
CSS Competitive Examination,2022,Sociology,,Sociology Past Paper 2022,https://cssaspirants.pk/wp-content/uploads/2026/07/sociology-2022.pdf,https://cssaspirants.pk/css-past-papers/sociology/,Federal Public Service Commission (FPSC),third_party_hosted_exam_paper,link_and_title_verified; PDF content not republished,2026-07-16
CSS Competitive Examination,2022,Sindhi,,Sindhi Past Paper 2022,https://cssaspirants.pk/wp-content/uploads/2026/07/sindhi-2022.pdf,https://cssaspirants.pk/css-past-papers/sindhi/,Federal Public Service Commission (FPSC),third_party_hosted_exam_paper,link_and_title_verified; PDF content not republished,2026-07-16
CSS Competitive Examination,2022,Pure Mathematics,,Pure Mathematics Past Paper 2022,https://cssaspirants.pk/wp-content/uploads/2026/07/pure-mathematics-2022.pdf,https://cssaspirants.pk/css-past-papers/pure-mathematics/,Federal Public Service Commission (FPSC),third_party_hosted_exam_paper,link_and_title_verified; PDF content not republished,2026-07-16
CSS Competitive Examination,2022,Punjabi,,Punjabi Past Paper 2022,https://cssaspirants.pk/wp-content/uploads/2026/07/punjabi-2022.pdf,https://cssaspirants.pk/css-past-papers/punjabi/,Federal Public Service Commission (FPSC),third_party_hosted_exam_paper,link_and_title_verified; PDF content not republished,2026-07-16
CSS Competitive Examination,2022,Public Administration,,Public Administration Past Paper 2022,https://cssaspirants.pk/wp-content/uploads/2026/07/public-administration-2022.pdf,https://cssaspirants.pk/css-past-papers/public-administration/,Federal Public Service Commission (FPSC),third_party_hosted_exam_paper,link_and_title_verified; PDF content not republished,2026-07-16
CSS Competitive Examination,2022,Psychology,,Psychology Past Paper 2022,https://cssaspirants.pk/wp-content/uploads/2026/07/psychology-2022.pdf,https://cssaspirants.pk/css-past-papers/psychology/,Federal Public Service Commission (FPSC),third_party_hosted_exam_paper,link_and_title_verified; PDF content not republished,2026-07-16
CSS Competitive Examination,2022,Political Science,,Political Science Past Paper 2022,https://cssaspirants.pk/wp-content/uploads/2024/06/Political-Science-2022.pdf,https://cssaspirants.pk/css-past-papers/political-science/,Federal Public Service Commission (FPSC),third_party_hosted_exam_paper,link_and_title_verified; PDF content not republished,2026-07-16
CSS Competitive Examination,2022,Physics,,Physics Past Paper 2022,https://cssaspirants.pk/wp-content/uploads/2026/07/physics-2022.pdf,https://cssaspirants.pk/css-past-papers/physics/,Federal Public Service Commission (FPSC),third_party_hosted_exam_paper,link_and_title_verified; PDF content not republished,2026-07-16
CSS Competitive Examination,2022,Philosophy,,Philosophy Past Paper 2022,https://cssaspirants.pk/wp-content/uploads/2026/07/philosophy-2022.pdf,https://cssaspirants.pk/css-past-papers/philosophy/,Federal Public Service Commission (FPSC),third_party_hosted_exam_paper,link_and_title_verified; PDF content not republished,2026-07-16
CSS Competitive Examination,2022,Persian,,Persian Past Paper 2022,https://cssaspirants.pk/wp-content/uploads/2026/07/persian-2022.pdf,https://cssaspirants.pk/css-past-papers/persian/,Federal Public Service Commission (FPSC),third_party_hosted_exam_paper,link_and_title_verified; PDF content not republished,2026-07-16
CSS Competitive Examination,2022,Pashto,,Pashto Past Paper 2022,https://cssaspirants.pk/wp-content/uploads/2026/07/pashto-2022.pdf,https://cssaspirants.pk/css-past-papers/pashto/,Federal Public Service Commission (FPSC),third_party_hosted_exam_paper,link_and_title_verified; PDF content not republished,2026-07-16
CSS Competitive Examination,2022,Pakistan Affairs,,Pakistan Affairs Past Paper 2022,https://cssaspirants.pk/wp-content/uploads/2023/10/Pakistan-Affairs-2022.pdf,https://cssaspirants.pk/css-past-papers/pakistan-affairs/,Federal Public Service Commission (FPSC),third_party_hosted_exam_paper,link_and_title_verified; PDF content not republished,2026-07-16
CSS Competitive Examination,2022,Muslim Law & Jurisprudence,,Muslim Law and Jurisprudence Past Paper 2022,https://cssaspirants.pk/wp-content/uploads/2026/07/muslim-law-jurisprudence-2022.pdf,https://cssaspirants.pk/css-past-papers/muslim-law-jurisprudence/,Federal Public Service Commission (FPSC),third_party_hosted_exam_paper,link_and_title_verified; PDF content not republished,2026-07-16
CSS Competitive Examination,2022,Mercantile Law,,Mercantile Law Past Paper 2022,https://cssaspirants.pk/wp-content/uploads/2026/07/mercantile-law-2022.pdf,https://cssaspirants.pk/css-past-papers/mercantile-law/,Federal Public Service Commission (FPSC),third_party_hosted_exam_paper,link_and_title_verified; PDF content not republished,2026-07-16
CSS Competitive Examination,2022,Law,,Law Past Paper 2022,https://cssaspirants.pk/wp-content/uploads/2026/07/law-2022.pdf,https://cssaspirants.pk/css-past-papers/law/,Federal Public Service Commission (FPSC),third_party_hosted_exam_paper,link_and_title_verified; PDF content not republished,2026-07-16
CSS Competitive Examination,2022,Journalism & Mass Communication,,Journalism and Mass Communication Past Paper 2022,https://cssaspirants.pk/wp-content/uploads/2026/07/journalism-mass-communication-2022.pdf,https://cssaspirants.pk/css-past-papers/journalism-mass-communication/,Federal Public Service Commission (FPSC),third_party_hosted_exam_paper,link_and_title_verified; PDF content not republished,2026-07-16
CSS Competitive Examination,2022,Islamic Studies,,Islamiat Past Paper 2022,https://cssaspirants.pk/wp-content/uploads/2023/10/Islamic-Studies-2022.pdf,https://cssaspirants.pk/css-past-papers/islamic-studies/,Federal Public Service Commission (FPSC),third_party_hosted_exam_paper,link_and_title_verified; PDF content not republished,2026-07-16
CSS Competitive Examination,2022,Islamic History & Culture,,Islamic History and Culture Past Paper 2022,https://cssaspirants.pk/wp-content/uploads/2026/07/islamic-history-culture-2022.pdf,https://cssaspirants.pk/css-past-papers/islamic-history-culture/,Federal Public Service Commission (FPSC),third_party_hosted_exam_paper,link_and_title_verified; PDF content not republished,2026-07-16
CSS Competitive Examination,2022,International Relations,,International Relations Past Paper 2022,https://cssaspirants.pk/wp-content/uploads/2024/06/International-Relations-2022.pdf,https://cssaspirants.pk/css-past-papers/international-relations/,Federal Public Service Commission (FPSC),third_party_hosted_exam_paper,link_and_title_verified; PDF content not republished,2026-07-16
CSS Competitive Examination,2022,History of USA,,History of USA Past Paper 2022,https://cssaspirants.pk/wp-content/uploads/2026/07/history-usa-2022.pdf,https://cssaspirants.pk/css-past-papers/history-of-usa/,Federal Public Service Commission (FPSC),third_party_hosted_exam_paper,link_and_title_verified; PDF content not republished,2026-07-16
CSS Competitive Examination,2022,History of Pakistan & India,,History of Pakistan and India Past Paper 2022,https://cssaspirants.pk/wp-content/uploads/2026/07/history-pakistan-india-2022.pdf,https://cssaspirants.pk/css-past-papers/history-of-pakistan-india/,Federal Public Service Commission (FPSC),third_party_hosted_exam_paper,link_and_title_verified; PDF content not republished,2026-07-16
CSS Competitive Examination,2022,Governance & Public Policies,,Governance and Public Policies Past Paper 2022,https://cssaspirants.pk/wp-content/uploads/2026/07/governance-public-policies-2022.pdf,https://cssaspirants.pk/css-past-papers/governance-public-policies/,Federal Public Service Commission (FPSC),third_party_hosted_exam_paper,link_and_title_verified; PDF content not republished,2026-07-16
CSS Competitive Examination,2022,Geology,,Geology Past Paper 2022,https://cssaspirants.pk/wp-content/uploads/2026/07/geology-2022.pdf,https://cssaspirants.pk/css-past-papers/geology/,Federal Public Service Commission (FPSC),third_party_hosted_exam_paper,link_and_title_verified; PDF content not republished,2026-07-16
CSS Competitive Examination,2022,Geography,,Geography Past Paper 2022,https://cssaspirants.pk/wp-content/uploads/2026/07/geography-2022.pdf,https://cssaspirants.pk/css-past-papers/geography/,Federal Public Service Commission (FPSC),third_party_hosted_exam_paper,link_and_title_verified; PDF content not republished,2026-07-16
CSS Competitive Examination,2022,General Science & Ability,,General Science & Ability Past Paper 2022,https://cssaspirants.pk/wp-content/uploads/2023/10/General-Science-Ability-2022.pdf,https://cssaspirants.pk/css-past-papers/general-science-ability/,Federal Public Service Commission (FPSC),third_party_hosted_exam_paper,link_and_title_verified; PDF content not republished,2026-07-16
CSS Competitive Examination,2022,Gender Studies,,Gender Studies Past Paper 2022,https://cssaspirants.pk/wp-content/uploads/2026/07/gender-studies-2022.pdf,https://cssaspirants.pk/css-past-papers/gender-studies/,Federal Public Service Commission (FPSC),third_party_hosted_exam_paper,link_and_title_verified; PDF content not republished,2026-07-16
CSS Competitive Examination,2022,European History,,European History Past Paper 2022,https://cssaspirants.pk/wp-content/uploads/2026/07/european-history-2022.pdf,https://cssaspirants.pk/css-past-papers/european-history/,Federal Public Service Commission (FPSC),third_party_hosted_exam_paper,link_and_title_verified; PDF content not republished,2026-07-16
CSS Competitive Examination,2022,Environmental Sciences,,Environmental Sciences Past Paper 2022,https://cssaspirants.pk/wp-content/uploads/2026/07/environmental-sciences-2022.pdf,https://cssaspirants.pk/css-past-papers/environmental-sciences/,Federal Public Service Commission (FPSC),third_party_hosted_exam_paper,link_and_title_verified; PDF content not republished,2026-07-16
CSS Competitive Examination,2022,English Literature,,English Literature Past Paper 2022,https://cssaspirants.pk/wp-content/uploads/2026/07/english-literature-2022.pdf,https://cssaspirants.pk/css-past-papers/english-literature/,Federal Public Service Commission (FPSC),third_party_hosted_exam_paper,link_and_title_verified; PDF content not republished,2026-07-16
CSS Competitive Examination,2022,English Essay,,Essay Past Paper 2022,https://cssaspirants.pk/wp-content/uploads/2023/10/Essay-2022.pdf,https://cssaspirants.pk/css-past-papers/english-essay/,Federal Public Service Commission (FPSC),third_party_hosted_exam_paper,link_and_title_verified; PDF content not republished,2026-07-16
CSS Competitive Examination,2022,English (Precis and Composition),,English Precis and Composition Past Paper 2022,https://cssaspirants.pk/wp-content/uploads/2023/10/English-PC-2022.pdf,https://cssaspirants.pk/css-past-papers/english-precis-and-composition/,Federal Public Service Commission (FPSC),third_party_hosted_exam_paper,link_and_title_verified; PDF content not republished,2026-07-16
CSS Competitive Examination,2022,Economics,,Economics Past Paper 2022,https://cssaspirants.pk/wp-content/uploads/2024/06/Economics-2022.pdf,https://cssaspirants.pk/css-past-papers/economics/,Federal Public Service Commission (FPSC),third_party_hosted_exam_paper,link_and_title_verified; PDF content not republished,2026-07-16
CSS Competitive Examination,2022,Current Affairs,,Current Affairs Past Paper 2022,https://cssaspirants.pk/wp-content/uploads/2023/10/Current-Affairs-2022.pdf,https://cssaspirants.pk/css-past-papers/current-affairs/,Federal Public Service Commission (FPSC),third_party_hosted_exam_paper,link_and_title_verified; PDF content not republished,2026-07-16
CSS Competitive Examination,2022,Criminology,,Criminology Past Paper 2022,https://cssaspirants.pk/wp-content/uploads/2026/07/criminology-2022.pdf,https://cssaspirants.pk/css-past-papers/criminology/,Federal Public Service Commission (FPSC),third_party_hosted_exam_paper,link_and_title_verified; PDF content not republished,2026-07-16
CSS Competitive Examination,2022,Constitutional Law,,Constitutional Law Past Paper 2022,https://cssaspirants.pk/wp-content/uploads/2026/07/constitutional-law-2022.pdf,https://cssaspirants.pk/css-past-papers/constitutional-law/,Federal Public Service Commission (FPSC),third_party_hosted_exam_paper,link_and_title_verified; PDF content not republished,2026-07-16
CSS Competitive Examination,2022,Computer Science,,Computer Science Past Paper 2022,https://cssaspirants.pk/wp-content/uploads/2024/06/Computer-Science-2022.pdf,https://cssaspirants.pk/css-past-papers/computer-science/,Federal Public Service Commission (FPSC),third_party_hosted_exam_paper,link_and_title_verified; PDF content not republished,2026-07-16
CSS Competitive Examination,2022,Comparative Study of Major Religions,,Comparative Study of Major Religions Past Paper 2022,https://cssaspirants.pk/wp-content/uploads/2023/10/Comparative-Studies-2022.pdf,https://cssaspirants.pk/css-past-papers/comparative-study-of-major-religions/,Federal Public Service Commission (FPSC),third_party_hosted_exam_paper,link_and_title_verified; PDF content not republished,2026-07-16
CSS Competitive Examination,2022,Chemistry,,Chemistry Past Paper 2022,https://cssaspirants.pk/wp-content/uploads/2026/07/chemistry-2022.pdf,https://cssaspirants.pk/css-past-papers/chemistry/,Federal Public Service Commission (FPSC),third_party_hosted_exam_paper,link_and_title_verified; PDF content not republished,2026-07-16
CSS Competitive Examination,2022,Business Administration,,Business Administration Past Paper 2022,https://cssaspirants.pk/wp-content/uploads/2026/07/business-administration-2022.pdf,https://cssaspirants.pk/css-past-papers/business-administration/,Federal Public Service Commission (FPSC),third_party_hosted_exam_paper,link_and_title_verified; PDF content not republished,2026-07-16
CSS Competitive Examination,2022,British History,,British History Past Paper 2022,https://cssaspirants.pk/wp-content/uploads/2026/07/british-history-2022.pdf,https://cssaspirants.pk/css-past-papers/british-history/,Federal Public Service Commission (FPSC),third_party_hosted_exam_paper,link_and_title_verified; PDF content not republished,2026-07-16
CSS Competitive Examination,2022,Botany,,Botany Past Paper 2022,https://cssaspirants.pk/wp-content/uploads/2026/07/botany-2022.pdf,https://cssaspirants.pk/css-past-papers/botany/,Federal Public Service Commission (FPSC),third_party_hosted_exam_paper,link_and_title_verified; PDF content not republished,2026-07-16
CSS Competitive Examination,2022,Balochi,,Balochi Past Paper 2022,https://cssaspirants.pk/wp-content/uploads/2026/07/balochi-2022.pdf,https://cssaspirants.pk/css-past-papers/balochi/,Federal Public Service Commission (FPSC),third_party_hosted_exam_paper,link_and_title_verified; PDF content not republished,2026-07-16
CSS Competitive Examination,2022,Arabic,,Arabic Past Paper 2022,https://cssaspirants.pk/wp-content/uploads/2026/07/arabic-2022.pdf,https://cssaspirants.pk/css-past-papers/arabic/,Federal Public Service Commission (FPSC),third_party_hosted_exam_paper,link_and_title_verified; PDF content not republished,2026-07-16
CSS Competitive Examination,2022,Applied Mathematics,,Applied Mathematics Past Paper 2022,https://cssaspirants.pk/wp-content/uploads/2026/07/applied-mathematics-2022.pdf,https://cssaspirants.pk/css-past-papers/applied-mathematics/,Federal Public Service Commission (FPSC),third_party_hosted_exam_paper,link_and_title_verified; PDF content not republished,2026-07-16
CSS Competitive Examination,2022,Anthropology,,Anthropology Past Paper 2022,https://cssaspirants.pk/wp-content/uploads/2026/07/anthropology-2022.pdf,https://cssaspirants.pk/css-past-papers/anthropology/,Federal Public Service Commission (FPSC),third_party_hosted_exam_paper,link_and_title_verified; PDF content not republished,2026-07-16
CSS Competitive Examination,2022,Agriculture & Forestry,,Agriculture and Forestry Past Paper 2022,https://cssaspirants.pk/wp-content/uploads/2026/07/agriculture-forestry-2022.pdf,https://cssaspirants.pk/css-past-papers/agriculture-forestry/,Federal Public Service Commission (FPSC),third_party_hosted_exam_paper,link_and_title_verified; PDF content not republished,2026-07-16
CSS Competitive Examination,2022,Accountancy & Auditing,,Accounting and Auditing Past Paper 2022,https://cssaspirants.pk/wp-content/uploads/2024/06/Accountancy-Auditing-2022.pdf,https://cssaspirants.pk/css-past-papers/accounting-and-auditing/,Federal Public Service Commission (FPSC),third_party_hosted_exam_paper,link_and_title_verified; PDF content not republished,2026-07-16
CSS Competitive Examination,2021,Zoology,,Zoology Past Paper 2021,https://cssaspirants.pk/wp-content/uploads/2021/09/Zoology-2021.pdf,https://cssaspirants.pk/css-past-papers/zoology/,Federal Public Service Commission (FPSC),third_party_hosted_exam_paper,link_and_title_verified; PDF content not republished,2026-07-16
CSS Competitive Examination,2021,Urdu Literature,,Urdu Literature Past Paper 2021,https://cssaspirants.pk/wp-content/uploads/2021/09/Urdu-Literature-2021.pdf,https://cssaspirants.pk/css-past-papers/urdu-literature/,Federal Public Service Commission (FPSC),third_party_hosted_exam_paper,link_and_title_verified; PDF content not republished,2026-07-16
CSS Competitive Examination,2021,Town Planning & Urban Management,,Town Planning and Urban Management Past Paper 2021,https://cssaspirants.pk/wp-content/uploads/2021/09/Town-Planning-Urban-Management-2021.pdf,https://cssaspirants.pk/css-past-papers/town-planning-urban-management/,Federal Public Service Commission (FPSC),third_party_hosted_exam_paper,link_and_title_verified; PDF content not republished,2026-07-16
CSS Competitive Examination,2021,Statistics,,Statistics Past Paper 2021,https://cssaspirants.pk/wp-content/uploads/2021/09/Statistics-2021.pdf,https://cssaspirants.pk/css-past-papers/statistics/,Federal Public Service Commission (FPSC),third_party_hosted_exam_paper,link_and_title_verified; PDF content not republished,2026-07-16
CSS Competitive Examination,2021,Sociology,,Sociology Past Paper 2021,https://cssaspirants.pk/wp-content/uploads/2021/09/Sociology-2021.pdf,https://cssaspirants.pk/css-past-papers/sociology/,Federal Public Service Commission (FPSC),third_party_hosted_exam_paper,link_and_title_verified; PDF content not republished,2026-07-16
CSS Competitive Examination,2021,Sindhi,,Sindhi Past Paper 2021,https://cssaspirants.pk/wp-content/uploads/2021/09/2021-b.pdf,https://cssaspirants.pk/css-past-papers/sindhi/,Federal Public Service Commission (FPSC),third_party_hosted_exam_paper,link_and_title_verified; PDF content not republished,2026-07-16
CSS Competitive Examination,2021,Pure Mathematics,,Pure Mathematics Past Paper 2021,https://cssaspirants.pk/wp-content/uploads/2021/09/Pure-Mathematics-2021.pdf,https://cssaspirants.pk/css-past-papers/pure-mathematics/,Federal Public Service Commission (FPSC),third_party_hosted_exam_paper,link_and_title_verified; PDF content not republished,2026-07-16
CSS Competitive Examination,2021,Punjabi,,Punjabi Past Paper 2021,https://cssaspirants.pk/wp-content/uploads/2021/09/Punjabi-2021.pdf,https://cssaspirants.pk/css-past-papers/punjabi/,Federal Public Service Commission (FPSC),third_party_hosted_exam_paper,link_and_title_verified; PDF content not republished,2026-07-16
CSS Competitive Examination,2021,Public Administration,,Public Administration Past Paper 2021,https://cssaspirants.pk/wp-content/uploads/2021/09/Public-Administration-2021.pdf,https://cssaspirants.pk/css-past-papers/public-administration/,Federal Public Service Commission (FPSC),third_party_hosted_exam_paper,link_and_title_verified; PDF content not republished,2026-07-16
CSS Competitive Examination,2021,Psychology,,Psychology Past Paper 2021,https://cssaspirants.pk/wp-content/uploads/2021/09/Psychology-2021.pdf,https://cssaspirants.pk/css-past-papers/psychology/,Federal Public Service Commission (FPSC),third_party_hosted_exam_paper,link_and_title_verified; PDF content not republished,2026-07-16
CSS Competitive Examination,2021,Political Science,,Political Science Past Paper 2021,https://cssaspirants.pk/wp-content/uploads/2021/09/Political-Science-2021.pdf,https://cssaspirants.pk/css-past-papers/political-science/,Federal Public Service Commission (FPSC),third_party_hosted_exam_paper,link_and_title_verified; PDF content not republished,2026-07-16
CSS Competitive Examination,2021,Physics,,Physics Past Paper 2021,https://cssaspirants.pk/wp-content/uploads/2021/09/Physics-2021.pdf,https://cssaspirants.pk/css-past-papers/physics/,Federal Public Service Commission (FPSC),third_party_hosted_exam_paper,link_and_title_verified; PDF content not republished,2026-07-16
CSS Competitive Examination,2021,Philosophy,,Philosophy Past Paper 2021,https://cssaspirants.pk/wp-content/uploads/2021/09/Philosophy-2021.pdf,https://cssaspirants.pk/css-past-papers/philosophy/,Federal Public Service Commission (FPSC),third_party_hosted_exam_paper,link_and_title_verified; PDF content not republished,2026-07-16
CSS Competitive Examination,2021,Persian,,Persian Past Paper 2021,https://cssaspirants.pk/wp-content/uploads/2026/07/persian-2021.pdf,https://cssaspirants.pk/css-past-papers/persian/,Federal Public Service Commission (FPSC),third_party_hosted_exam_paper,link_and_title_verified; PDF content not republished,2026-07-16
CSS Competitive Examination,2021,Pashto,,Pashto Past Paper 2021,https://cssaspirants.pk/wp-content/uploads/2021/09/Pashto-2021.pdf,https://cssaspirants.pk/css-past-papers/pashto/,Federal Public Service Commission (FPSC),third_party_hosted_exam_paper,link_and_title_verified; PDF content not republished,2026-07-16
CSS Competitive Examination,2021,Pakistan Affairs,,Pakistan Affairs Past Paper 2021,https://cssaspirants.pk/wp-content/uploads/2021/08/Pakistan-Affairs-2021.pdf,https://cssaspirants.pk/css-past-papers/pakistan-affairs/,Federal Public Service Commission (FPSC),third_party_hosted_exam_paper,link_and_title_verified; PDF content not republished,2026-07-16
CSS Competitive Examination,2021,Muslim Law & Jurisprudence,,Muslim Law & Jurisprudence Past Paper 2021,https://cssaspirants.pk/wp-content/uploads/2021/09/Muslim-Law-Jurisprudence-2021.pdf,https://cssaspirants.pk/css-past-papers/muslim-law-jurisprudence/,Federal Public Service Commission (FPSC),third_party_hosted_exam_paper,link_and_title_verified; PDF content not republished,2026-07-16
CSS Competitive Examination,2021,Mercantile Law,,Mercantile Law Past Paper 2021,https://cssaspirants.pk/wp-content/uploads/2021/09/Mercantile-Law-2021.pdf,https://cssaspirants.pk/css-past-papers/mercantile-law/,Federal Public Service Commission (FPSC),third_party_hosted_exam_paper,link_and_title_verified; PDF content not republished,2026-07-16
CSS Competitive Examination,2021,Law,,Law Past Paper 2021,https://cssaspirants.pk/wp-content/uploads/2021/09/Law-2021.pdf,https://cssaspirants.pk/css-past-papers/law/,Federal Public Service Commission (FPSC),third_party_hosted_exam_paper,link_and_title_verified; PDF content not republished,2026-07-16
CSS Competitive Examination,2021,Journalism & Mass Communication,,Journalism & Mass Communication Past Paper 2021,https://cssaspirants.pk/wp-content/uploads/2021/09/Journalism-2021.pdf,https://cssaspirants.pk/css-past-papers/journalism-mass-communication/,Federal Public Service Commission (FPSC),third_party_hosted_exam_paper,link_and_title_verified; PDF content not republished,2026-07-16
CSS Competitive Examination,2021,Islamic Studies,,Islamiat Past Paper 2021,https://cssaspirants.pk/wp-content/uploads/2021/08/Islamiat-2021.pdf,https://cssaspirants.pk/css-past-papers/islamic-studies/,Federal Public Service Commission (FPSC),third_party_hosted_exam_paper,link_and_title_verified; PDF content not republished,2026-07-16
CSS Competitive Examination,2021,Islamic History & Culture,,Islamic History & Culture Past Paper 2021,https://cssaspirants.pk/wp-content/uploads/2021/09/Islamic-History-Culture-2021.pdf,https://cssaspirants.pk/css-past-papers/islamic-history-culture/,Federal Public Service Commission (FPSC),third_party_hosted_exam_paper,link_and_title_verified; PDF content not republished,2026-07-16
CSS Competitive Examination,2021,International Relations,,International Relations Past Paper 2021,https://cssaspirants.pk/wp-content/uploads/2021/09/International-Relations-2021.pdf,https://cssaspirants.pk/css-past-papers/international-relations/,Federal Public Service Commission (FPSC),third_party_hosted_exam_paper,link_and_title_verified; PDF content not republished,2026-07-16
CSS Competitive Examination,2021,International Law,,International Law Past Paper 2021,https://cssaspirants.pk/wp-content/uploads/2021/09/International-Law-2021.pdf,https://cssaspirants.pk/css-past-papers/international-law/,Federal Public Service Commission (FPSC),third_party_hosted_exam_paper,link_and_title_verified; PDF content not republished,2026-07-16
CSS Competitive Examination,2021,History of USA,,History of USA Past Paper 2021,https://cssaspirants.pk/wp-content/uploads/2021/09/History-of-USA-2021.pdf,https://cssaspirants.pk/css-past-papers/history-of-usa/,Federal Public Service Commission (FPSC),third_party_hosted_exam_paper,link_and_title_verified; PDF content not republished,2026-07-16
CSS Competitive Examination,2021,History of Pakistan & India,,History of Pakistan & India Past Paper 2021,https://cssaspirants.pk/wp-content/uploads/2021/09/History-of-Pakistan-India-2021.pdf,https://cssaspirants.pk/css-past-papers/history-of-pakistan-india/,Federal Public Service Commission (FPSC),third_party_hosted_exam_paper,link_and_title_verified; PDF content not republished,2026-07-16
CSS Competitive Examination,2021,Governance & Public Policies,,Governance and Public Policy Past Paper 2021,https://cssaspirants.pk/wp-content/uploads/2021/09/Governance-Public-Policies-2021.pdf,https://cssaspirants.pk/css-past-papers/governance-public-policies/,Federal Public Service Commission (FPSC),third_party_hosted_exam_paper,link_and_title_verified; PDF content not republished,2026-07-16
CSS Competitive Examination,2021,Geology,,Geology Past Paper 2021,https://cssaspirants.pk/wp-content/uploads/2021/09/Geology-2021.pdf,https://cssaspirants.pk/css-past-papers/geology/,Federal Public Service Commission (FPSC),third_party_hosted_exam_paper,link_and_title_verified; PDF content not republished,2026-07-16
CSS Competitive Examination,2021,Geography,,Geography Past Paper 2021,https://cssaspirants.pk/wp-content/uploads/2021/09/Geography-2021.pdf,https://cssaspirants.pk/css-past-papers/geography/,Federal Public Service Commission (FPSC),third_party_hosted_exam_paper,link_and_title_verified; PDF content not republished,2026-07-16
CSS Competitive Examination,2021,General Science & Ability,,General Science & Ability Past Paper 2021,https://cssaspirants.pk/wp-content/uploads/2021/08/General-Science-Ability-2021.pdf,https://cssaspirants.pk/css-past-papers/general-science-ability/,Federal Public Service Commission (FPSC),third_party_hosted_exam_paper,link_and_title_verified; PDF content not republished,2026-07-16
CSS Competitive Examination,2021,Gender Studies,,Gender Studies Past Paper 2021,https://cssaspirants.pk/wp-content/uploads/2021/09/Gender-Studies-2021.pdf,https://cssaspirants.pk/css-past-papers/gender-studies/,Federal Public Service Commission (FPSC),third_party_hosted_exam_paper,link_and_title_verified; PDF content not republished,2026-07-16
CSS Competitive Examination,2021,European History,,European History Past Paper 2021,https://cssaspirants.pk/wp-content/uploads/2021/09/European-History-2021.pdf,https://cssaspirants.pk/css-past-papers/european-history/,Federal Public Service Commission (FPSC),third_party_hosted_exam_paper,link_and_title_verified; PDF content not republished,2026-07-16
CSS Competitive Examination,2021,Environmental Sciences,,Environmental Sciences Past Paper 2021,https://cssaspirants.pk/wp-content/uploads/2021/09/Environmental-Sciences-2021.pdf,https://cssaspirants.pk/css-past-papers/environmental-sciences/,Federal Public Service Commission (FPSC),third_party_hosted_exam_paper,link_and_title_verified; PDF content not republished,2026-07-16
CSS Competitive Examination,2021,English Literature,,English Literature Past Paper 2021,https://cssaspirants.pk/wp-content/uploads/2021/09/English-Literature-2021.pdf,https://cssaspirants.pk/css-past-papers/english-literature/,Federal Public Service Commission (FPSC),third_party_hosted_exam_paper,link_and_title_verified; PDF content not republished,2026-07-16
CSS Competitive Examination,2021,English Essay,,Essay Past Paper 2021,https://cssaspirants.pk/wp-content/uploads/2021/08/Essay-2021.pdf,https://cssaspirants.pk/css-past-papers/english-essay/,Federal Public Service Commission (FPSC),third_party_hosted_exam_paper,link_and_title_verified; PDF content not republished,2026-07-16
CSS Competitive Examination,2021,English (Precis and Composition),,English Precis and Composition Past Paper 2021,https://cssaspirants.pk/wp-content/uploads/2021/08/English-PC-2021.pdf,https://cssaspirants.pk/css-past-papers/english-precis-and-composition/,Federal Public Service Commission (FPSC),third_party_hosted_exam_paper,link_and_title_verified; PDF content not republished,2026-07-16
CSS Competitive Examination,2021,Economics,,Economics Past Paper 2021,https://cssaspirants.pk/wp-content/uploads/2021/09/Economics-2021.pdf,https://cssaspirants.pk/css-past-papers/economics/,Federal Public Service Commission (FPSC),third_party_hosted_exam_paper,link_and_title_verified; PDF content not republished,2026-07-16
CSS Competitive Examination,2021,Current Affairs,,Current Affairs Past Paper 2021,https://cssaspirants.pk/wp-content/uploads/2021/08/Current-Affairs-2021.pdf,https://cssaspirants.pk/css-past-papers/current-affairs/,Federal Public Service Commission (FPSC),third_party_hosted_exam_paper,link_and_title_verified; PDF content not republished,2026-07-16
CSS Competitive Examination,2021,Criminology,,Criminology Past Paper 2021,https://cssaspirants.pk/wp-content/uploads/2021/09/Criminology-2021.pdf,https://cssaspirants.pk/css-past-papers/criminology/,Federal Public Service Commission (FPSC),third_party_hosted_exam_paper,link_and_title_verified; PDF content not republished,2026-07-16
CSS Competitive Examination,2021,Constitutional Law,,Constitutional Law Past Paper 2021,https://cssaspirants.pk/wp-content/uploads/2021/09/Constitutional-Law-2021.pdf,https://cssaspirants.pk/css-past-papers/constitutional-law/,Federal Public Service Commission (FPSC),third_party_hosted_exam_paper,link_and_title_verified; PDF content not republished,2026-07-16
CSS Competitive Examination,2021,Computer Science,,Computer Science Past Paper 2021,https://cssaspirants.pk/wp-content/uploads/2021/09/Computer-Science-2021.pdf,https://cssaspirants.pk/css-past-papers/computer-science/,Federal Public Service Commission (FPSC),third_party_hosted_exam_paper,link_and_title_verified; PDF content not republished,2026-07-16
CSS Competitive Examination,2021,Comparative Study of Major Religions,,Comparative Study of Major Religions Past Paper 2021,https://cssaspirants.pk/wp-content/uploads/2021/08/Comparative-Studies-2021.pdf,https://cssaspirants.pk/css-past-papers/comparative-study-of-major-religions/,Federal Public Service Commission (FPSC),third_party_hosted_exam_paper,link_and_title_verified; PDF content not republished,2026-07-16
CSS Competitive Examination,2021,Chemistry,,Chemistry Past Paper 2021,https://cssaspirants.pk/wp-content/uploads/2021/09/Chemistry-2021.pdf,https://cssaspirants.pk/css-past-papers/chemistry/,Federal Public Service Commission (FPSC),third_party_hosted_exam_paper,link_and_title_verified; PDF content not republished,2026-07-16
CSS Competitive Examination,2021,Business Administration,,Business Administration Past Paper 2021,https://cssaspirants.pk/wp-content/uploads/2021/09/Business-Administration-2021.pdf,https://cssaspirants.pk/css-past-papers/business-administration/,Federal Public Service Commission (FPSC),third_party_hosted_exam_paper,link_and_title_verified; PDF content not republished,2026-07-16
CSS Competitive Examination,2021,British History,,British History Past Paper 2021,https://cssaspirants.pk/wp-content/uploads/2021/09/British-History-2021.pdf,https://cssaspirants.pk/css-past-papers/british-history/,Federal Public Service Commission (FPSC),third_party_hosted_exam_paper,link_and_title_verified; PDF content not republished,2026-07-16
CSS Competitive Examination,2021,Botany,,Botany Past Paper 2021,https://cssaspirants.pk/wp-content/uploads/2021/09/Botany-2021.pdf,https://cssaspirants.pk/css-past-papers/botany/,Federal Public Service Commission (FPSC),third_party_hosted_exam_paper,link_and_title_verified; PDF content not republished,2026-07-16
CSS Competitive Examination,2021,Balochi,,Balochi Past Paper 2021,https://cssaspirants.pk/wp-content/uploads/2021/09/Balochi-2021.pdf,https://cssaspirants.pk/css-past-papers/balochi/,Federal Public Service Commission (FPSC),third_party_hosted_exam_paper,link_and_title_verified; PDF content not republished,2026-07-16
CSS Competitive Examination,2021,Arabic,,Arabic Past Paper 2021,https://cssaspirants.pk/wp-content/uploads/2021/09/Arabic-2021.pdf,https://cssaspirants.pk/css-past-papers/arabic/,Federal Public Service Commission (FPSC),third_party_hosted_exam_paper,link_and_title_verified; PDF content not republished,2026-07-16
CSS Competitive Examination,2021,Applied Mathematics,,Applied Mathematics Past Paper 2021,https://cssaspirants.pk/wp-content/uploads/2021/09/Applied-Mathematics-2021.pdf,https://cssaspirants.pk/css-past-papers/applied-mathematics/,Federal Public Service Commission (FPSC),third_party_hosted_exam_paper,link_and_title_verified; PDF content not republished,2026-07-16
CSS Competitive Examination,2021,Anthropology,,Anthropology Past Paper 2021,https://cssaspirants.pk/wp-content/uploads/2021/09/Anthropology-2021.pdf,https://cssaspirants.pk/css-past-papers/anthropology/,Federal Public Service Commission (FPSC),third_party_hosted_exam_paper,link_and_title_verified; PDF content not republished,2026-07-16
CSS Competitive Examination,2021,Agriculture & Forestry,,Agriculture & Forestry Past Paper 2021,https://cssaspirants.pk/wp-content/uploads/2021/09/Agriculture-Forestry-2021.pdf,https://cssaspirants.pk/css-past-papers/agriculture-forestry/,Federal Public Service Commission (FPSC),third_party_hosted_exam_paper,link_and_title_verified; PDF content not republished,2026-07-16
CSS Competitive Examination,2021,Accountancy & Auditing,,Accounting and Auditing Past Paper 2021,https://cssaspirants.pk/wp-content/uploads/2021/09/Accountancy-Auditing-2021.pdf,https://cssaspirants.pk/css-past-papers/accounting-and-auditing/,Federal Public Service Commission (FPSC),third_party_hosted_exam_paper,link_and_title_verified; PDF content not republished,2026-07-16
CSS Competitive Examination,2020,Zoology,,Zoology Past Paper 2020,https://cssaspirants.pk/wp-content/uploads/2021/09/Zoology-2020.pdf,https://cssaspirants.pk/css-past-papers/zoology/,Federal Public Service Commission (FPSC),third_party_hosted_exam_paper,link_and_title_verified; PDF content not republished,2026-07-16
CSS Competitive Examination,2020,Urdu Literature,,Urdu Literature Past Paper 2020,https://cssaspirants.pk/wp-content/uploads/2021/09/Urdu-Literature-2020.pdf,https://cssaspirants.pk/css-past-papers/urdu-literature/,Federal Public Service Commission (FPSC),third_party_hosted_exam_paper,link_and_title_verified; PDF content not republished,2026-07-16
CSS Competitive Examination,2020,Town Planning & Urban Management,,Town Planning and Urban Management Past Paper 2020,https://cssaspirants.pk/wp-content/uploads/2021/09/Town-Planning-Urban-Management-2020.pdf,https://cssaspirants.pk/css-past-papers/town-planning-urban-management/,Federal Public Service Commission (FPSC),third_party_hosted_exam_paper,link_and_title_verified; PDF content not republished,2026-07-16
CSS Competitive Examination,2020,Statistics,,Statistics Past Paper 2020,https://cssaspirants.pk/wp-content/uploads/2021/09/Statistics-2020.pdf,https://cssaspirants.pk/css-past-papers/statistics/,Federal Public Service Commission (FPSC),third_party_hosted_exam_paper,link_and_title_verified; PDF content not republished,2026-07-16
CSS Competitive Examination,2020,Sociology,,Sociology Past Paper 2020,https://cssaspirants.pk/wp-content/uploads/2021/09/Sociology-2020.pdf,https://cssaspirants.pk/css-past-papers/sociology/,Federal Public Service Commission (FPSC),third_party_hosted_exam_paper,link_and_title_verified; PDF content not republished,2026-07-16
CSS Competitive Examination,2020,Sindhi,,Sindhi Past Paper 2020,https://cssaspirants.pk/wp-content/uploads/2021/09/Sindhi-2020.pdf,https://cssaspirants.pk/css-past-papers/sindhi/,Federal Public Service Commission (FPSC),third_party_hosted_exam_paper,link_and_title_verified; PDF content not republished,2026-07-16
CSS Competitive Examination,2020,Pure Mathematics,,Pure Mathematics Past Paper 2020,https://cssaspirants.pk/wp-content/uploads/2021/09/Pure-Mathematics-2020.pdf,https://cssaspirants.pk/css-past-papers/pure-mathematics/,Federal Public Service Commission (FPSC),third_party_hosted_exam_paper,link_and_title_verified; PDF content not republished,2026-07-16
CSS Competitive Examination,2020,Punjabi,,Punjabi Past Paper 2020,https://cssaspirants.pk/wp-content/uploads/2021/09/Punjabi-2020.pdf,https://cssaspirants.pk/css-past-papers/punjabi/,Federal Public Service Commission (FPSC),third_party_hosted_exam_paper,link_and_title_verified; PDF content not republished,2026-07-16
CSS Competitive Examination,2020,Public Administration,,Public Administration Past Paper 2020,https://cssaspirants.pk/wp-content/uploads/2021/09/Public-Administration-2020.pdf,https://cssaspirants.pk/css-past-papers/public-administration/,Federal Public Service Commission (FPSC),third_party_hosted_exam_paper,link_and_title_verified; PDF content not republished,2026-07-16
CSS Competitive Examination,2020,Psychology,,Psychology Past Paper 2020,https://cssaspirants.pk/wp-content/uploads/2021/09/Psychology-2020.pdf,https://cssaspirants.pk/css-past-papers/psychology/,Federal Public Service Commission (FPSC),third_party_hosted_exam_paper,link_and_title_verified; PDF content not republished,2026-07-16
CSS Competitive Examination,2020,Political Science,,Political Science Past Paper 2020,https://cssaspirants.pk/wp-content/uploads/2021/09/Political-Science-2020.pdf,https://cssaspirants.pk/css-past-papers/political-science/,Federal Public Service Commission (FPSC),third_party_hosted_exam_paper,link_and_title_verified; PDF content not republished,2026-07-16
CSS Competitive Examination,2020,Physics,,Physics Past Paper 2020,https://cssaspirants.pk/wp-content/uploads/2021/09/Physics-2020.pdf,https://cssaspirants.pk/css-past-papers/physics/,Federal Public Service Commission (FPSC),third_party_hosted_exam_paper,link_and_title_verified; PDF content not republished,2026-07-16
CSS Competitive Examination,2020,Philosophy,,Philosophy Past Paper 2020,https://cssaspirants.pk/wp-content/uploads/2021/09/Philosophy-2020.pdf,https://cssaspirants.pk/css-past-papers/philosophy/,Federal Public Service Commission (FPSC),third_party_hosted_exam_paper,link_and_title_verified; PDF content not republished,2026-07-16
CSS Competitive Examination,2020,Persian,,Persian Past Paper 2020,https://cssaspirants.pk/wp-content/uploads/2021/09/Persian-2020.pdf,https://cssaspirants.pk/css-past-papers/persian/,Federal Public Service Commission (FPSC),third_party_hosted_exam_paper,link_and_title_verified; PDF content not republished,2026-07-16
CSS Competitive Examination,2020,Pashto,,Pashto Past Paper 2020,https://cssaspirants.pk/wp-content/uploads/2021/09/Pashto-2020.pdf,https://cssaspirants.pk/css-past-papers/pashto/,Federal Public Service Commission (FPSC),third_party_hosted_exam_paper,link_and_title_verified; PDF content not republished,2026-07-16
CSS Competitive Examination,2020,Pakistan Affairs,,Pakistan Affairs Past Paper 2020,https://cssaspirants.pk/wp-content/uploads/2021/08/Pakistan-Affairs-2020.pdf,https://cssaspirants.pk/css-past-papers/pakistan-affairs/,Federal Public Service Commission (FPSC),third_party_hosted_exam_paper,link_and_title_verified; PDF content not republished,2026-07-16
CSS Competitive Examination,2020,Muslim Law & Jurisprudence,,Muslim Law & Jurisprudence Past Paper 2020,https://cssaspirants.pk/wp-content/uploads/2021/09/Muslim-Law-Jurisprudence-2020.pdf,https://cssaspirants.pk/css-past-papers/muslim-law-jurisprudence/,Federal Public Service Commission (FPSC),third_party_hosted_exam_paper,link_and_title_verified; PDF content not republished,2026-07-16
CSS Competitive Examination,2020,Mercantile Law,,Mercantile Law Past Paper 2020,https://cssaspirants.pk/wp-content/uploads/2021/09/Mercantile-Law-2020.pdf,https://cssaspirants.pk/css-past-papers/mercantile-law/,Federal Public Service Commission (FPSC),third_party_hosted_exam_paper,link_and_title_verified; PDF content not republished,2026-07-16
CSS Competitive Examination,2020,Law,,Law Past Paper 2020,https://cssaspirants.pk/wp-content/uploads/2021/09/Law-2020.pdf,https://cssaspirants.pk/css-past-papers/law/,Federal Public Service Commission (FPSC),third_party_hosted_exam_paper,link_and_title_verified; PDF content not republished,2026-07-16
CSS Competitive Examination,2020,Journalism & Mass Communication,,Journalism & Mass Communication Past Paper 2020,https://cssaspirants.pk/wp-content/uploads/2021/09/Journalism-2020.pdf,https://cssaspirants.pk/css-past-papers/journalism-mass-communication/,Federal Public Service Commission (FPSC),third_party_hosted_exam_paper,link_and_title_verified; PDF content not republished,2026-07-16
CSS Competitive Examination,2020,Islamic Studies,,Islamiat Past Paper 2020,https://cssaspirants.pk/wp-content/uploads/2021/08/Islamiat-2020.pdf,https://cssaspirants.pk/css-past-papers/islamic-studies/,Federal Public Service Commission (FPSC),third_party_hosted_exam_paper,link_and_title_verified; PDF content not republished,2026-07-16
CSS Competitive Examination,2020,Islamic History & Culture,,Islamic History & Culture Past Paper 2020,https://cssaspirants.pk/wp-content/uploads/2021/09/Islamic-History-Culture-2020.pdf,https://cssaspirants.pk/css-past-papers/islamic-history-culture/,Federal Public Service Commission (FPSC),third_party_hosted_exam_paper,link_and_title_verified; PDF content not republished,2026-07-16
CSS Competitive Examination,2020,International Relations,,International Relations Past Paper 2020,https://cssaspirants.pk/wp-content/uploads/2021/09/International-Relations-2020.pdf,https://cssaspirants.pk/css-past-papers/international-relations/,Federal Public Service Commission (FPSC),third_party_hosted_exam_paper,link_and_title_verified; PDF content not republished,2026-07-16
CSS Competitive Examination,2020,International Law,,International Law Past Paper 2020,https://cssaspirants.pk/wp-content/uploads/2021/09/International-Law-2020.pdf,https://cssaspirants.pk/css-past-papers/international-law/,Federal Public Service Commission (FPSC),third_party_hosted_exam_paper,link_and_title_verified; PDF content not republished,2026-07-16
CSS Competitive Examination,2020,History of USA,,History of USA Past Paper 2020,https://cssaspirants.pk/wp-content/uploads/2021/09/History-of-USA-2020.pdf,https://cssaspirants.pk/css-past-papers/history-of-usa/,Federal Public Service Commission (FPSC),third_party_hosted_exam_paper,link_and_title_verified; PDF content not republished,2026-07-16
CSS Competitive Examination,2020,History of Pakistan & India,,History of Pakistan & India Past Paper 2020,https://cssaspirants.pk/wp-content/uploads/2021/09/History-of-Pakistan-India-2020.pdf,https://cssaspirants.pk/css-past-papers/history-of-pakistan-india/,Federal Public Service Commission (FPSC),third_party_hosted_exam_paper,link_and_title_verified; PDF content not republished,2026-07-16
CSS Competitive Examination,2020,Governance & Public Policies,,Governance and Public Policy Past Paper 2020,https://cssaspirants.pk/wp-content/uploads/2021/09/Governance-Public-Policies-2020.pdf,https://cssaspirants.pk/css-past-papers/governance-public-policies/,Federal Public Service Commission (FPSC),third_party_hosted_exam_paper,link_and_title_verified; PDF content not republished,2026-07-16
CSS Competitive Examination,2020,Geology,,Geology Past Paper 2020,https://cssaspirants.pk/wp-content/uploads/2021/09/Geology-2020.pdf,https://cssaspirants.pk/css-past-papers/geology/,Federal Public Service Commission (FPSC),third_party_hosted_exam_paper,link_and_title_verified; PDF content not republished,2026-07-16
CSS Competitive Examination,2020,Geography,,Geography Past Paper 2020,https://cssaspirants.pk/wp-content/uploads/2021/09/Geography-2020.pdf,https://cssaspirants.pk/css-past-papers/geography/,Federal Public Service Commission (FPSC),third_party_hosted_exam_paper,link_and_title_verified; PDF content not republished,2026-07-16
CSS Competitive Examination,2020,General Science & Ability,,General Science & Ability Past Paper 2020,https://cssaspirants.pk/wp-content/uploads/2021/08/General-Science-Ability-2020.pdf,https://cssaspirants.pk/css-past-papers/general-science-ability/,Federal Public Service Commission (FPSC),third_party_hosted_exam_paper,link_and_title_verified; PDF content not republished,2026-07-16
CSS Competitive Examination,2020,Gender Studies,,Gender Studies Past Paper 2020,https://cssaspirants.pk/wp-content/uploads/2021/09/Gender-Studies-2020.pdf,https://cssaspirants.pk/css-past-papers/gender-studies/,Federal Public Service Commission (FPSC),third_party_hosted_exam_paper,link_and_title_verified; PDF content not republished,2026-07-16
CSS Competitive Examination,2020,European History,,European History Past Paper 2020,https://cssaspirants.pk/wp-content/uploads/2021/09/European-History-2020.pdf,https://cssaspirants.pk/css-past-papers/european-history/,Federal Public Service Commission (FPSC),third_party_hosted_exam_paper,link_and_title_verified; PDF content not republished,2026-07-16
CSS Competitive Examination,2020,Environmental Sciences,,Environmental Sciences Past Paper 2020,https://cssaspirants.pk/wp-content/uploads/2021/09/Environmental-Sciences-2020.pdf,https://cssaspirants.pk/css-past-papers/environmental-sciences/,Federal Public Service Commission (FPSC),third_party_hosted_exam_paper,link_and_title_verified; PDF content not republished,2026-07-16
CSS Competitive Examination,2020,English Literature,,English Literature Past Paper 2020,https://cssaspirants.pk/wp-content/uploads/2021/09/English-Literature-2020.pdf,https://cssaspirants.pk/css-past-papers/english-literature/,Federal Public Service Commission (FPSC),third_party_hosted_exam_paper,link_and_title_verified; PDF content not republished,2026-07-16
CSS Competitive Examination,2020,English Essay,,Essay Past Paper 2020,https://cssaspirants.pk/wp-content/uploads/2021/08/Essay-2020.pdf,https://cssaspirants.pk/css-past-papers/english-essay/,Federal Public Service Commission (FPSC),third_party_hosted_exam_paper,link_and_title_verified; PDF content not republished,2026-07-16
CSS Competitive Examination,2020,English (Precis and Composition),,English Precis and Composition Past Paper 2020,https://cssaspirants.pk/wp-content/uploads/2021/08/English-PC-2020.pdf,https://cssaspirants.pk/css-past-papers/english-precis-and-composition/,Federal Public Service Commission (FPSC),third_party_hosted_exam_paper,link_and_title_verified; PDF content not republished,2026-07-16
CSS Competitive Examination,2020,Economics,,Economics Past Paper 2020,https://cssaspirants.pk/wp-content/uploads/2021/09/Economics-2020.pdf,https://cssaspirants.pk/css-past-papers/economics/,Federal Public Service Commission (FPSC),third_party_hosted_exam_paper,link_and_title_verified; PDF content not republished,2026-07-16
CSS Competitive Examination,2020,Current Affairs,,Current Affairs Past Paper 2020,https://cssaspirants.pk/wp-content/uploads/2021/08/Current-Affairs-2020.pdf,https://cssaspirants.pk/css-past-papers/current-affairs/,Federal Public Service Commission (FPSC),third_party_hosted_exam_paper,link_and_title_verified; PDF content not republished,2026-07-16
CSS Competitive Examination,2020,Criminology,,Criminology Past Paper 2020,https://cssaspirants.pk/wp-content/uploads/2021/09/Criminology-2020.pdf,https://cssaspirants.pk/css-past-papers/criminology/,Federal Public Service Commission (FPSC),third_party_hosted_exam_paper,link_and_title_verified; PDF content not republished,2026-07-16
CSS Competitive Examination,2020,Constitutional Law,,Constitutional Law Past Paper 2020,https://cssaspirants.pk/wp-content/uploads/2021/09/Constitutional-Law-2020.pdf,https://cssaspirants.pk/css-past-papers/constitutional-law/,Federal Public Service Commission (FPSC),third_party_hosted_exam_paper,link_and_title_verified; PDF content not republished,2026-07-16
CSS Competitive Examination,2020,Computer Science,,Computer Science Past Paper 2020,https://cssaspirants.pk/wp-content/uploads/2021/09/Computer-Science-2020.pdf,https://cssaspirants.pk/css-past-papers/computer-science/,Federal Public Service Commission (FPSC),third_party_hosted_exam_paper,link_and_title_verified; PDF content not republished,2026-07-16
CSS Competitive Examination,2020,Comparative Study of Major Religions,,Comparative Study of Major Religions Past Paper 2020,https://cssaspirants.pk/wp-content/uploads/2021/08/Comparative-Studies-2020.pdf,https://cssaspirants.pk/css-past-papers/comparative-study-of-major-religions/,Federal Public Service Commission (FPSC),third_party_hosted_exam_paper,link_and_title_verified; PDF content not republished,2026-07-16
CSS Competitive Examination,2020,Chemistry,,Chemistry Past Paper 2020,https://cssaspirants.pk/wp-content/uploads/2021/09/Chemistry-2020.pdf,https://cssaspirants.pk/css-past-papers/chemistry/,Federal Public Service Commission (FPSC),third_party_hosted_exam_paper,link_and_title_verified; PDF content not republished,2026-07-16
CSS Competitive Examination,2020,Business Administration,,Business Administration Past Paper 2020,https://cssaspirants.pk/wp-content/uploads/2021/09/Business-Administration-2020.pdf,https://cssaspirants.pk/css-past-papers/business-administration/,Federal Public Service Commission (FPSC),third_party_hosted_exam_paper,link_and_title_verified; PDF content not republished,2026-07-16
CSS Competitive Examination,2020,British History,,British History Past Paper 2020,https://cssaspirants.pk/wp-content/uploads/2021/09/British-History-2020.pdf,https://cssaspirants.pk/css-past-papers/british-history/,Federal Public Service Commission (FPSC),third_party_hosted_exam_paper,link_and_title_verified; PDF content not republished,2026-07-16
CSS Competitive Examination,2020,Botany,,Botany Past Paper 2020,https://cssaspirants.pk/wp-content/uploads/2021/09/Botany-2020.pdf,https://cssaspirants.pk/css-past-papers/botany/,Federal Public Service Commission (FPSC),third_party_hosted_exam_paper,link_and_title_verified; PDF content not republished,2026-07-16
CSS Competitive Examination,2020,Balochi,,Balochi Past Paper 2020,https://cssaspirants.pk/wp-content/uploads/2021/09/Balochi-2020.pdf,https://cssaspirants.pk/css-past-papers/balochi/,Federal Public Service Commission (FPSC),third_party_hosted_exam_paper,link_and_title_verified; PDF content not republished,2026-07-16
CSS Competitive Examination,2020,Arabic,,Arabic Past Paper 2020,https://cssaspirants.pk/wp-content/uploads/2021/09/Arabic-2020.pdf,https://cssaspirants.pk/css-past-papers/arabic/,Federal Public Service Commission (FPSC),third_party_hosted_exam_paper,link_and_title_verified; PDF content not republished,2026-07-16
CSS Competitive Examination,2020,Applied Mathematics,,Applied Mathematics Past Paper 2020,https://cssaspirants.pk/wp-content/uploads/2021/09/Applied-Mathematics-2020.pdf,https://cssaspirants.pk/css-past-papers/applied-mathematics/,Federal Public Service Commission (FPSC),third_party_hosted_exam_paper,link_and_title_verified; PDF content not republished,2026-07-16
CSS Competitive Examination,2020,Anthropology,,Anthropology Past Paper 2020,https://cssaspirants.pk/wp-content/uploads/2021/09/Anthropology-2020.pdf,https://cssaspirants.pk/css-past-papers/anthropology/,Federal Public Service Commission (FPSC),third_party_hosted_exam_paper,link_and_title_verified; PDF content not republished,2026-07-16
CSS Competitive Examination,2020,Agriculture & Forestry,,Agriculture & Forestry Past Paper 2020,https://cssaspirants.pk/wp-content/uploads/2021/09/Agriculture-Forestry-2020.pdf,https://cssaspirants.pk/css-past-papers/agriculture-forestry/,Federal Public Service Commission (FPSC),third_party_hosted_exam_paper,link_and_title_verified; PDF content not republished,2026-07-16
CSS Competitive Examination,2020,Accountancy & Auditing,,Accounting and Auditing Past Paper 2020,https://cssaspirants.pk/wp-content/uploads/2021/09/Accountancy-Auditing-2020.pdf,https://cssaspirants.pk/css-past-papers/accounting-and-auditing/,Federal Public Service Commission (FPSC),third_party_hosted_exam_paper,link_and_title_verified; PDF content not republished,2026-07-16
CSS Competitive Examination,2019,Zoology,,Zoology Past Paper 2019,https://cssaspirants.pk/wp-content/uploads/2021/09/Zoology-2019.pdf,https://cssaspirants.pk/css-past-papers/zoology/,Federal Public Service Commission (FPSC),third_party_hosted_exam_paper,link_and_title_verified; PDF content not republished,2026-07-16
CSS Competitive Examination,2019,Urdu Literature,,Urdu Literature Past Paper 2019,https://cssaspirants.pk/wp-content/uploads/2021/09/Urdu-Literature-2019.pdf,https://cssaspirants.pk/css-past-papers/urdu-literature/,Federal Public Service Commission (FPSC),third_party_hosted_exam_paper,link_and_title_verified; PDF content not republished,2026-07-16
CSS Competitive Examination,2019,Town Planning & Urban Management,,Town Planning and Urban Management Past Paper 2019,https://cssaspirants.pk/wp-content/uploads/2021/09/Town-Planning-Urban-Management-2019.pdf,https://cssaspirants.pk/css-past-papers/town-planning-urban-management/,Federal Public Service Commission (FPSC),third_party_hosted_exam_paper,link_and_title_verified; PDF content not republished,2026-07-16
CSS Competitive Examination,2019,Statistics,,Statistics Past Paper 2019,https://cssaspirants.pk/wp-content/uploads/2021/09/Statistics-2019.pdf,https://cssaspirants.pk/css-past-papers/statistics/,Federal Public Service Commission (FPSC),third_party_hosted_exam_paper,link_and_title_verified; PDF content not republished,2026-07-16
CSS Competitive Examination,2019,Sociology,,Sociology Past Paper 2019,https://cssaspirants.pk/wp-content/uploads/2021/09/Sociology-2019.pdf,https://cssaspirants.pk/css-past-papers/sociology/,Federal Public Service Commission (FPSC),third_party_hosted_exam_paper,link_and_title_verified; PDF content not republished,2026-07-16
CSS Competitive Examination,2019,Sindhi,,Sindhi Past Paper 2019,https://cssaspirants.pk/wp-content/uploads/2021/09/Sindhi-2019.pdf,https://cssaspirants.pk/css-past-papers/sindhi/,Federal Public Service Commission (FPSC),third_party_hosted_exam_paper,link_and_title_verified; PDF content not republished,2026-07-16
CSS Competitive Examination,2019,Pure Mathematics,,Pure Mathematics Past Paper 2019,https://cssaspirants.pk/wp-content/uploads/2021/09/Pure-Mathematics-2019.pdf,https://cssaspirants.pk/css-past-papers/pure-mathematics/,Federal Public Service Commission (FPSC),third_party_hosted_exam_paper,link_and_title_verified; PDF content not republished,2026-07-16
CSS Competitive Examination,2019,Punjabi,,Punjabi Past Paper 2019,https://cssaspirants.pk/wp-content/uploads/2021/09/Punjabi-2019.pdf,https://cssaspirants.pk/css-past-papers/punjabi/,Federal Public Service Commission (FPSC),third_party_hosted_exam_paper,link_and_title_verified; PDF content not republished,2026-07-16
CSS Competitive Examination,2019,Public Administration,,Public Administration Past Paper 2019,https://cssaspirants.pk/wp-content/uploads/2021/09/Public-Administration-2019.pdf,https://cssaspirants.pk/css-past-papers/public-administration/,Federal Public Service Commission (FPSC),third_party_hosted_exam_paper,link_and_title_verified; PDF content not republished,2026-07-16
CSS Competitive Examination,2019,Psychology,,Psychology Past Paper 2019,https://cssaspirants.pk/wp-content/uploads/2021/09/Psychology-2019.pdf,https://cssaspirants.pk/css-past-papers/psychology/,Federal Public Service Commission (FPSC),third_party_hosted_exam_paper,link_and_title_verified; PDF content not republished,2026-07-16
CSS Competitive Examination,2019,Political Science,,Political Science Past Paper 2019,https://cssaspirants.pk/wp-content/uploads/2021/09/Political-Science-2019.pdf,https://cssaspirants.pk/css-past-papers/political-science/,Federal Public Service Commission (FPSC),third_party_hosted_exam_paper,link_and_title_verified; PDF content not republished,2026-07-16
CSS Competitive Examination,2019,Physics,,Physics Past Paper 2019,https://cssaspirants.pk/wp-content/uploads/2021/09/Physics-2019.pdf,https://cssaspirants.pk/css-past-papers/physics/,Federal Public Service Commission (FPSC),third_party_hosted_exam_paper,link_and_title_verified; PDF content not republished,2026-07-16
CSS Competitive Examination,2019,Philosophy,,Philosophy Past Paper 2019,https://cssaspirants.pk/wp-content/uploads/2021/09/Philosophy-2019.pdf,https://cssaspirants.pk/css-past-papers/philosophy/,Federal Public Service Commission (FPSC),third_party_hosted_exam_paper,link_and_title_verified; PDF content not republished,2026-07-16
CSS Competitive Examination,2019,Persian,,Persian Past Paper 2019,https://cssaspirants.pk/wp-content/uploads/2021/09/Persian-2019.pdf,https://cssaspirants.pk/css-past-papers/persian/,Federal Public Service Commission (FPSC),third_party_hosted_exam_paper,link_and_title_verified; PDF content not republished,2026-07-16
CSS Competitive Examination,2019,Pashto,,Pashto Past Paper 2019,https://cssaspirants.pk/wp-content/uploads/2021/09/Pashto-2019.pdf,https://cssaspirants.pk/css-past-papers/pashto/,Federal Public Service Commission (FPSC),third_party_hosted_exam_paper,link_and_title_verified; PDF content not republished,2026-07-16
CSS Competitive Examination,2019,Pakistan Affairs,,Pakistan Affairs Past Paper 2019,https://cssaspirants.pk/wp-content/uploads/2021/08/Pakistan-Affairs-2019.pdf,https://cssaspirants.pk/css-past-papers/pakistan-affairs/,Federal Public Service Commission (FPSC),third_party_hosted_exam_paper,link_and_title_verified; PDF content not republished,2026-07-16
CSS Competitive Examination,2019,Muslim Law & Jurisprudence,,Muslim Law & Jurisprudence Past Paper 2019,https://cssaspirants.pk/wp-content/uploads/2021/09/Muslim-Law-Jurisprudence-2019.pdf,https://cssaspirants.pk/css-past-papers/muslim-law-jurisprudence/,Federal Public Service Commission (FPSC),third_party_hosted_exam_paper,link_and_title_verified; PDF content not republished,2026-07-16
CSS Competitive Examination,2019,Mercantile Law,,Mercantile Law Past Paper 2019,https://cssaspirants.pk/wp-content/uploads/2021/09/Mercantile-Law-2019.pdf,https://cssaspirants.pk/css-past-papers/mercantile-law/,Federal Public Service Commission (FPSC),third_party_hosted_exam_paper,link_and_title_verified; PDF content not republished,2026-07-16
CSS Competitive Examination,2019,Law,,Law Past Paper 2019,https://cssaspirants.pk/wp-content/uploads/2021/09/Law-2019.pdf,https://cssaspirants.pk/css-past-papers/law/,Federal Public Service Commission (FPSC),third_party_hosted_exam_paper,link_and_title_verified; PDF content not republished,2026-07-16
CSS Competitive Examination,2019,Journalism & Mass Communication,,Journalism & Mass Communication Past Paper 2019,https://cssaspirants.pk/wp-content/uploads/2021/09/Journalism-2019.pdf,https://cssaspirants.pk/css-past-papers/journalism-mass-communication/,Federal Public Service Commission (FPSC),third_party_hosted_exam_paper,link_and_title_verified; PDF content not republished,2026-07-16
CSS Competitive Examination,2019,Islamic Studies,,Islamiat Past Paper 2019,https://cssaspirants.pk/wp-content/uploads/2021/08/Islamiat-2019.pdf,https://cssaspirants.pk/css-past-papers/islamic-studies/,Federal Public Service Commission (FPSC),third_party_hosted_exam_paper,link_and_title_verified; PDF content not republished,2026-07-16
CSS Competitive Examination,2019,Islamic History & Culture,,Islamic History & Culture Past Paper 2019,https://cssaspirants.pk/wp-content/uploads/2021/09/Islamic-History-Culture-2019.pdf,https://cssaspirants.pk/css-past-papers/islamic-history-culture/,Federal Public Service Commission (FPSC),third_party_hosted_exam_paper,link_and_title_verified; PDF content not republished,2026-07-16
CSS Competitive Examination,2019,International Relations,,International Relations Past Paper 2019,https://cssaspirants.pk/wp-content/uploads/2021/09/International-Relations-2019.pdf,https://cssaspirants.pk/css-past-papers/international-relations/,Federal Public Service Commission (FPSC),third_party_hosted_exam_paper,link_and_title_verified; PDF content not republished,2026-07-16
CSS Competitive Examination,2019,International Law,,International Law Past Paper 2019,https://cssaspirants.pk/wp-content/uploads/2021/09/International-Law-2019.pdf,https://cssaspirants.pk/css-past-papers/international-law/,Federal Public Service Commission (FPSC),third_party_hosted_exam_paper,link_and_title_verified; PDF content not republished,2026-07-16
CSS Competitive Examination,2019,History of USA,,History of USA Past Paper 2019,https://cssaspirants.pk/wp-content/uploads/2021/09/History-of-USA-2019.pdf,https://cssaspirants.pk/css-past-papers/history-of-usa/,Federal Public Service Commission (FPSC),third_party_hosted_exam_paper,link_and_title_verified; PDF content not republished,2026-07-16
CSS Competitive Examination,2019,History of Pakistan & India,,History of Pakistan & India Past Paper 2019,https://cssaspirants.pk/wp-content/uploads/2021/09/History-of-Pakistan-India-2019.pdf,https://cssaspirants.pk/css-past-papers/history-of-pakistan-india/,Federal Public Service Commission (FPSC),third_party_hosted_exam_paper,link_and_title_verified; PDF content not republished,2026-07-16
CSS Competitive Examination,2019,Governance & Public Policies,,Governance and Public Policy Past Paper 2019,https://cssaspirants.pk/wp-content/uploads/2021/09/Governance-Public-Policies-2019.pdf,https://cssaspirants.pk/css-past-papers/governance-public-policies/,Federal Public Service Commission (FPSC),third_party_hosted_exam_paper,link_and_title_verified; PDF content not republished,2026-07-16
CSS Competitive Examination,2019,Geology,,Geology Past Paper 2019,https://cssaspirants.pk/wp-content/uploads/2021/09/Geology-2019.pdf,https://cssaspirants.pk/css-past-papers/geology/,Federal Public Service Commission (FPSC),third_party_hosted_exam_paper,link_and_title_verified; PDF content not republished,2026-07-16
CSS Competitive Examination,2019,Geography,,Geography Past Paper 2019,https://cssaspirants.pk/wp-content/uploads/2021/09/Geography-2019.pdf,https://cssaspirants.pk/css-past-papers/geography/,Federal Public Service Commission (FPSC),third_party_hosted_exam_paper,link_and_title_verified; PDF content not republished,2026-07-16
CSS Competitive Examination,2019,General Science & Ability,,General Science & Ability Past Paper 2019,https://cssaspirants.pk/wp-content/uploads/2021/08/General-Science-Ability-2019.pdf,https://cssaspirants.pk/css-past-papers/general-science-ability/,Federal Public Service Commission (FPSC),third_party_hosted_exam_paper,link_and_title_verified; PDF content not republished,2026-07-16
CSS Competitive Examination,2019,Gender Studies,,Gender Studies Past Paper 2019,https://cssaspirants.pk/wp-content/uploads/2021/09/Gender-Studies-2019.pdf,https://cssaspirants.pk/css-past-papers/gender-studies/,Federal Public Service Commission (FPSC),third_party_hosted_exam_paper,link_and_title_verified; PDF content not republished,2026-07-16
CSS Competitive Examination,2019,European History,,European History Past Paper 2019,https://cssaspirants.pk/wp-content/uploads/2021/09/European-History-2019.pdf,https://cssaspirants.pk/css-past-papers/european-history/,Federal Public Service Commission (FPSC),third_party_hosted_exam_paper,link_and_title_verified; PDF content not republished,2026-07-16
CSS Competitive Examination,2019,Environmental Sciences,,Environmental Sciences Past Paper 2019,https://cssaspirants.pk/wp-content/uploads/2021/09/Environmental-Sciences-2019.pdf,https://cssaspirants.pk/css-past-papers/environmental-sciences/,Federal Public Service Commission (FPSC),third_party_hosted_exam_paper,link_and_title_verified; PDF content not republished,2026-07-16
CSS Competitive Examination,2019,English Literature,,English Literature Past Paper 2019,https://cssaspirants.pk/wp-content/uploads/2021/09/English-Literature-2019.pdf,https://cssaspirants.pk/css-past-papers/english-literature/,Federal Public Service Commission (FPSC),third_party_hosted_exam_paper,link_and_title_verified; PDF content not republished,2026-07-16
CSS Competitive Examination,2019,English Essay,,Essay Past Paper 2019,https://cssaspirants.pk/wp-content/uploads/2021/08/Essay-2019.pdf,https://cssaspirants.pk/css-past-papers/english-essay/,Federal Public Service Commission (FPSC),third_party_hosted_exam_paper,link_and_title_verified; PDF content not republished,2026-07-16
CSS Competitive Examination,2019,English (Precis and Composition),,English Precis and Composition Past Paper 2019,https://cssaspirants.pk/wp-content/uploads/2021/08/English-PC-2019.pdf,https://cssaspirants.pk/css-past-papers/english-precis-and-composition/,Federal Public Service Commission (FPSC),third_party_hosted_exam_paper,link_and_title_verified; PDF content not republished,2026-07-16
CSS Competitive Examination,2019,Economics,,Economics Past Paper 2019,https://cssaspirants.pk/wp-content/uploads/2021/09/Economics-2019.pdf,https://cssaspirants.pk/css-past-papers/economics/,Federal Public Service Commission (FPSC),third_party_hosted_exam_paper,link_and_title_verified; PDF content not republished,2026-07-16
CSS Competitive Examination,2019,Current Affairs,,Current Affairs Past Paper 2019,https://cssaspirants.pk/wp-content/uploads/2021/08/Current-Affairs-2019.pdf,https://cssaspirants.pk/css-past-papers/current-affairs/,Federal Public Service Commission (FPSC),third_party_hosted_exam_paper,link_and_title_verified; PDF content not republished,2026-07-16
CSS Competitive Examination,2019,Criminology,,Criminology Past Paper 2019,https://cssaspirants.pk/wp-content/uploads/2021/09/Criminology-2019.pdf,https://cssaspirants.pk/css-past-papers/criminology/,Federal Public Service Commission (FPSC),third_party_hosted_exam_paper,link_and_title_verified; PDF content not republished,2026-07-16
CSS Competitive Examination,2019,Constitutional Law,,Constitutional Law Past Paper 2019,https://cssaspirants.pk/wp-content/uploads/2021/09/Constitutional-Law-2019.pdf,https://cssaspirants.pk/css-past-papers/constitutional-law/,Federal Public Service Commission (FPSC),third_party_hosted_exam_paper,link_and_title_verified; PDF content not republished,2026-07-16
CSS Competitive Examination,2019,Computer Science,,Computer Science Past Paper 2019,https://cssaspirants.pk/wp-content/uploads/2021/09/Computer-Science-2019.pdf,https://cssaspirants.pk/css-past-papers/computer-science/,Federal Public Service Commission (FPSC),third_party_hosted_exam_paper,link_and_title_verified; PDF content not republished,2026-07-16
CSS Competitive Examination,2019,Comparative Study of Major Religions,,Comparative Study of Major Religions Past Paper 2019,https://cssaspirants.pk/wp-content/uploads/2021/08/Comparative-Studies-2019.pdf,https://cssaspirants.pk/css-past-papers/comparative-study-of-major-religions/,Federal Public Service Commission (FPSC),third_party_hosted_exam_paper,link_and_title_verified; PDF content not republished,2026-07-16
CSS Competitive Examination,2019,Chemistry,,Chemistry Past Paper 2019,https://cssaspirants.pk/wp-content/uploads/2021/09/Chemistry-2019.pdf,https://cssaspirants.pk/css-past-papers/chemistry/,Federal Public Service Commission (FPSC),third_party_hosted_exam_paper,link_and_title_verified; PDF content not republished,2026-07-16
CSS Competitive Examination,2019,Business Administration,,Business Administration Past Paper 2019,https://cssaspirants.pk/wp-content/uploads/2021/09/Business-Administration-2019.pdf,https://cssaspirants.pk/css-past-papers/business-administration/,Federal Public Service Commission (FPSC),third_party_hosted_exam_paper,link_and_title_verified; PDF content not republished,2026-07-16
CSS Competitive Examination,2019,British History,,British History Past Paper 2019,https://cssaspirants.pk/wp-content/uploads/2021/09/British-History-2019.pdf,https://cssaspirants.pk/css-past-papers/british-history/,Federal Public Service Commission (FPSC),third_party_hosted_exam_paper,link_and_title_verified; PDF content not republished,2026-07-16
CSS Competitive Examination,2019,Botany,,Botany Past Paper 2019,https://cssaspirants.pk/wp-content/uploads/2021/09/Botany-2019.pdf,https://cssaspirants.pk/css-past-papers/botany/,Federal Public Service Commission (FPSC),third_party_hosted_exam_paper,link_and_title_verified; PDF content not republished,2026-07-16
CSS Competitive Examination,2019,Balochi,,Balochi Past Paper 2019,https://cssaspirants.pk/wp-content/uploads/2021/09/Balochi-2019.pdf,https://cssaspirants.pk/css-past-papers/balochi/,Federal Public Service Commission (FPSC),third_party_hosted_exam_paper,link_and_title_verified; PDF content not republished,2026-07-16
CSS Competitive Examination,2019,Arabic,,Arabic Past Paper 2019,https://cssaspirants.pk/wp-content/uploads/2021/09/Arabic-2019.pdf,https://cssaspirants.pk/css-past-papers/arabic/,Federal Public Service Commission (FPSC),third_party_hosted_exam_paper,link_and_title_verified; PDF content not republished,2026-07-16
CSS Competitive Examination,2019,Applied Mathematics,,Applied Mathematics Past Paper 2019,https://cssaspirants.pk/wp-content/uploads/2021/09/Applied-Mathematics-2019.pdf,https://cssaspirants.pk/css-past-papers/applied-mathematics/,Federal Public Service Commission (FPSC),third_party_hosted_exam_paper,link_and_title_verified; PDF content not republished,2026-07-16
CSS Competitive Examination,2019,Anthropology,,Anthropology Past Paper 2019,https://cssaspirants.pk/wp-content/uploads/2021/09/Anthropology-2019.pdf,https://cssaspirants.pk/css-past-papers/anthropology/,Federal Public Service Commission (FPSC),third_party_hosted_exam_paper,link_and_title_verified; PDF content not republished,2026-07-16
CSS Competitive Examination,2019,Agriculture & Forestry,,Agriculture & Forestry Past Paper 2019,https://cssaspirants.pk/wp-content/uploads/2021/09/Agriculture-Forestry-2019.pdf,https://cssaspirants.pk/css-past-papers/agriculture-forestry/,Federal Public Service Commission (FPSC),third_party_hosted_exam_paper,link_and_title_verified; PDF content not republished,2026-07-16
CSS Competitive Examination,2019,Accountancy & Auditing,,Accounting and Auditing Past Paper 2019,https://cssaspirants.pk/wp-content/uploads/2021/09/Accountancy-Auditing-2019.pdf,https://cssaspirants.pk/css-past-papers/accounting-and-auditing/,Federal Public Service Commission (FPSC),third_party_hosted_exam_paper,link_and_title_verified; PDF content not republished,2026-07-16
CSS Competitive Examination,2018,Zoology,,Zoology Past Paper 2018,https://cssaspirants.pk/wp-content/uploads/2021/09/Zoology-2018.pdf,https://cssaspirants.pk/css-past-papers/zoology/,Federal Public Service Commission (FPSC),third_party_hosted_exam_paper,link_and_title_verified; PDF content not republished,2026-07-16
CSS Competitive Examination,2018,Urdu Literature,,Urdu Literature Past Paper 2018,https://cssaspirants.pk/wp-content/uploads/2021/09/Urdu-Literature-2018.pdf,https://cssaspirants.pk/css-past-papers/urdu-literature/,Federal Public Service Commission (FPSC),third_party_hosted_exam_paper,link_and_title_verified; PDF content not republished,2026-07-16
CSS Competitive Examination,2018,Town Planning & Urban Management,,Town Planning and Urban Management Past Paper 2018,https://cssaspirants.pk/wp-content/uploads/2021/09/Town-Planning-Urban-Management-2018.pdf,https://cssaspirants.pk/css-past-papers/town-planning-urban-management/,Federal Public Service Commission (FPSC),third_party_hosted_exam_paper,link_and_title_verified; PDF content not republished,2026-07-16
CSS Competitive Examination,2018,Statistics,,Statistics Past Paper 2018,https://cssaspirants.pk/wp-content/uploads/2021/09/Statistics-2018.pdf,https://cssaspirants.pk/css-past-papers/statistics/,Federal Public Service Commission (FPSC),third_party_hosted_exam_paper,link_and_title_verified; PDF content not republished,2026-07-16
CSS Competitive Examination,2018,Sociology,,Sociology Past Paper 2018,https://cssaspirants.pk/wp-content/uploads/2021/09/Sociology-2018.pdf,https://cssaspirants.pk/css-past-papers/sociology/,Federal Public Service Commission (FPSC),third_party_hosted_exam_paper,link_and_title_verified; PDF content not republished,2026-07-16
CSS Competitive Examination,2018,Sindhi,,Sindhi Past Paper 2018,https://cssaspirants.pk/wp-content/uploads/2021/09/Sindhi-2018.pdf,https://cssaspirants.pk/css-past-papers/sindhi/,Federal Public Service Commission (FPSC),third_party_hosted_exam_paper,link_and_title_verified; PDF content not republished,2026-07-16
CSS Competitive Examination,2018,Pure Mathematics,,Pure Mathematics Past Paper 2018,https://cssaspirants.pk/wp-content/uploads/2021/09/Pure-Mathematics-2018.pdf,https://cssaspirants.pk/css-past-papers/pure-mathematics/,Federal Public Service Commission (FPSC),third_party_hosted_exam_paper,link_and_title_verified; PDF content not republished,2026-07-16
CSS Competitive Examination,2018,Punjabi,,Punjabi Past Paper 2018,https://cssaspirants.pk/wp-content/uploads/2021/09/Punjabi-2018.pdf,https://cssaspirants.pk/css-past-papers/punjabi/,Federal Public Service Commission (FPSC),third_party_hosted_exam_paper,link_and_title_verified; PDF content not republished,2026-07-16
CSS Competitive Examination,2018,Public Administration,,Public Administration Past Paper 2018,https://cssaspirants.pk/wp-content/uploads/2021/09/Public-Administration-2018.pdf,https://cssaspirants.pk/css-past-papers/public-administration/,Federal Public Service Commission (FPSC),third_party_hosted_exam_paper,link_and_title_verified; PDF content not republished,2026-07-16
CSS Competitive Examination,2018,Psychology,,Psychology Past Paper 2018,https://cssaspirants.pk/wp-content/uploads/2021/09/Psychology-2018.pdf,https://cssaspirants.pk/css-past-papers/psychology/,Federal Public Service Commission (FPSC),third_party_hosted_exam_paper,link_and_title_verified; PDF content not republished,2026-07-16
CSS Competitive Examination,2018,Political Science,,Political Science Past Paper 2018,https://cssaspirants.pk/wp-content/uploads/2021/09/Political-Science-2018.pdf,https://cssaspirants.pk/css-past-papers/political-science/,Federal Public Service Commission (FPSC),third_party_hosted_exam_paper,link_and_title_verified; PDF content not republished,2026-07-16
CSS Competitive Examination,2018,Physics,,Physics Past Paper 2018,https://cssaspirants.pk/wp-content/uploads/2021/09/Physics-2018.pdf,https://cssaspirants.pk/css-past-papers/physics/,Federal Public Service Commission (FPSC),third_party_hosted_exam_paper,link_and_title_verified; PDF content not republished,2026-07-16
CSS Competitive Examination,2018,Philosophy,,Philosophy Past Paper 2018,https://cssaspirants.pk/wp-content/uploads/2021/09/Philosophy-2018.pdf,https://cssaspirants.pk/css-past-papers/philosophy/,Federal Public Service Commission (FPSC),third_party_hosted_exam_paper,link_and_title_verified; PDF content not republished,2026-07-16
CSS Competitive Examination,2018,Persian,,Persian Past Paper 2018,https://cssaspirants.pk/wp-content/uploads/2021/09/Persian-2018.pdf,https://cssaspirants.pk/css-past-papers/persian/,Federal Public Service Commission (FPSC),third_party_hosted_exam_paper,link_and_title_verified; PDF content not republished,2026-07-16
CSS Competitive Examination,2018,Pashto,,Pashto Past Paper 2018,https://cssaspirants.pk/wp-content/uploads/2021/09/Pashto-2018.pdf,https://cssaspirants.pk/css-past-papers/pashto/,Federal Public Service Commission (FPSC),third_party_hosted_exam_paper,link_and_title_verified; PDF content not republished,2026-07-16
CSS Competitive Examination,2018,Pakistan Affairs,,Pakistan Affairs Past Paper 2018,https://cssaspirants.pk/wp-content/uploads/2021/08/Pakistan-Affairs-2018.pdf,https://cssaspirants.pk/css-past-papers/pakistan-affairs/,Federal Public Service Commission (FPSC),third_party_hosted_exam_paper,link_and_title_verified; PDF content not republished,2026-07-16
CSS Competitive Examination,2018,Muslim Law & Jurisprudence,,Muslim Law & Jurisprudence Past Paper 2018,https://cssaspirants.pk/wp-content/uploads/2021/09/Muslim-Law-Jurisprudence-2018.pdf,https://cssaspirants.pk/css-past-papers/muslim-law-jurisprudence/,Federal Public Service Commission (FPSC),third_party_hosted_exam_paper,link_and_title_verified; PDF content not republished,2026-07-16
CSS Competitive Examination,2018,Mercantile Law,,Mercantile Law Past Paper 2018,https://cssaspirants.pk/wp-content/uploads/2021/09/Mercantile-Law-2018.pdf,https://cssaspirants.pk/css-past-papers/mercantile-law/,Federal Public Service Commission (FPSC),third_party_hosted_exam_paper,link_and_title_verified; PDF content not republished,2026-07-16
CSS Competitive Examination,2018,Law,,Law Past Paper 2018,https://cssaspirants.pk/wp-content/uploads/2021/09/Law-2018.pdf,https://cssaspirants.pk/css-past-papers/law/,Federal Public Service Commission (FPSC),third_party_hosted_exam_paper,link_and_title_verified; PDF content not republished,2026-07-16
CSS Competitive Examination,2018,Journalism & Mass Communication,,Journalism & Mass Communication Past Paper 2018,https://cssaspirants.pk/wp-content/uploads/2021/09/Journalism-2018.pdf,https://cssaspirants.pk/css-past-papers/journalism-mass-communication/,Federal Public Service Commission (FPSC),third_party_hosted_exam_paper,link_and_title_verified; PDF content not republished,2026-07-16
CSS Competitive Examination,2018,Islamic Studies,,Islamiat Past Paper 2018,https://cssaspirants.pk/wp-content/uploads/2021/08/Islamiat-2018.pdf,https://cssaspirants.pk/css-past-papers/islamic-studies/,Federal Public Service Commission (FPSC),third_party_hosted_exam_paper,link_and_title_verified; PDF content not republished,2026-07-16
CSS Competitive Examination,2018,Islamic History & Culture,,Islamic History & Culture Past Paper 2018,https://cssaspirants.pk/wp-content/uploads/2021/09/Islamic-History-Culture-2018.pdf,https://cssaspirants.pk/css-past-papers/islamic-history-culture/,Federal Public Service Commission (FPSC),third_party_hosted_exam_paper,link_and_title_verified; PDF content not republished,2026-07-16
CSS Competitive Examination,2018,International Relations,,International Relations Past Paper 2018,https://cssaspirants.pk/wp-content/uploads/2021/09/International-Relations-2018.pdf,https://cssaspirants.pk/css-past-papers/international-relations/,Federal Public Service Commission (FPSC),third_party_hosted_exam_paper,link_and_title_verified; PDF content not republished,2026-07-16
CSS Competitive Examination,2018,International Law,,International Law Past Paper 2018,https://cssaspirants.pk/wp-content/uploads/2021/09/International-Law-2018.pdf,https://cssaspirants.pk/css-past-papers/international-law/,Federal Public Service Commission (FPSC),third_party_hosted_exam_paper,link_and_title_verified; PDF content not republished,2026-07-16
CSS Competitive Examination,2018,History of USA,,History of USA Past Paper 2018,https://cssaspirants.pk/wp-content/uploads/2021/09/History-of-USA-2018.pdf,https://cssaspirants.pk/css-past-papers/history-of-usa/,Federal Public Service Commission (FPSC),third_party_hosted_exam_paper,link_and_title_verified; PDF content not republished,2026-07-16
CSS Competitive Examination,2018,History of Pakistan & India,,History of Pakistan & India Past Paper 2018,https://cssaspirants.pk/wp-content/uploads/2021/09/History-of-Pakistan-India-2018.pdf,https://cssaspirants.pk/css-past-papers/history-of-pakistan-india/,Federal Public Service Commission (FPSC),third_party_hosted_exam_paper,link_and_title_verified; PDF content not republished,2026-07-16
CSS Competitive Examination,2018,Governance & Public Policies,,Governance and Public Policy Past Paper 2018,https://cssaspirants.pk/wp-content/uploads/2021/09/Governance-Public-Policies-2018.pdf,https://cssaspirants.pk/css-past-papers/governance-public-policies/,Federal Public Service Commission (FPSC),third_party_hosted_exam_paper,link_and_title_verified; PDF content not republished,2026-07-16
CSS Competitive Examination,2018,Geology,,Geology Past Paper 2018,https://cssaspirants.pk/wp-content/uploads/2021/09/Geology-2018.pdf,https://cssaspirants.pk/css-past-papers/geology/,Federal Public Service Commission (FPSC),third_party_hosted_exam_paper,link_and_title_verified; PDF content not republished,2026-07-16
CSS Competitive Examination,2018,Geography,,Geography Past Paper 2018,https://cssaspirants.pk/wp-content/uploads/2021/09/Geography-2018.pdf,https://cssaspirants.pk/css-past-papers/geography/,Federal Public Service Commission (FPSC),third_party_hosted_exam_paper,link_and_title_verified; PDF content not republished,2026-07-16
CSS Competitive Examination,2018,General Science & Ability,,General Science & Ability Past Paper 2018,https://cssaspirants.pk/wp-content/uploads/2021/08/General-Science-Ability-2018.pdf,https://cssaspirants.pk/css-past-papers/general-science-ability/,Federal Public Service Commission (FPSC),third_party_hosted_exam_paper,link_and_title_verified; PDF content not republished,2026-07-16
CSS Competitive Examination,2018,Gender Studies,,Gender Studies Past Paper 2018,https://cssaspirants.pk/wp-content/uploads/2021/09/Gender-Studies-2018.pdf,https://cssaspirants.pk/css-past-papers/gender-studies/,Federal Public Service Commission (FPSC),third_party_hosted_exam_paper,link_and_title_verified; PDF content not republished,2026-07-16
CSS Competitive Examination,2018,European History,,European History Past Paper 2018,https://cssaspirants.pk/wp-content/uploads/2021/09/European-History-2018.pdf,https://cssaspirants.pk/css-past-papers/european-history/,Federal Public Service Commission (FPSC),third_party_hosted_exam_paper,link_and_title_verified; PDF content not republished,2026-07-16
CSS Competitive Examination,2018,Environmental Sciences,,Environmental Sciences Past Paper 2018,https://cssaspirants.pk/wp-content/uploads/2021/09/Environmental-Sciences-2018.pdf,https://cssaspirants.pk/css-past-papers/environmental-sciences/,Federal Public Service Commission (FPSC),third_party_hosted_exam_paper,link_and_title_verified; PDF content not republished,2026-07-16
CSS Competitive Examination,2018,English Literature,,English Literature Past Paper 2018,https://cssaspirants.pk/wp-content/uploads/2021/09/English-Literature-2018.pdf,https://cssaspirants.pk/css-past-papers/english-literature/,Federal Public Service Commission (FPSC),third_party_hosted_exam_paper,link_and_title_verified; PDF content not republished,2026-07-16
CSS Competitive Examination,2018,English Essay,,Essay Past Paper 2018,https://cssaspirants.pk/wp-content/uploads/2021/08/Essay-2018.pdf,https://cssaspirants.pk/css-past-papers/english-essay/,Federal Public Service Commission (FPSC),third_party_hosted_exam_paper,link_and_title_verified; PDF content not republished,2026-07-16
CSS Competitive Examination,2018,English (Precis and Composition),,English Precis and Composition Past Paper 2018,https://cssaspirants.pk/wp-content/uploads/2021/08/English-PC-2018.pdf,https://cssaspirants.pk/css-past-papers/english-precis-and-composition/,Federal Public Service Commission (FPSC),third_party_hosted_exam_paper,link_and_title_verified; PDF content not republished,2026-07-16
CSS Competitive Examination,2018,Economics,,Economics Past Paper 2018,https://cssaspirants.pk/wp-content/uploads/2021/09/Economics-2018.pdf,https://cssaspirants.pk/css-past-papers/economics/,Federal Public Service Commission (FPSC),third_party_hosted_exam_paper,link_and_title_verified; PDF content not republished,2026-07-16
CSS Competitive Examination,2018,Current Affairs,,Current Affairs Past Paper 2018,https://cssaspirants.pk/wp-content/uploads/2021/08/Current-Affairs-2018.pdf,https://cssaspirants.pk/css-past-papers/current-affairs/,Federal Public Service Commission (FPSC),third_party_hosted_exam_paper,link_and_title_verified; PDF content not republished,2026-07-16
CSS Competitive Examination,2018,Criminology,,Criminology Past Paper 2018,https://cssaspirants.pk/wp-content/uploads/2021/09/Criminology-2018.pdf,https://cssaspirants.pk/css-past-papers/criminology/,Federal Public Service Commission (FPSC),third_party_hosted_exam_paper,link_and_title_verified; PDF content not republished,2026-07-16
CSS Competitive Examination,2018,Constitutional Law,,Constitutional Law Past Paper 2018,https://cssaspirants.pk/wp-content/uploads/2021/09/Constitutional-Law-2018.pdf,https://cssaspirants.pk/css-past-papers/constitutional-law/,Federal Public Service Commission (FPSC),third_party_hosted_exam_paper,link_and_title_verified; PDF content not republished,2026-07-16
CSS Competitive Examination,2018,Computer Science,,Computer Science Past Paper 2018,https://cssaspirants.pk/wp-content/uploads/2021/09/Computer-Science-2018.pdf,https://cssaspirants.pk/css-past-papers/computer-science/,Federal Public Service Commission (FPSC),third_party_hosted_exam_paper,link_and_title_verified; PDF content not republished,2026-07-16
CSS Competitive Examination,2018,Comparative Study of Major Religions,,Comparative Study of Major Religions Past Paper 2018,https://cssaspirants.pk/wp-content/uploads/2021/08/Comparative-Studies-2018.pdf,https://cssaspirants.pk/css-past-papers/comparative-study-of-major-religions/,Federal Public Service Commission (FPSC),third_party_hosted_exam_paper,link_and_title_verified; PDF content not republished,2026-07-16
CSS Competitive Examination,2018,Chemistry,,Chemistry Past Paper 2018,https://cssaspirants.pk/wp-content/uploads/2021/09/Chemistry-2018.pdf,https://cssaspirants.pk/css-past-papers/chemistry/,Federal Public Service Commission (FPSC),third_party_hosted_exam_paper,link_and_title_verified; PDF content not republished,2026-07-16
CSS Competitive Examination,2018,Business Administration,,Business Administration Past Paper 2018,https://cssaspirants.pk/wp-content/uploads/2021/09/Business-Administration-2018.pdf,https://cssaspirants.pk/css-past-papers/business-administration/,Federal Public Service Commission (FPSC),third_party_hosted_exam_paper,link_and_title_verified; PDF content not republished,2026-07-16
CSS Competitive Examination,2018,British History,,British History Past Paper 2018,https://cssaspirants.pk/wp-content/uploads/2021/09/British-History-2018.pdf,https://cssaspirants.pk/css-past-papers/british-history/,Federal Public Service Commission (FPSC),third_party_hosted_exam_paper,link_and_title_verified; PDF content not republished,2026-07-16
CSS Competitive Examination,2018,Botany,,Botany Past Paper 2018,https://cssaspirants.pk/wp-content/uploads/2021/09/Botany-2018.pdf,https://cssaspirants.pk/css-past-papers/botany/,Federal Public Service Commission (FPSC),third_party_hosted_exam_paper,link_and_title_verified; PDF content not republished,2026-07-16
CSS Competitive Examination,2018,Balochi,,Balochi Past Paper 2018,https://cssaspirants.pk/wp-content/uploads/2021/09/Balochi-2018.pdf,https://cssaspirants.pk/css-past-papers/balochi/,Federal Public Service Commission (FPSC),third_party_hosted_exam_paper,link_and_title_verified; PDF content not republished,2026-07-16
CSS Competitive Examination,2018,Arabic,,Arabic Past Paper 2018,https://cssaspirants.pk/wp-content/uploads/2021/09/Arabic-2018.pdf,https://cssaspirants.pk/css-past-papers/arabic/,Federal Public Service Commission (FPSC),third_party_hosted_exam_paper,link_and_title_verified; PDF content not republished,2026-07-16
CSS Competitive Examination,2018,Applied Mathematics,,Applied Mathematics Past Paper 2018,https://cssaspirants.pk/wp-content/uploads/2021/09/Applied-Mathematics-2018.pdf,https://cssaspirants.pk/css-past-papers/applied-mathematics/,Federal Public Service Commission (FPSC),third_party_hosted_exam_paper,link_and_title_verified; PDF content not republished,2026-07-16
CSS Competitive Examination,2018,Anthropology,,Anthropology Past Paper 2018,https://cssaspirants.pk/wp-content/uploads/2021/09/Anthropology-2018.pdf,https://cssaspirants.pk/css-past-papers/anthropology/,Federal Public Service Commission (FPSC),third_party_hosted_exam_paper,link_and_title_verified; PDF content not republished,2026-07-16
CSS Competitive Examination,2018,Agriculture & Forestry,,Agriculture & Forestry Past Paper 2018,https://cssaspirants.pk/wp-content/uploads/2021/09/Agriculture-Forestry-2018.pdf,https://cssaspirants.pk/css-past-papers/agriculture-forestry/,Federal Public Service Commission (FPSC),third_party_hosted_exam_paper,link_and_title_verified; PDF content not republished,2026-07-16
CSS Competitive Examination,2018,Accountancy & Auditing,,Accounting and Auditing Past Paper 2018,https://cssaspirants.pk/wp-content/uploads/2021/09/Accountancy-Auditing-2018.pdf,https://cssaspirants.pk/css-past-papers/accounting-and-auditing/,Federal Public Service Commission (FPSC),third_party_hosted_exam_paper,link_and_title_verified; PDF content not republished,2026-07-16
CSS Competitive Examination,2017,Zoology,,Zoology Past Paper 2017,https://cssaspirants.pk/wp-content/uploads/2021/09/Zoology-2017.pdf,https://cssaspirants.pk/css-past-papers/zoology/,Federal Public Service Commission (FPSC),third_party_hosted_exam_paper,link_and_title_verified; PDF content not republished,2026-07-16
CSS Competitive Examination,2017,Urdu Literature,,Urdu Literature Past Paper 2017,https://cssaspirants.pk/wp-content/uploads/2021/09/Urdu-Literature-2017.pdf,https://cssaspirants.pk/css-past-papers/urdu-literature/,Federal Public Service Commission (FPSC),third_party_hosted_exam_paper,link_and_title_verified; PDF content not republished,2026-07-16
CSS Competitive Examination,2017,Town Planning & Urban Management,,Town Planning and Urban Management Past Paper 2017,https://cssaspirants.pk/wp-content/uploads/2021/09/Town-Planning-Urban-Management-2017.pdf,https://cssaspirants.pk/css-past-papers/town-planning-urban-management/,Federal Public Service Commission (FPSC),third_party_hosted_exam_paper,link_and_title_verified; PDF content not republished,2026-07-16
CSS Competitive Examination,2017,Statistics,,Statistics Past Paper 2017,https://cssaspirants.pk/wp-content/uploads/2021/09/Statistics-2017.pdf,https://cssaspirants.pk/css-past-papers/statistics/,Federal Public Service Commission (FPSC),third_party_hosted_exam_paper,link_and_title_verified; PDF content not republished,2026-07-16
CSS Competitive Examination,2017,Sociology,,Sociology Past Paper 2017,https://cssaspirants.pk/wp-content/uploads/2021/09/Sociology-2017.pdf,https://cssaspirants.pk/css-past-papers/sociology/,Federal Public Service Commission (FPSC),third_party_hosted_exam_paper,link_and_title_verified; PDF content not republished,2026-07-16
CSS Competitive Examination,2017,Sindhi,,Sindhi Past Paper 2017,https://cssaspirants.pk/wp-content/uploads/2021/09/Sindhi-2017.pdf,https://cssaspirants.pk/css-past-papers/sindhi/,Federal Public Service Commission (FPSC),third_party_hosted_exam_paper,link_and_title_verified; PDF content not republished,2026-07-16
CSS Competitive Examination,2017,Pure Mathematics,,Pure Mathematics Past Paper 2017,https://cssaspirants.pk/wp-content/uploads/2021/09/Pure-Mathematics-2017.pdf,https://cssaspirants.pk/css-past-papers/pure-mathematics/,Federal Public Service Commission (FPSC),third_party_hosted_exam_paper,link_and_title_verified; PDF content not republished,2026-07-16
CSS Competitive Examination,2017,Punjabi,,Punjabi Past Paper 2017,https://cssaspirants.pk/wp-content/uploads/2021/09/Punjabi-2017.pdf,https://cssaspirants.pk/css-past-papers/punjabi/,Federal Public Service Commission (FPSC),third_party_hosted_exam_paper,link_and_title_verified; PDF content not republished,2026-07-16
CSS Competitive Examination,2017,Public Administration,,Public Administration Past Paper 2017,https://cssaspirants.pk/wp-content/uploads/2021/09/Public-Administration-2017.pdf,https://cssaspirants.pk/css-past-papers/public-administration/,Federal Public Service Commission (FPSC),third_party_hosted_exam_paper,link_and_title_verified; PDF content not republished,2026-07-16
CSS Competitive Examination,2017,Psychology,,Psychology Past Paper 2017,https://cssaspirants.pk/wp-content/uploads/2021/09/Psychology-2017.pdf,https://cssaspirants.pk/css-past-papers/psychology/,Federal Public Service Commission (FPSC),third_party_hosted_exam_paper,link_and_title_verified; PDF content not republished,2026-07-16
CSS Competitive Examination,2017,Political Science,,Political Science Past Paper 2017,https://cssaspirants.pk/wp-content/uploads/2021/09/Political-Science-2017.pdf,https://cssaspirants.pk/css-past-papers/political-science/,Federal Public Service Commission (FPSC),third_party_hosted_exam_paper,link_and_title_verified; PDF content not republished,2026-07-16
CSS Competitive Examination,2017,Physics,,Physics Past Paper 2017,https://cssaspirants.pk/wp-content/uploads/2021/09/Physics-2017.pdf,https://cssaspirants.pk/css-past-papers/physics/,Federal Public Service Commission (FPSC),third_party_hosted_exam_paper,link_and_title_verified; PDF content not republished,2026-07-16
CSS Competitive Examination,2017,Philosophy,,Philosophy Past Paper 2017,https://cssaspirants.pk/wp-content/uploads/2021/09/Philosophy-2017.pdf,https://cssaspirants.pk/css-past-papers/philosophy/,Federal Public Service Commission (FPSC),third_party_hosted_exam_paper,link_and_title_verified; PDF content not republished,2026-07-16
CSS Competitive Examination,2017,Persian,,Persian Past Paper 2017,https://cssaspirants.pk/wp-content/uploads/2021/09/Persian-2017.pdf,https://cssaspirants.pk/css-past-papers/persian/,Federal Public Service Commission (FPSC),third_party_hosted_exam_paper,link_and_title_verified; PDF content not republished,2026-07-16
CSS Competitive Examination,2017,Pashto,,Pashto Past Paper 2017,https://cssaspirants.pk/wp-content/uploads/2021/09/Pashto-2017.pdf,https://cssaspirants.pk/css-past-papers/pashto/,Federal Public Service Commission (FPSC),third_party_hosted_exam_paper,link_and_title_verified; PDF content not republished,2026-07-16
CSS Competitive Examination,2017,Pakistan Affairs,,Pakistan Affairs Past Paper 2017,https://cssaspirants.pk/wp-content/uploads/2021/08/Pakistan-Affairs-2017.pdf,https://cssaspirants.pk/css-past-papers/pakistan-affairs/,Federal Public Service Commission (FPSC),third_party_hosted_exam_paper,link_and_title_verified; PDF content not republished,2026-07-16
CSS Competitive Examination,2017,Muslim Law & Jurisprudence,,Muslim Law & Jurisprudence Past Paper 2017,https://cssaspirants.pk/wp-content/uploads/2021/09/Muslim-Law-Jurisprudence-2017.pdf,https://cssaspirants.pk/css-past-papers/muslim-law-jurisprudence/,Federal Public Service Commission (FPSC),third_party_hosted_exam_paper,link_and_title_verified; PDF content not republished,2026-07-16
CSS Competitive Examination,2017,Mercantile Law,,Mercantile Law Past Paper 2017,https://cssaspirants.pk/wp-content/uploads/2021/09/Mercantile-Law-2017.pdf,https://cssaspirants.pk/css-past-papers/mercantile-law/,Federal Public Service Commission (FPSC),third_party_hosted_exam_paper,link_and_title_verified; PDF content not republished,2026-07-16
CSS Competitive Examination,2017,Law,,Law Past Paper 2017,https://cssaspirants.pk/wp-content/uploads/2021/09/Law-2017.pdf,https://cssaspirants.pk/css-past-papers/law/,Federal Public Service Commission (FPSC),third_party_hosted_exam_paper,link_and_title_verified; PDF content not republished,2026-07-16
CSS Competitive Examination,2017,Journalism & Mass Communication,,Journalism & Mass Communication Past Paper 2017,https://cssaspirants.pk/wp-content/uploads/2021/09/Journalism-2017.pdf,https://cssaspirants.pk/css-past-papers/journalism-mass-communication/,Federal Public Service Commission (FPSC),third_party_hosted_exam_paper,link_and_title_verified; PDF content not republished,2026-07-16
CSS Competitive Examination,2017,Islamic Studies,,Islamiat Past Paper 2017,https://cssaspirants.pk/wp-content/uploads/2021/08/Islamiat-2017.pdf,https://cssaspirants.pk/css-past-papers/islamic-studies/,Federal Public Service Commission (FPSC),third_party_hosted_exam_paper,link_and_title_verified; PDF content not republished,2026-07-16
CSS Competitive Examination,2017,Islamic History & Culture,,Islamic History & Culture Past Paper 2017,https://cssaspirants.pk/wp-content/uploads/2021/09/Islamic-History-Culture-2017.pdf,https://cssaspirants.pk/css-past-papers/islamic-history-culture/,Federal Public Service Commission (FPSC),third_party_hosted_exam_paper,link_and_title_verified; PDF content not republished,2026-07-16
CSS Competitive Examination,2017,International Relations,,International Relations Past Paper 2017,https://cssaspirants.pk/wp-content/uploads/2021/09/International-Relations-2017.pdf,https://cssaspirants.pk/css-past-papers/international-relations/,Federal Public Service Commission (FPSC),third_party_hosted_exam_paper,link_and_title_verified; PDF content not republished,2026-07-16
CSS Competitive Examination,2017,International Law,,International Law Past Paper 2017,https://cssaspirants.pk/wp-content/uploads/2021/09/International-Law-2017.pdf,https://cssaspirants.pk/css-past-papers/international-law/,Federal Public Service Commission (FPSC),third_party_hosted_exam_paper,link_and_title_verified; PDF content not republished,2026-07-16
CSS Competitive Examination,2017,History of USA,,History of USA Past Paper 2017,https://cssaspirants.pk/wp-content/uploads/2021/09/History-of-USA-2017.pdf,https://cssaspirants.pk/css-past-papers/history-of-usa/,Federal Public Service Commission (FPSC),third_party_hosted_exam_paper,link_and_title_verified; PDF content not republished,2026-07-16
CSS Competitive Examination,2017,History of Pakistan & India,,History of Pakistan & India Past Paper 2017,https://cssaspirants.pk/wp-content/uploads/2021/09/History-of-Pakistan-India-2017.pdf,https://cssaspirants.pk/css-past-papers/history-of-pakistan-india/,Federal Public Service Commission (FPSC),third_party_hosted_exam_paper,link_and_title_verified; PDF content not republished,2026-07-16
CSS Competitive Examination,2017,Governance & Public Policies,,Governance and Public Policy Past Paper 2017,https://cssaspirants.pk/wp-content/uploads/2021/09/Governance-Public-Policies-2017.pdf,https://cssaspirants.pk/css-past-papers/governance-public-policies/,Federal Public Service Commission (FPSC),third_party_hosted_exam_paper,link_and_title_verified; PDF content not republished,2026-07-16
CSS Competitive Examination,2017,Geology,,Geology Past Paper 2017,https://cssaspirants.pk/wp-content/uploads/2021/09/Geology-2017.pdf,https://cssaspirants.pk/css-past-papers/geology/,Federal Public Service Commission (FPSC),third_party_hosted_exam_paper,link_and_title_verified; PDF content not republished,2026-07-16
CSS Competitive Examination,2017,Geography,,Geography Past Paper 2017,https://cssaspirants.pk/wp-content/uploads/2021/09/Geography-2017.pdf,https://cssaspirants.pk/css-past-papers/geography/,Federal Public Service Commission (FPSC),third_party_hosted_exam_paper,link_and_title_verified; PDF content not republished,2026-07-16
CSS Competitive Examination,2017,General Science & Ability,,General Science & Ability Past Paper 2017,https://cssaspirants.pk/wp-content/uploads/2021/08/General-Science-Ability-2017.pdf,https://cssaspirants.pk/css-past-papers/general-science-ability/,Federal Public Service Commission (FPSC),third_party_hosted_exam_paper,link_and_title_verified; PDF content not republished,2026-07-16
CSS Competitive Examination,2017,Gender Studies,,Gender Studies Past Paper 2017,https://cssaspirants.pk/wp-content/uploads/2021/09/Gender-Studies-2017.pdf,https://cssaspirants.pk/css-past-papers/gender-studies/,Federal Public Service Commission (FPSC),third_party_hosted_exam_paper,link_and_title_verified; PDF content not republished,2026-07-16
CSS Competitive Examination,2017,European History,,European History Past Paper 2017,https://cssaspirants.pk/wp-content/uploads/2021/09/European-History-2017.pdf,https://cssaspirants.pk/css-past-papers/european-history/,Federal Public Service Commission (FPSC),third_party_hosted_exam_paper,link_and_title_verified; PDF content not republished,2026-07-16
CSS Competitive Examination,2017,Environmental Sciences,,Environmental Sciences Past Paper 2017,https://cssaspirants.pk/wp-content/uploads/2021/09/Environmental-Sciences-2017.pdf,https://cssaspirants.pk/css-past-papers/environmental-sciences/,Federal Public Service Commission (FPSC),third_party_hosted_exam_paper,link_and_title_verified; PDF content not republished,2026-07-16
CSS Competitive Examination,2017,English Literature,,English Literature Past Paper 2017,https://cssaspirants.pk/wp-content/uploads/2021/09/English-Literature-2017.pdf,https://cssaspirants.pk/css-past-papers/english-literature/,Federal Public Service Commission (FPSC),third_party_hosted_exam_paper,link_and_title_verified; PDF content not republished,2026-07-16
CSS Competitive Examination,2017,English Essay,,Essay Past Paper 2017,https://cssaspirants.pk/wp-content/uploads/2021/08/Essay-2017.pdf,https://cssaspirants.pk/css-past-papers/english-essay/,Federal Public Service Commission (FPSC),third_party_hosted_exam_paper,link_and_title_verified; PDF content not republished,2026-07-16
CSS Competitive Examination,2017,English (Precis and Composition),,English Precis and Composition Past Paper 2017,https://cssaspirants.pk/wp-content/uploads/2021/08/English-PC-2017.pdf,https://cssaspirants.pk/css-past-papers/english-precis-and-composition/,Federal Public Service Commission (FPSC),third_party_hosted_exam_paper,link_and_title_verified; PDF content not republished,2026-07-16
CSS Competitive Examination,2017,Economics,,Economics Past Paper 2017,https://cssaspirants.pk/wp-content/uploads/2021/09/Economics-2017.pdf,https://cssaspirants.pk/css-past-papers/economics/,Federal Public Service Commission (FPSC),third_party_hosted_exam_paper,link_and_title_verified; PDF content not republished,2026-07-16
CSS Competitive Examination,2017,Current Affairs,,Current Affairs Past Paper 2017,https://cssaspirants.pk/wp-content/uploads/2021/08/Current-Affairs-2017.pdf,https://cssaspirants.pk/css-past-papers/current-affairs/,Federal Public Service Commission (FPSC),third_party_hosted_exam_paper,link_and_title_verified; PDF content not republished,2026-07-16
CSS Competitive Examination,2017,Criminology,,Criminology Past Paper 2017,https://cssaspirants.pk/wp-content/uploads/2021/09/Criminology-2017.pdf,https://cssaspirants.pk/css-past-papers/criminology/,Federal Public Service Commission (FPSC),third_party_hosted_exam_paper,link_and_title_verified; PDF content not republished,2026-07-16
CSS Competitive Examination,2017,Constitutional Law,,Constitutional Law Past Paper 2017,https://cssaspirants.pk/wp-content/uploads/2021/09/Constitutional-Law-2017.pdf,https://cssaspirants.pk/css-past-papers/constitutional-law/,Federal Public Service Commission (FPSC),third_party_hosted_exam_paper,link_and_title_verified; PDF content not republished,2026-07-16
CSS Competitive Examination,2017,Computer Science,,Computer Science Past Paper 2017,https://cssaspirants.pk/wp-content/uploads/2021/09/Computer-Science-2017.pdf,https://cssaspirants.pk/css-past-papers/computer-science/,Federal Public Service Commission (FPSC),third_party_hosted_exam_paper,link_and_title_verified; PDF content not republished,2026-07-16
CSS Competitive Examination,2017,Comparative Study of Major Religions,,Comparative Study of Major Religions Past Paper 2017,https://cssaspirants.pk/wp-content/uploads/2021/08/Comparative-Studies-2017.pdf,https://cssaspirants.pk/css-past-papers/comparative-study-of-major-religions/,Federal Public Service Commission (FPSC),third_party_hosted_exam_paper,link_and_title_verified; PDF content not republished,2026-07-16
CSS Competitive Examination,2017,Chemistry,,Chemistry Past Paper 2017,https://cssaspirants.pk/wp-content/uploads/2021/09/Chemistry-2017.pdf,https://cssaspirants.pk/css-past-papers/chemistry/,Federal Public Service Commission (FPSC),third_party_hosted_exam_paper,link_and_title_verified; PDF content not republished,2026-07-16
CSS Competitive Examination,2017,Business Administration,,Business Administration Past Paper 2017,https://cssaspirants.pk/wp-content/uploads/2021/09/Business-Administration-2017.pdf,https://cssaspirants.pk/css-past-papers/business-administration/,Federal Public Service Commission (FPSC),third_party_hosted_exam_paper,link_and_title_verified; PDF content not republished,2026-07-16
CSS Competitive Examination,2017,British History,,British History Past Paper 2017,https://cssaspirants.pk/wp-content/uploads/2021/09/British-History-2017.pdf,https://cssaspirants.pk/css-past-papers/british-history/,Federal Public Service Commission (FPSC),third_party_hosted_exam_paper,link_and_title_verified; PDF content not republished,2026-07-16
CSS Competitive Examination,2017,Botany,,Botany Past Paper 2017,https://cssaspirants.pk/wp-content/uploads/2021/09/Botany-2017.pdf,https://cssaspirants.pk/css-past-papers/botany/,Federal Public Service Commission (FPSC),third_party_hosted_exam_paper,link_and_title_verified; PDF content not republished,2026-07-16
CSS Competitive Examination,2017,Balochi,,Balochi Past Paper 2017,https://cssaspirants.pk/wp-content/uploads/2021/09/Balochi-2017.pdf,https://cssaspirants.pk/css-past-papers/balochi/,Federal Public Service Commission (FPSC),third_party_hosted_exam_paper,link_and_title_verified; PDF content not republished,2026-07-16
CSS Competitive Examination,2017,Arabic,,Arabic Past Paper 2017,https://cssaspirants.pk/wp-content/uploads/2021/09/Arabic-2017.pdf,https://cssaspirants.pk/css-past-papers/arabic/,Federal Public Service Commission (FPSC),third_party_hosted_exam_paper,link_and_title_verified; PDF content not republished,2026-07-16
CSS Competitive Examination,2017,Applied Mathematics,,Applied Mathematics Past Paper 2017,https://cssaspirants.pk/wp-content/uploads/2021/09/Applied-Mathematics-2017.pdf,https://cssaspirants.pk/css-past-papers/applied-mathematics/,Federal Public Service Commission (FPSC),third_party_hosted_exam_paper,link_and_title_verified; PDF content not republished,2026-07-16
CSS Competitive Examination,2017,Anthropology,,Anthropology Past Paper 2017,https://cssaspirants.pk/wp-content/uploads/2021/09/Anthropology-2017.pdf,https://cssaspirants.pk/css-past-papers/anthropology/,Federal Public Service Commission (FPSC),third_party_hosted_exam_paper,link_and_title_verified; PDF content not republished,2026-07-16
CSS Competitive Examination,2017,Agriculture & Forestry,,Agriculture & Forestry Past Paper 2017,https://cssaspirants.pk/wp-content/uploads/2021/09/Agriculture-Forestry-2017.pdf,https://cssaspirants.pk/css-past-papers/agriculture-forestry/,Federal Public Service Commission (FPSC),third_party_hosted_exam_paper,link_and_title_verified; PDF content not republished,2026-07-16
CSS Competitive Examination,2017,Accountancy & Auditing,,Accounting and Auditing Past Paper 2017,https://cssaspirants.pk/wp-content/uploads/2021/09/Accountancy-Auditing-2017.pdf,https://cssaspirants.pk/css-past-papers/accounting-and-auditing/,Federal Public Service Commission (FPSC),third_party_hosted_exam_paper,link_and_title_verified; PDF content not republished,2026-07-16
CSS Competitive Examination,2016,Zoology,,Zoology Past Paper 2016,https://cssaspirants.pk/wp-content/uploads/2021/09/Zoology-2016.pdf,https://cssaspirants.pk/css-past-papers/zoology/,Federal Public Service Commission (FPSC),third_party_hosted_exam_paper,link_and_title_verified; PDF content not republished,2026-07-16
CSS Competitive Examination,2016,Urdu Literature,,Urdu Literature Past Paper 2016,https://cssaspirants.pk/wp-content/uploads/2026/07/urdu-literature-2016.pdf,https://cssaspirants.pk/css-past-papers/urdu-literature/,Federal Public Service Commission (FPSC),third_party_hosted_exam_paper,link_and_title_verified; PDF content not republished,2026-07-16
CSS Competitive Examination,2016,Town Planning & Urban Management,,Town Planning and Urban Management Past Paper 2016,https://cssaspirants.pk/wp-content/uploads/2021/09/Town-Planning-Urban-Management-2016.pdf,https://cssaspirants.pk/css-past-papers/town-planning-urban-management/,Federal Public Service Commission (FPSC),third_party_hosted_exam_paper,link_and_title_verified; PDF content not republished,2026-07-16
CSS Competitive Examination,2016,Statistics,,Statistics Past Paper 2016,https://cssaspirants.pk/wp-content/uploads/2021/09/Statistics-2016.pdf,https://cssaspirants.pk/css-past-papers/statistics/,Federal Public Service Commission (FPSC),third_party_hosted_exam_paper,link_and_title_verified; PDF content not republished,2026-07-16
CSS Competitive Examination,2016,Sociology,,Sociology Past Paper 2016,https://cssaspirants.pk/wp-content/uploads/2021/09/Sociology-2016.pdf,https://cssaspirants.pk/css-past-papers/sociology/,Federal Public Service Commission (FPSC),third_party_hosted_exam_paper,link_and_title_verified; PDF content not republished,2026-07-16
CSS Competitive Examination,2016,Sindhi,,Sindhi Past Paper 2016,https://cssaspirants.pk/wp-content/uploads/2021/09/Sindhi-2016.pdf,https://cssaspirants.pk/css-past-papers/sindhi/,Federal Public Service Commission (FPSC),third_party_hosted_exam_paper,link_and_title_verified; PDF content not republished,2026-07-16
CSS Competitive Examination,2016,Pure Mathematics,,Pure Mathematics Past Paper 2016,https://cssaspirants.pk/wp-content/uploads/2021/09/Pure-Mathematics-2016.pdf,https://cssaspirants.pk/css-past-papers/pure-mathematics/,Federal Public Service Commission (FPSC),third_party_hosted_exam_paper,link_and_title_verified; PDF content not republished,2026-07-16
CSS Competitive Examination,2016,Punjabi,,Punjabi Past Paper 2016,https://cssaspirants.pk/wp-content/uploads/2026/07/punjabi-2016.pdf,https://cssaspirants.pk/css-past-papers/punjabi/,Federal Public Service Commission (FPSC),third_party_hosted_exam_paper,link_and_title_verified; PDF content not republished,2026-07-16
CSS Competitive Examination,2016,Public Administration,,Public Administration Past Paper 2016,https://cssaspirants.pk/wp-content/uploads/2026/07/public-administration-2016.pdf,https://cssaspirants.pk/css-past-papers/public-administration/,Federal Public Service Commission (FPSC),third_party_hosted_exam_paper,link_and_title_verified; PDF content not republished,2026-07-16
CSS Competitive Examination,2016,Psychology,,Psychology Past Paper 2016,https://cssaspirants.pk/wp-content/uploads/2021/09/Psychology-2016.pdf,https://cssaspirants.pk/css-past-papers/psychology/,Federal Public Service Commission (FPSC),third_party_hosted_exam_paper,link_and_title_verified; PDF content not republished,2026-07-16
CSS Competitive Examination,2016,Political Science,,Political Science Past Paper 2016,https://cssaspirants.pk/wp-content/uploads/2021/09/Political-Science-2016.pdf,https://cssaspirants.pk/css-past-papers/political-science/,Federal Public Service Commission (FPSC),third_party_hosted_exam_paper,link_and_title_verified; PDF content not republished,2026-07-16
CSS Competitive Examination,2016,Physics,,Physics Past Paper 2016,https://cssaspirants.pk/wp-content/uploads/2021/09/Physics-2016.pdf,https://cssaspirants.pk/css-past-papers/physics/,Federal Public Service Commission (FPSC),third_party_hosted_exam_paper,link_and_title_verified; PDF content not republished,2026-07-16
CSS Competitive Examination,2016,Philosophy,,Philosophy Past Paper 2016,https://cssaspirants.pk/wp-content/uploads/2021/09/Philosophy-2016.pdf,https://cssaspirants.pk/css-past-papers/philosophy/,Federal Public Service Commission (FPSC),third_party_hosted_exam_paper,link_and_title_verified; PDF content not republished,2026-07-16
CSS Competitive Examination,2016,Persian,,Persian Past Paper 2016,https://cssaspirants.pk/wp-content/uploads/2026/07/persian-2016.pdf,https://cssaspirants.pk/css-past-papers/persian/,Federal Public Service Commission (FPSC),third_party_hosted_exam_paper,link_and_title_verified; PDF content not republished,2026-07-16
CSS Competitive Examination,2016,Pashto,,Pashto Past Paper 2016,https://cssaspirants.pk/wp-content/uploads/2026/07/pashto-2016.pdf,https://cssaspirants.pk/css-past-papers/pashto/,Federal Public Service Commission (FPSC),third_party_hosted_exam_paper,link_and_title_verified; PDF content not republished,2026-07-16
CSS Competitive Examination,2016,Pakistan Affairs,,Pakistan Affairs Past Paper 2016,https://cssaspirants.pk/wp-content/uploads/2021/08/Pakistan-Affairs-2016.pdf,https://cssaspirants.pk/css-past-papers/pakistan-affairs/,Federal Public Service Commission (FPSC),third_party_hosted_exam_paper,link_and_title_verified; PDF content not republished,2026-07-16
CSS Competitive Examination,2016,Muslim Law & Jurisprudence,,Muslim Law & Jurisprudence Past Paper 2016,https://cssaspirants.pk/wp-content/uploads/2021/09/Muslim-Law-Jurisprudence-2016.pdf,https://cssaspirants.pk/css-past-papers/muslim-law-jurisprudence/,Federal Public Service Commission (FPSC),third_party_hosted_exam_paper,link_and_title_verified; PDF content not republished,2026-07-16
CSS Competitive Examination,2016,Mercantile Law,,Mercantile Law Past Paper 2016,https://cssaspirants.pk/wp-content/uploads/2021/09/Mercantile-Law-2016.pdf,https://cssaspirants.pk/css-past-papers/mercantile-law/,Federal Public Service Commission (FPSC),third_party_hosted_exam_paper,link_and_title_verified; PDF content not republished,2026-07-16
CSS Competitive Examination,2016,Law,,Law Past Paper 2016,https://cssaspirants.pk/wp-content/uploads/2021/09/Law-2016.pdf,https://cssaspirants.pk/css-past-papers/law/,Federal Public Service Commission (FPSC),third_party_hosted_exam_paper,link_and_title_verified; PDF content not republished,2026-07-16
CSS Competitive Examination,2016,Journalism & Mass Communication,,Journalism & Mass Communication Past Paper 2016,https://cssaspirants.pk/wp-content/uploads/2021/09/Journalism-2016.pdf,https://cssaspirants.pk/css-past-papers/journalism-mass-communication/,Federal Public Service Commission (FPSC),third_party_hosted_exam_paper,link_and_title_verified; PDF content not republished,2026-07-16
CSS Competitive Examination,2016,Islamic Studies,,Islamiat Past Paper 2016,https://cssaspirants.pk/wp-content/uploads/2021/08/Islamiat-2016.pdf,https://cssaspirants.pk/css-past-papers/islamic-studies/,Federal Public Service Commission (FPSC),third_party_hosted_exam_paper,link_and_title_verified; PDF content not republished,2026-07-16
CSS Competitive Examination,2016,Islamic History & Culture,,Islamic History & Culture Past Paper 2016,https://cssaspirants.pk/wp-content/uploads/2021/09/Islamic-History-Culture-2016.pdf,https://cssaspirants.pk/css-past-papers/islamic-history-culture/,Federal Public Service Commission (FPSC),third_party_hosted_exam_paper,link_and_title_verified; PDF content not republished,2026-07-16
CSS Competitive Examination,2016,International Relations,,International Relations Past Paper 2016,https://cssaspirants.pk/wp-content/uploads/2021/09/International-Relations-2016.pdf,https://cssaspirants.pk/css-past-papers/international-relations/,Federal Public Service Commission (FPSC),third_party_hosted_exam_paper,link_and_title_verified; PDF content not republished,2026-07-16
CSS Competitive Examination,2016,International Law,,International Law Past Paper 2016,https://cssaspirants.pk/wp-content/uploads/2021/09/International-Law-2016.pdf,https://cssaspirants.pk/css-past-papers/international-law/,Federal Public Service Commission (FPSC),third_party_hosted_exam_paper,link_and_title_verified; PDF content not republished,2026-07-16
CSS Competitive Examination,2016,History of USA,,History of USA Past Paper 2016,https://cssaspirants.pk/wp-content/uploads/2021/09/History-of-USA-2016.pdf,https://cssaspirants.pk/css-past-papers/history-of-usa/,Federal Public Service Commission (FPSC),third_party_hosted_exam_paper,link_and_title_verified; PDF content not republished,2026-07-16
CSS Competitive Examination,2016,History of Pakistan & India,,History of Pakistan & India Past Paper 2016,https://cssaspirants.pk/wp-content/uploads/2021/09/History-of-Pakistan-India-2016.pdf,https://cssaspirants.pk/css-past-papers/history-of-pakistan-india/,Federal Public Service Commission (FPSC),third_party_hosted_exam_paper,link_and_title_verified; PDF content not republished,2026-07-16
CSS Competitive Examination,2016,Governance & Public Policies,,Governance and Public Policy Past Paper 2016,https://cssaspirants.pk/wp-content/uploads/2021/09/Governance-Public-Policies-2016.pdf,https://cssaspirants.pk/css-past-papers/governance-public-policies/,Federal Public Service Commission (FPSC),third_party_hosted_exam_paper,link_and_title_verified; PDF content not republished,2026-07-16
CSS Competitive Examination,2016,Geology,,Geology Past Paper 2016,https://cssaspirants.pk/wp-content/uploads/2021/09/Geology-2016.pdf,https://cssaspirants.pk/css-past-papers/geology/,Federal Public Service Commission (FPSC),third_party_hosted_exam_paper,link_and_title_verified; PDF content not republished,2026-07-16
CSS Competitive Examination,2016,Geography,,Geography Past Paper 2016,https://cssaspirants.pk/wp-content/uploads/2021/09/Geography-2016.pdf,https://cssaspirants.pk/css-past-papers/geography/,Federal Public Service Commission (FPSC),third_party_hosted_exam_paper,link_and_title_verified; PDF content not republished,2026-07-16
CSS Competitive Examination,2016,General Science & Ability,,General Science & Ability Past Paper 2016,https://cssaspirants.pk/wp-content/uploads/2021/08/General-Science-Ability-2016.pdf,https://cssaspirants.pk/css-past-papers/general-science-ability/,Federal Public Service Commission (FPSC),third_party_hosted_exam_paper,link_and_title_verified; PDF content not republished,2026-07-16
CSS Competitive Examination,2016,Gender Studies,,Gender Studies Past Paper 2016,https://cssaspirants.pk/wp-content/uploads/2021/09/Gender-Studies-2016.pdf,https://cssaspirants.pk/css-past-papers/gender-studies/,Federal Public Service Commission (FPSC),third_party_hosted_exam_paper,link_and_title_verified; PDF content not republished,2026-07-16
CSS Competitive Examination,2016,European History,,European History Past Paper 2016,https://cssaspirants.pk/wp-content/uploads/2021/09/European-History-2016.pdf,https://cssaspirants.pk/css-past-papers/european-history/,Federal Public Service Commission (FPSC),third_party_hosted_exam_paper,link_and_title_verified; PDF content not republished,2026-07-16
CSS Competitive Examination,2016,Environmental Sciences,,Environmental Sciences Past Paper 2016,https://cssaspirants.pk/wp-content/uploads/2021/09/Environmental-Sciences-2016.pdf,https://cssaspirants.pk/css-past-papers/environmental-sciences/,Federal Public Service Commission (FPSC),third_party_hosted_exam_paper,link_and_title_verified; PDF content not republished,2026-07-16
CSS Competitive Examination,2016,English Literature,,English Literature Past Paper 2016,https://cssaspirants.pk/wp-content/uploads/2021/09/English-Literature-2016.pdf,https://cssaspirants.pk/css-past-papers/english-literature/,Federal Public Service Commission (FPSC),third_party_hosted_exam_paper,link_and_title_verified; PDF content not republished,2026-07-16
CSS Competitive Examination,2016,English Essay,,Essay Past Paper 2016,https://cssaspirants.pk/wp-content/uploads/2021/08/Essay-2016.pdf,https://cssaspirants.pk/css-past-papers/english-essay/,Federal Public Service Commission (FPSC),third_party_hosted_exam_paper,link_and_title_verified; PDF content not republished,2026-07-16
CSS Competitive Examination,2016,English (Precis and Composition),,English Precis and Composition Past Paper 2016,https://cssaspirants.pk/wp-content/uploads/2021/08/English-PC-2016.pdf,https://cssaspirants.pk/css-past-papers/english-precis-and-composition/,Federal Public Service Commission (FPSC),third_party_hosted_exam_paper,link_and_title_verified; PDF content not republished,2026-07-16
CSS Competitive Examination,2016,Economics,,Economics Past Paper 2016,https://cssaspirants.pk/wp-content/uploads/2021/09/Economics-2016.pdf,https://cssaspirants.pk/css-past-papers/economics/,Federal Public Service Commission (FPSC),third_party_hosted_exam_paper,link_and_title_verified; PDF content not republished,2026-07-16
CSS Competitive Examination,2016,Current Affairs,,Current Affairs Past Paper 2016,https://cssaspirants.pk/wp-content/uploads/2021/08/Current-Affairs-2016.pdf,https://cssaspirants.pk/css-past-papers/current-affairs/,Federal Public Service Commission (FPSC),third_party_hosted_exam_paper,link_and_title_verified; PDF content not republished,2026-07-16
CSS Competitive Examination,2016,Criminology,,Criminology Past Paper 2016,https://cssaspirants.pk/wp-content/uploads/2021/09/Criminology-2016.pdf,https://cssaspirants.pk/css-past-papers/criminology/,Federal Public Service Commission (FPSC),third_party_hosted_exam_paper,link_and_title_verified; PDF content not republished,2026-07-16
CSS Competitive Examination,2016,Constitutional Law,,Constitutional Law Past Paper 2016,https://cssaspirants.pk/wp-content/uploads/2021/09/Constitutional-Law-2016.pdf,https://cssaspirants.pk/css-past-papers/constitutional-law/,Federal Public Service Commission (FPSC),third_party_hosted_exam_paper,link_and_title_verified; PDF content not republished,2026-07-16
CSS Competitive Examination,2016,Computer Science,,Computer Science Past Paper 2016,https://cssaspirants.pk/wp-content/uploads/2021/09/Computer-Science-2016.pdf,https://cssaspirants.pk/css-past-papers/computer-science/,Federal Public Service Commission (FPSC),third_party_hosted_exam_paper,link_and_title_verified; PDF content not republished,2026-07-16
CSS Competitive Examination,2016,Comparative Study of Major Religions,,Comparative Study of Major Religions Past Paper 2016,https://cssaspirants.pk/wp-content/uploads/2021/08/Comparative-Studies-2016.pdf,https://cssaspirants.pk/css-past-papers/comparative-study-of-major-religions/,Federal Public Service Commission (FPSC),third_party_hosted_exam_paper,link_and_title_verified; PDF content not republished,2026-07-16
CSS Competitive Examination,2016,Chemistry,,Chemistry Past Paper 2016,https://cssaspirants.pk/wp-content/uploads/2021/09/Chemistry-2016.pdf,https://cssaspirants.pk/css-past-papers/chemistry/,Federal Public Service Commission (FPSC),third_party_hosted_exam_paper,link_and_title_verified; PDF content not republished,2026-07-16
CSS Competitive Examination,2016,Business Administration,,Business Administration Past Paper 2016,https://cssaspirants.pk/wp-content/uploads/2021/09/Business-Administration-2016.pdf,https://cssaspirants.pk/css-past-papers/business-administration/,Federal Public Service Commission (FPSC),third_party_hosted_exam_paper,link_and_title_verified; PDF content not republished,2026-07-16
CSS Competitive Examination,2016,British History,,British History Past Paper 2016,https://cssaspirants.pk/wp-content/uploads/2021/09/British-History-2016.pdf,https://cssaspirants.pk/css-past-papers/british-history/,Federal Public Service Commission (FPSC),third_party_hosted_exam_paper,link_and_title_verified; PDF content not republished,2026-07-16
CSS Competitive Examination,2016,Botany,,Botany Past Paper 2016,https://cssaspirants.pk/wp-content/uploads/2026/07/botany-2016.pdf,https://cssaspirants.pk/css-past-papers/botany/,Federal Public Service Commission (FPSC),third_party_hosted_exam_paper,link_and_title_verified; PDF content not republished,2026-07-16
CSS Competitive Examination,2016,Balochi,,Balochi Past Paper 2016,https://cssaspirants.pk/wp-content/uploads/2026/07/balochi-2016.pdf,https://cssaspirants.pk/css-past-papers/balochi/,Federal Public Service Commission (FPSC),third_party_hosted_exam_paper,link_and_title_verified; PDF content not republished,2026-07-16
CSS Competitive Examination,2016,Arabic,,Arabic Past Paper 2016,https://cssaspirants.pk/wp-content/uploads/2026/07/arabic-2016.pdf,https://cssaspirants.pk/css-past-papers/arabic/,Federal Public Service Commission (FPSC),third_party_hosted_exam_paper,link_and_title_verified; PDF content not republished,2026-07-16
CSS Competitive Examination,2016,Applied Mathematics,,Applied Mathematics Past Paper 2016,https://cssaspirants.pk/wp-content/uploads/2026/07/applied-mathematics-2016.pdf,https://cssaspirants.pk/css-past-papers/applied-mathematics/,Federal Public Service Commission (FPSC),third_party_hosted_exam_paper,link_and_title_verified; PDF content not republished,2026-07-16
CSS Competitive Examination,2016,Anthropology,,Anthropology Past Paper 2016,https://cssaspirants.pk/wp-content/uploads/2021/09/Anthropology-2016.pdf,https://cssaspirants.pk/css-past-papers/anthropology/,Federal Public Service Commission (FPSC),third_party_hosted_exam_paper,link_and_title_verified; PDF content not republished,2026-07-16
CSS Competitive Examination,2016,Agriculture & Forestry,,Agriculture & Forestry Past Paper 2016,https://cssaspirants.pk/wp-content/uploads/2021/09/Agriculture-Forestry-2016.pdf,https://cssaspirants.pk/css-past-papers/agriculture-forestry/,Federal Public Service Commission (FPSC),third_party_hosted_exam_paper,link_and_title_verified; PDF content not republished,2026-07-16
CSS Competitive Examination,2016,Accountancy & Auditing,,Accounting and Auditing Past Paper 2016,https://cssaspirants.pk/wp-content/uploads/2021/09/Accountancy-Auditing-2016.pdf,https://cssaspirants.pk/css-past-papers/accounting-and-auditing/,Federal Public Service Commission (FPSC),third_party_hosted_exam_paper,link_and_title_verified; PDF content not republished,2026-07-16
