paper_id,exam_body,display_title,post_or_exam_title_from_source,website_heading,department_as_listed_by_archive,basic_pay_scales,case_id,year,paper_url,source_archive_url,authenticity_label,official_commission_file,verification_note,verified_on
605,Punjab Public Service Commission (PPSC),Superintendent (BS-17) Held on 01.02.2026,Superintendent (BS-17),PPSC paper for: Superintendent (BS-17),Excise and Taxation Department,[17],,2026,https://pacegkacademy.com/PPSC-Past-Paper-Question/605,https://pacegkacademy.com/PPSC-Past-Papers/6,candidate_recalled_or_third_party_model_paper,False,Post title and department are indexed from the public archive. The paper is not labelled official unless an official PPSC file is separately linked.,2026-07-16
565,Punjab Public Service Commission (PPSC),Sergeant PERA Solved Paper Held On 19.04.2026,Sergeant PERA,PPSC paper for: Sergeant PERA,Punjab Enforcement and Regulatory Authority (PERA) Department,[],,2026,https://pacegkacademy.com/PPSC-Past-Paper-Question/565,https://pacegkacademy.com/PPSC-Past-Papers/6,candidate_recalled_or_third_party_model_paper,False,Post title and department are indexed from the public archive. The paper is not labelled official unless an official PPSC file is separately linked.,2026-07-16
502,Punjab Public Service Commission (PPSC),Provincial Management Service Phase-II Held On 25.01.2026,Provincial Management Service Phase-II,PPSC paper for: Provincial Management Service Phase-II,Provincial Management Service(PMS) Department,[],,2026,https://pacegkacademy.com/PPSC-Past-Paper-Question/502,https://pacegkacademy.com/PPSC-Past-Papers/6,candidate_recalled_or_third_party_model_paper,False,Post title and department are indexed from the public archive. The paper is not labelled official unless an official PPSC file is separately linked.,2026-07-16
501,Punjab Public Service Commission (PPSC),Provincial Management Service Phase-I Held On 25.01.2026,Provincial Management Service Phase-I,PPSC paper for: Provincial Management Service Phase-I,Provincial Management Service(PMS) Department,[],,2026,https://pacegkacademy.com/PPSC-Past-Paper-Question/501,https://pacegkacademy.com/PPSC-Past-Papers/6,candidate_recalled_or_third_party_model_paper,False,Post title and department are indexed from the public archive. The paper is not labelled official unless an official PPSC file is separately linked.,2026-07-16
609,Punjab Public Service Commission (PPSC),Pakistan Studies Compulsory (BS-17) Held on 26.04.2026,Pakistan Studies Compulsory (BS-17),PPSC paper for: Pakistan Studies Compulsory (BS-17),Provincial Management Service(PMS) Department,[17],,2026,https://pacegkacademy.com/PPSC-Past-Paper-Question/609,https://pacegkacademy.com/PPSC-Past-Papers/6,candidate_recalled_or_third_party_model_paper,False,Post title and department are indexed from the public archive. The paper is not labelled official unless an official PPSC file is separately linked.,2026-07-16
531,Punjab Public Service Commission (PPSC),PERA EO & IO Solved Paper Held on 15-03-2026,PERA EO & IO,PPSC paper for: PERA EO & IO,Punjab Enforcement and Regulatory Authority (PERA) Department,[],,2026,https://pacegkacademy.com/PPSC-Past-Paper-Question/531,https://pacegkacademy.com/PPSC-Past-Papers/6,candidate_recalled_or_third_party_model_paper,False,Post title and department are indexed from the public archive. The paper is not labelled official unless an official PPSC file is separately linked.,2026-07-16
608,Punjab Public Service Commission (PPSC),English Grammer Compulsory (BS-17) Held on 26.04.2026,English Grammer Compulsory (BS-17),PPSC paper for: English Grammer Compulsory (BS-17),Provincial Management Service(PMS) Department,[17],,2026,https://pacegkacademy.com/PPSC-Past-Paper-Question/608,https://pacegkacademy.com/PPSC-Past-Papers/6,candidate_recalled_or_third_party_model_paper,False,Post title and department are indexed from the public archive. The paper is not labelled official unless an official PPSC file is separately linked.,2026-07-16
603,Punjab Public Service Commission (PPSC),Enforcement Officer (BS-17) Held on 07.06.2026,Enforcement Officer (BS-17),PPSC paper for: Enforcement Officer (BS-17),Punjab Enforcement and Regulatory Authority (PERA) Department,[17],,2026,https://pacegkacademy.com/PPSC-Past-Paper-Question/603,https://pacegkacademy.com/PPSC-Past-Papers/6,candidate_recalled_or_third_party_model_paper,False,Post title and department are indexed from the public archive. The paper is not labelled official unless an official PPSC file is separately linked.,2026-07-16
500,Punjab Public Service Commission (PPSC),ESE Urdu Held On 24.01.2026,ESE Urdu,PPSC paper for: ESE Urdu,SOCIAL WELFARE & BAIT UL MAAL DEPARTMENT GOVERNMENT OF PUNJAB Department,[],,2026,https://pacegkacademy.com/PPSC-Past-Paper-Question/500,https://pacegkacademy.com/PPSC-Past-Papers/6,candidate_recalled_or_third_party_model_paper,False,Post title and department are indexed from the public archive. The paper is not labelled official unless an official PPSC file is separately linked.,2026-07-16
604,Punjab Public Service Commission (PPSC),ESE General (BS-14) held on 15.02.2026,ESE General (BS-14),PPSC paper for: ESE General (BS-14),Punjab Population Welfare Department,[14],,2026,https://pacegkacademy.com/PPSC-Past-Paper-Question/604,https://pacegkacademy.com/PPSC-Past-Papers/6,candidate_recalled_or_third_party_model_paper,False,Post title and department are indexed from the public archive. The paper is not labelled official unless an official PPSC file is separately linked.,2026-07-16
503,Punjab Public Service Commission (PPSC),ESE (PTI) IN LABOUR & HUMAN RESOURCE DEPARTMENT Held On 01.02.2026,ESE (PTI) IN LABOUR & HUMAN RESOURCE DEPARTMENT,PPSC paper for: ESE (PTI) IN LABOUR & HUMAN RESOURCE DEPARTMENT,Labour and Human Resource Department,[],,2026,https://pacegkacademy.com/PPSC-Past-Paper-Question/503,https://pacegkacademy.com/PPSC-Past-Papers/6,candidate_recalled_or_third_party_model_paper,False,Post title and department are indexed from the public archive. The paper is not labelled official unless an official PPSC file is separately linked.,2026-07-16
511,Punjab Public Service Commission (PPSC),Computer Operator/System Operator (BPS-15) Held on 14.02.2026,Computer Operator/System Operator (BPS-15),PPSC paper for: Computer Operator/System Operator (BPS-15),"PUNJAB REVENUE AUTHORITY, FINANCE DEPARTMENT Department",[15],,2026,https://pacegkacademy.com/PPSC-Past-Paper-Question/511,https://pacegkacademy.com/PPSC-Past-Papers/6,candidate_recalled_or_third_party_model_paper,False,Post title and department are indexed from the public archive. The paper is not labelled official unless an official PPSC file is separately linked.,2026-07-16
607,Punjab Public Service Commission (PPSC),Clubbed Case ID-182 Senior Inspector (BS-16) and Assistant Director (BS-17) Held on 19.04.2026,Clubbed Case ID-182 Senior Inspector (BS-16) and Assistant Director (BS-17),PPSC paper for: Clubbed Case ID-182 Senior Inspector (BS-16) and Assistant Director (BS-17),Punjab Environment Protection Department,"[16, 17]",182,2026,https://pacegkacademy.com/PPSC-Past-Paper-Question/607,https://pacegkacademy.com/PPSC-Past-Papers/6,candidate_recalled_or_third_party_model_paper,False,Post title and department are indexed from the public archive. The paper is not labelled official unless an official PPSC file is separately linked.,2026-07-16
599,Punjab Public Service Commission (PPSC),Audit Officer (BS-17) Held On 06.06.2026,Audit Officer (BS-17),PPSC paper for: Audit Officer (BS-17),"Finance, Audit and Accounts Department",[17],,2026,https://pacegkacademy.com/PPSC-Past-Paper-Question/599,https://pacegkacademy.com/PPSC-Past-Papers/6,candidate_recalled_or_third_party_model_paper,False,Post title and department are indexed from the public archive. The paper is not labelled official unless an official PPSC file is separately linked.,2026-07-16
606,Punjab Public Service Commission (PPSC),Assistant Librarian (BS-11) Held on 18.04.2026,Assistant Librarian (BS-11),PPSC paper for: Assistant Librarian (BS-11),Labour and Human Resource Department,[11],,2026,https://pacegkacademy.com/PPSC-Past-Paper-Question/606,https://pacegkacademy.com/PPSC-Past-Papers/6,candidate_recalled_or_third_party_model_paper,False,Post title and department are indexed from the public archive. The paper is not labelled official unless an official PPSC file is separately linked.,2026-07-16
499,Punjab Public Service Commission (PPSC),Assistant Club Paper Held On 24.01.2026,Assistant Club,PPSC paper for: Assistant Club,Miscellaneous Department,[],,2026,https://pacegkacademy.com/PPSC-Past-Paper-Question/499,https://pacegkacademy.com/PPSC-Past-Papers/6,candidate_recalled_or_third_party_model_paper,False,Post title and department are indexed from the public archive. The paper is not labelled official unless an official PPSC file is separately linked.,2026-07-16
543,Punjab Public Service Commission (PPSC),Assistant BOR Paper Held On 05.04.2026,Assistant BOR,PPSC paper for: Assistant BOR,"PUNJAB REVENUE AUTHORITY, FINANCE DEPARTMENT Department",[],,2026,https://pacegkacademy.com/PPSC-Past-Paper-Question/543,https://pacegkacademy.com/PPSC-Past-Papers/6,candidate_recalled_or_third_party_model_paper,False,Post title and department are indexed from the public archive. The paper is not labelled official unless an official PPSC file is separately linked.,2026-07-16
468,Punjab Public Service Commission (PPSC),ZILLADAR Morning (29-06-2025),ZILLADAR Morning,PPSC paper for: ZILLADAR Morning,Irrigation and Power Department,[],,2025,https://pacegkacademy.com/PPSC-Past-Paper-Question/468,https://pacegkacademy.com/PPSC-Past-Papers/6,candidate_recalled_or_third_party_model_paper,False,Post title and department are indexed from the public archive. The paper is not labelled official unless an official PPSC file is separately linked.,2026-07-16
469,Punjab Public Service Commission (PPSC),ZILLADAR Evening paper (29-06-2025),ZILLADAR Evening,PPSC paper for: ZILLADAR Evening,Irrigation and Power Department,[],,2025,https://pacegkacademy.com/PPSC-Past-Paper-Question/469,https://pacegkacademy.com/PPSC-Past-Papers/6,candidate_recalled_or_third_party_model_paper,False,Post title and department are indexed from the public archive. The paper is not labelled official unless an official PPSC file is separately linked.,2026-07-16
622,Punjab Public Service Commission (PPSC),Technical Inspector (BS-12) Held in 07.12.2025,Technical Inspector (BS-12),PPSC paper for: Technical Inspector (BS-12),Labour and Human Resource Department,[12],,2025,https://pacegkacademy.com/PPSC-Past-Paper-Question/622,https://pacegkacademy.com/PPSC-Past-Papers/6,candidate_recalled_or_third_party_model_paper,False,Post title and department are indexed from the public archive. The paper is not labelled official unless an official PPSC file is separately linked.,2026-07-16
485,Punjab Public Service Commission (PPSC),Sub Inspector (BS-14) Held on 19-10-2025,Sub Inspector (BS-14),PPSC paper for: Sub Inspector (BS-14),Punjab Police Department,[14],,2025,https://pacegkacademy.com/PPSC-Past-Paper-Question/485,https://pacegkacademy.com/PPSC-Past-Papers/6,candidate_recalled_or_third_party_model_paper,False,Post title and department are indexed from the public archive. The paper is not labelled official unless an official PPSC file is separately linked.,2026-07-16
430,Punjab Public Service Commission (PPSC),Statistical Officer BS-17 (24-02-2025),Statistical Officer BS-17,PPSC paper for: Statistical Officer BS-17,SOCIAL WELFARE & BAIT UL MAAL DEPARTMENT GOVERNMENT OF PUNJAB Department,[17],,2025,https://pacegkacademy.com/PPSC-Past-Paper-Question/430,https://pacegkacademy.com/PPSC-Past-Papers/6,candidate_recalled_or_third_party_model_paper,False,Post title and department are indexed from the public archive. The paper is not labelled official unless an official PPSC file is separately linked.,2026-07-16
450,Punjab Public Service Commission (PPSC),SOCIAL WELFARE PAPER 20%GK held on 26-04-2025,SOCIAL WELFARE PAPER 20%GK,PPSC paper for: SOCIAL WELFARE PAPER 20%GK,SOCIAL WELFARE & BAIT UL MAAL DEPARTMENT GOVERNMENT OF PUNJAB Department,[],,2025,https://pacegkacademy.com/PPSC-Past-Paper-Question/450,https://pacegkacademy.com/PPSC-Past-Papers/6,candidate_recalled_or_third_party_model_paper,False,Post title and department are indexed from the public archive. The paper is not labelled official unless an official PPSC file is separately linked.,2026-07-16
497,Punjab Public Service Commission (PPSC),SDEO PERA GK Held on 21.12.2025,SDEO PERA GK,PPSC paper for: SDEO PERA GK,Punjab Enforcement and Regulatory Authority (PERA) Department,[],,2025,https://pacegkacademy.com/PPSC-Past-Paper-Question/497,https://pacegkacademy.com/PPSC-Past-Papers/6,candidate_recalled_or_third_party_model_paper,False,Post title and department are indexed from the public archive. The paper is not labelled official unless an official PPSC file is separately linked.,2026-07-16
611,Punjab Public Service Commission (PPSC),Persian Combined Competitive Examination (2023) Held in 2025,Persian Combined Competitive Examination (2023),PPSC paper for: Persian Combined Competitive Examination (2023),Provincial Management Service(PMS) Department,[],,2025,https://pacegkacademy.com/PPSC-Past-Paper-Question/611,https://pacegkacademy.com/PPSC-Past-Papers/6,candidate_recalled_or_third_party_model_paper,False,Post title and department are indexed from the public archive. The paper is not labelled official unless an official PPSC file is separately linked.,2026-07-16
475,Punjab Public Service Commission (PPSC),Pakistan Studies: Combined competitive Examination 2023 Held in 2025,Pakistan Studies: Combined competitive Examination 2023,PPSC paper for: Pakistan Studies: Combined competitive Examination 2023,Provincial Management Service(PMS) Department,[],,2025,https://pacegkacademy.com/PPSC-Past-Paper-Question/475,https://pacegkacademy.com/PPSC-Past-Papers/6,candidate_recalled_or_third_party_model_paper,False,Post title and department are indexed from the public archive. The paper is not labelled official unless an official PPSC file is separately linked.,2026-07-16
610,Punjab Public Service Commission (PPSC),Pakistan Studies Combined Competitive Examination (2023) Held in 2025,Pakistan Studies Combined Competitive Examination (2023),PPSC paper for: Pakistan Studies Combined Competitive Examination (2023),Provincial Management Service(PMS) Department,[],,2025,https://pacegkacademy.com/PPSC-Past-Paper-Question/610,https://pacegkacademy.com/PPSC-Past-Papers/6,candidate_recalled_or_third_party_model_paper,False,Post title and department are indexed from the public archive. The paper is not labelled official unless an official PPSC file is separately linked.,2026-07-16
444,Punjab Public Service Commission (PPSC),PMS Ministerial (13-04-2025),PMS Ministerial,PPSC paper for: PMS Ministerial,Provincial Management Service(PMS) Department,[],,2025,https://pacegkacademy.com/PPSC-Past-Paper-Question/444,https://pacegkacademy.com/PPSC-Past-Papers/6,candidate_recalled_or_third_party_model_paper,False,Post title and department are indexed from the public archive. The paper is not labelled official unless an official PPSC file is separately linked.,2026-07-16
471,Punjab Public Service Commission (PPSC),PLANNING OFFICER (BS-17) GK 20% (28-06-2025),PLANNING OFFICER (BS-17) GK 20%,PPSC paper for: PLANNING OFFICER (BS-17) GK 20%,SPECIALIZED HEALTHCARE & MEDICAL EDUCATION DEPARTMENT Department,[17],,2025,https://pacegkacademy.com/PPSC-Past-Paper-Question/471,https://pacegkacademy.com/PPSC-Past-Papers/6,candidate_recalled_or_third_party_model_paper,False,Post title and department are indexed from the public archive. The paper is not labelled official unless an official PPSC file is separately linked.,2026-07-16
478,Punjab Public Service Commission (PPSC),"PLANNING OFFICER (BS-17) , (22-06-2025) ADD# 15, 7D2025",PLANNING OFFICER (BS-17),PPSC paper for: PLANNING OFFICER (BS-17),SPECIALIZED HEALTHCARE & MEDICAL EDUCATION DEPARTMENT Department,[17],,2025,https://pacegkacademy.com/PPSC-Past-Paper-Question/478,https://pacegkacademy.com/PPSC-Past-Papers/6,candidate_recalled_or_third_party_model_paper,False,Post title and department are indexed from the public archive. The paper is not labelled official unless an official PPSC file is separately linked.,2026-07-16
446,Punjab Public Service Commission (PPSC),Municipal Officer Gk (12-04-2025-0,Municipal Officer Gk,PPSC paper for: Municipal Officer Gk,Local government & community development department Department,[],,2025,https://pacegkacademy.com/PPSC-Past-Paper-Question/446,https://pacegkacademy.com/PPSC-Past-Papers/6,candidate_recalled_or_third_party_model_paper,False,Post title and department are indexed from the public archive. The paper is not labelled official unless an official PPSC file is separately linked.,2026-07-16
623,Punjab Public Service Commission (PPSC),Municipal Officer (BS-17) Held in 2025,Municipal Officer (BS-17),PPSC paper for: Municipal Officer (BS-17),Local Government Department,[17],,2025,https://pacegkacademy.com/PPSC-Past-Paper-Question/623,https://pacegkacademy.com/PPSC-Past-Papers/6,candidate_recalled_or_third_party_model_paper,False,Post title and department are indexed from the public archive. The paper is not labelled official unless an official PPSC file is separately linked.,2026-07-16
619,Punjab Public Service Commission (PPSC),Mineral Development Officer (BS-16) Held in 2025,Mineral Development Officer (BS-16),PPSC paper for: Mineral Development Officer (BS-16),Mines and Minerals Department,[16],,2025,https://pacegkacademy.com/PPSC-Past-Paper-Question/619,https://pacegkacademy.com/PPSC-Past-Papers/6,candidate_recalled_or_third_party_model_paper,False,Post title and department are indexed from the public archive. The paper is not labelled official unless an official PPSC file is separately linked.,2026-07-16
490,Punjab Public Service Commission (PPSC),Labour Officer Held On 16.11.2025,Labour Officer,PPSC paper for: Labour Officer,Labour and Human Resource Department,[],,2025,https://pacegkacademy.com/PPSC-Past-Paper-Question/490,https://pacegkacademy.com/PPSC-Past-Papers/6,candidate_recalled_or_third_party_model_paper,False,Post title and department are indexed from the public archive. The paper is not labelled official unless an official PPSC file is separately linked.,2026-07-16
432,Punjab Public Service Commission (PPSC),Junior Traffic Warden BS-11 (09-03-2025),Junior Traffic Warden BS-11,PPSC paper for: Junior Traffic Warden BS-11,Traffic Warden in the Punjab Police Department,[11],,2025,https://pacegkacademy.com/PPSC-Past-Paper-Question/432,https://pacegkacademy.com/PPSC-Past-Papers/6,candidate_recalled_or_third_party_model_paper,False,Post title and department are indexed from the public archive. The paper is not labelled official unless an official PPSC file is separately linked.,2026-07-16
483,Punjab Public Service Commission (PPSC),Junior Clerk Paper BS-11 (28C2025) Held on 27-09-2025,Junior Clerk Paper BS-11 (28C2025),PPSC paper for: Junior Clerk Paper BS-11 (28C2025),Punjab Public Service Commission (PPSC) Department,[11],,2025,https://pacegkacademy.com/PPSC-Past-Paper-Question/483,https://pacegkacademy.com/PPSC-Past-Papers/6,candidate_recalled_or_third_party_model_paper,False,Post title and department are indexed from the public archive. The paper is not labelled official unless an official PPSC file is separately linked.,2026-07-16
498,Punjab Public Service Commission (PPSC),Junior Clerk BOR Held on 20.12.2025,Junior Clerk BOR,PPSC paper for: Junior Clerk BOR,Board of Revenue Department,[],,2025,https://pacegkacademy.com/PPSC-Past-Paper-Question/498,https://pacegkacademy.com/PPSC-Past-Papers/6,candidate_recalled_or_third_party_model_paper,False,Post title and department are indexed from the public archive. The paper is not labelled official unless an official PPSC file is separately linked.,2026-07-16
495,Punjab Public Service Commission (PPSC),Junior Clerk (Morning) Held on 14.12.2025,Junior Clerk (Morning),PPSC paper for: Junior Clerk (Morning),Punjab Police Department,[],,2025,https://pacegkacademy.com/PPSC-Past-Paper-Question/495,https://pacegkacademy.com/PPSC-Past-Papers/6,candidate_recalled_or_third_party_model_paper,False,Post title and department are indexed from the public archive. The paper is not labelled official unless an official PPSC file is separately linked.,2026-07-16
496,Punjab Public Service Commission (PPSC),Junior Clerk (Evening) Held on 14.12.2025,Junior Clerk (Evening),PPSC paper for: Junior Clerk (Evening),Punjab Police Department,[],,2025,https://pacegkacademy.com/PPSC-Past-Paper-Question/496,https://pacegkacademy.com/PPSC-Past-Papers/6,candidate_recalled_or_third_party_model_paper,False,Post title and department are indexed from the public archive. The paper is not labelled official unless an official PPSC file is separately linked.,2026-07-16
453,Punjab Public Service Commission (PPSC),Junior Clerk (BS-11) (1-06-2025),Junior Clerk (BS-11),PPSC paper for: Junior Clerk (BS-11),Board of Revenue Department,[11],,2025,https://pacegkacademy.com/PPSC-Past-Paper-Question/453,https://pacegkacademy.com/PPSC-Past-Papers/6,candidate_recalled_or_third_party_model_paper,False,Post title and department are indexed from the public archive. The paper is not labelled official unless an official PPSC file is separately linked.,2026-07-16
477,Punjab Public Service Commission (PPSC),Islamic Studies: Combined competitive Examination 2023 Held in 2025,Islamic Studies: Combined competitive Examination 2023,PPSC paper for: Islamic Studies: Combined competitive Examination 2023,Provincial Management Service(PMS) Department,[],,2025,https://pacegkacademy.com/PPSC-Past-Paper-Question/477,https://pacegkacademy.com/PPSC-Past-Papers/6,candidate_recalled_or_third_party_model_paper,False,Post title and department are indexed from the public archive. The paper is not labelled official unless an official PPSC file is separately linked.,2026-07-16
455,Punjab Public Service Commission (PPSC),Internal Audit Specialist (BS-16) 31-05-2025,Internal Audit Specialist (BS-16),PPSC paper for: Internal Audit Specialist (BS-16),"PUNJAB REVENUE AUTHORITY, FINANCE DEPARTMENT Department",[16],,2025,https://pacegkacademy.com/PPSC-Past-Paper-Question/455,https://pacegkacademy.com/PPSC-Past-Papers/6,candidate_recalled_or_third_party_model_paper,False,Post title and department are indexed from the public archive. The paper is not labelled official unless an official PPSC file is separately linked.,2026-07-16
613,Punjab Public Service Commission (PPSC),Industrial Development Officer (BS-16) Held in 2025,Industrial Development Officer (BS-16),PPSC paper for: Industrial Development Officer (BS-16),"Industries, Commerce, Investment & Skills Development Department",[16],,2025,https://pacegkacademy.com/PPSC-Past-Paper-Question/613,https://pacegkacademy.com/PPSC-Past-Papers/6,candidate_recalled_or_third_party_model_paper,False,Post title and department are indexed from the public archive. The paper is not labelled official unless an official PPSC file is separately linked.,2026-07-16
616,Punjab Public Service Commission (PPSC),Evaluation Officer (BS-17) Held in 2025,Evaluation Officer (BS-17),PPSC paper for: Evaluation Officer (BS-17),SOCIAL WELFARE & BAIT UL MAAL DEPARTMENT GOVERNMENT OF PUNJAB Department,[17],,2025,https://pacegkacademy.com/PPSC-Past-Paper-Question/616,https://pacegkacademy.com/PPSC-Past-Papers/6,candidate_recalled_or_third_party_model_paper,False,Post title and department are indexed from the public archive. The paper is not labelled official unless an official PPSC file is separately linked.,2026-07-16
476,Punjab Public Service Commission (PPSC),English: Combined competitive Examination 2023 Held in 2025,English: Combined competitive Examination 2023,PPSC paper for: English: Combined competitive Examination 2023,Provincial Management Service(PMS) Department,[],,2025,https://pacegkacademy.com/PPSC-Past-Paper-Question/476,https://pacegkacademy.com/PPSC-Past-Papers/6,candidate_recalled_or_third_party_model_paper,False,Post title and department are indexed from the public archive. The paper is not labelled official unless an official PPSC file is separately linked.,2026-07-16
433,Punjab Public Service Commission (PPSC),ENFORCEMENT OFFICER (16-03-2025),ENFORCEMENT OFFICER,PPSC paper for: ENFORCEMENT OFFICER,Punjab Enforcement and Regulatory Authority (PERA) Department,[],,2025,https://pacegkacademy.com/PPSC-Past-Paper-Question/433,https://pacegkacademy.com/PPSC-Past-Papers/6,candidate_recalled_or_third_party_model_paper,False,Post title and department are indexed from the public archive. The paper is not labelled official unless an official PPSC file is separately linked.,2026-07-16
456,Punjab Public Service Commission (PPSC),Data Entry Operator (BS-12) (31-05-2025),Data Entry Operator (BS-12),PPSC paper for: Data Entry Operator (BS-12),Punjab Police Special Branch Department,[12],,2025,https://pacegkacademy.com/PPSC-Past-Paper-Question/456,https://pacegkacademy.com/PPSC-Past-Papers/6,candidate_recalled_or_third_party_model_paper,False,Post title and department are indexed from the public archive. The paper is not labelled official unless an official PPSC file is separately linked.,2026-07-16
617,Punjab Public Service Commission (PPSC),Clubbed case ID-125 Junior Clerk (BS-11) Held on 01.06.2025,Clubbed case ID-125 Junior Clerk (BS-11),PPSC paper for: Clubbed case ID-125 Junior Clerk (BS-11),Miscellaneous Department,[11],125,2025,https://pacegkacademy.com/PPSC-Past-Paper-Question/617,https://pacegkacademy.com/PPSC-Past-Papers/6,candidate_recalled_or_third_party_model_paper,False,Post title and department are indexed from the public archive. The paper is not labelled official unless an official PPSC file is separately linked.,2026-07-16
491,Punjab Public Service Commission (PPSC),Clubbed ID 163 Assistant Held On 16.11.2025,Clubbed ID 163 Assistant,PPSC paper for: Clubbed ID 163 Assistant,Miscellaneous Department,[],,2025,https://pacegkacademy.com/PPSC-Past-Paper-Question/491,https://pacegkacademy.com/PPSC-Past-Papers/6,candidate_recalled_or_third_party_model_paper,False,Post title and department are indexed from the public archive. The paper is not labelled official unless an official PPSC file is separately linked.,2026-07-16
621,Punjab Public Service Commission (PPSC),Clubbed Case ID-169 Junior Clerk (BS-11) Held in 20.12.2025,Clubbed Case ID-169 Junior Clerk (BS-11),PPSC paper for: Clubbed Case ID-169 Junior Clerk (BS-11),Miscellaneous Department,[11],169,2025,https://pacegkacademy.com/PPSC-Past-Paper-Question/621,https://pacegkacademy.com/PPSC-Past-Papers/6,candidate_recalled_or_third_party_model_paper,False,Post title and department are indexed from the public archive. The paper is not labelled official unless an official PPSC file is separately linked.,2026-07-16
470,Punjab Public Service Commission (PPSC),"CURATOR (BS-17) DIRECTORATE GENERAL OF ARCHAEOLOGY, History PORTION (22-06-2025)","CURATOR (BS-17) DIRECTORATE GENERAL OF ARCHAEOLOGY, History PORTION","PPSC paper for: CURATOR (BS-17) DIRECTORATE GENERAL OF ARCHAEOLOGY, History PORTION","TOURISM, ARCHAEOLOGY & MUSEUMS DEPARTMENT Department",[17],,2025,https://pacegkacademy.com/PPSC-Past-Paper-Question/470,https://pacegkacademy.com/PPSC-Past-Papers/6,candidate_recalled_or_third_party_model_paper,False,Post title and department are indexed from the public archive. The paper is not labelled official unless an official PPSC file is separately linked.,2026-07-16
612,Punjab Public Service Commission (PPSC),"COMPUTER OPERATOR (BS-15), Commissioner Office, Multan Division, Multan (Board of Revenue, Punjab), the Office of the Deputy Commissioner (Khushab) (BoR), 3J2025, 51J2024 Held on 12-04-2025","COMPUTER OPERATOR (BS-15), Commissioner Office, Multan Division, Multan (Board of Revenue, Punjab), the Office of the Deputy Commissioner (Khushab) (BoR), 3J2025, 51J2024","PPSC paper for: COMPUTER OPERATOR (BS-15), Commissioner Office, Multan Division, Multan (Board of Revenue, Punjab), the Office of the Deputy Commissioner (Khushab) (BoR), 3J2025, 51J2024",Miscellaneous Department,[15],,2025,https://pacegkacademy.com/PPSC-Past-Paper-Question/612,https://pacegkacademy.com/PPSC-Past-Papers/6,candidate_recalled_or_third_party_model_paper,False,Post title and department are indexed from the public archive. The paper is not labelled official unless an official PPSC file is separately linked.,2026-07-16
624,Punjab Public Service Commission (PPSC),Building Inspector (BS-14) Held in 2025,Building Inspector (BS-14),PPSC paper for: Building Inspector (BS-14),Local Government Department,[14],,2025,https://pacegkacademy.com/PPSC-Past-Paper-Question/624,https://pacegkacademy.com/PPSC-Past-Papers/6,candidate_recalled_or_third_party_model_paper,False,Post title and department are indexed from the public archive. The paper is not labelled official unless an official PPSC file is separately linked.,2026-07-16
434,Punjab Public Service Commission (PPSC),Assistant Sub Inspector PHP (09-03-2025),Assistant Sub Inspector PHP,PPSC paper for: Assistant Sub Inspector PHP,PUNJAB HIGHWAY DEPARTMENT (PHP) Department,[],,2025,https://pacegkacademy.com/PPSC-Past-Paper-Question/434,https://pacegkacademy.com/PPSC-Past-Papers/6,candidate_recalled_or_third_party_model_paper,False,Post title and department are indexed from the public archive. The paper is not labelled official unless an official PPSC file is separately linked.,2026-07-16
486,Punjab Public Service Commission (PPSC),Assistant PESSI Held on 19-10-2025,Assistant PESSI,PPSC paper for: Assistant PESSI,Punjab Employees Social Security Institution (PESSI) Department,[],,2025,https://pacegkacademy.com/PPSC-Past-Paper-Question/486,https://pacegkacademy.com/PPSC-Past-Papers/6,candidate_recalled_or_third_party_model_paper,False,Post title and department are indexed from the public archive. The paper is not labelled official unless an official PPSC file is separately linked.,2026-07-16
625,Punjab Public Service Commission (PPSC),Assistant Entomologist (BS-17) Held in 2025,Assistant Entomologist (BS-17),PPSC paper for: Assistant Entomologist (BS-17),Forestry Wildlife and Fisheries Department,[17],,2025,https://pacegkacademy.com/PPSC-Past-Paper-Question/625,https://pacegkacademy.com/PPSC-Past-Papers/6,candidate_recalled_or_third_party_model_paper,False,Post title and department are indexed from the public archive. The paper is not labelled official unless an official PPSC file is separately linked.,2026-07-16
428,Punjab Public Service Commission (PPSC),Assistant Director Wildlife BS-17 Held on 23.02.2025,Assistant Director Wildlife BS-17,PPSC paper for: Assistant Director Wildlife BS-17,Forestry Wildlife and Fisheries Department,[17],,2025,https://pacegkacademy.com/PPSC-Past-Paper-Question/428,https://pacegkacademy.com/PPSC-Past-Papers/6,candidate_recalled_or_third_party_model_paper,False,Post title and department are indexed from the public archive. The paper is not labelled official unless an official PPSC file is separately linked.,2026-07-16
473,Punjab Public Service Commission (PPSC),Assistant Director TEPA BS-17 (13-07-2025),Assistant Director TEPA BS-17,PPSC paper for: Assistant Director TEPA BS-17,Punjab Employees Social Security Institution (PESSI) Department,[17],,2025,https://pacegkacademy.com/PPSC-Past-Paper-Question/473,https://pacegkacademy.com/PPSC-Past-Papers/6,candidate_recalled_or_third_party_model_paper,False,Post title and department are indexed from the public archive. The paper is not labelled official unless an official PPSC file is separately linked.,2026-07-16
448,Punjab Public Service Commission (PPSC),Assistant Director LDA (27-04-2025),Assistant Director LDA,PPSC paper for: Assistant Director LDA,Lahore Development Authority LDA Department,[],,2025,https://pacegkacademy.com/PPSC-Past-Paper-Question/448,https://pacegkacademy.com/PPSC-Past-Papers/6,candidate_recalled_or_third_party_model_paper,False,Post title and department are indexed from the public archive. The paper is not labelled official unless an official PPSC file is separately linked.,2026-07-16
454,Punjab Public Service Commission (PPSC),Assistant Director Fisheries (BS-17) (1-06-2025),Assistant Director Fisheries (BS-17),PPSC paper for: Assistant Director Fisheries (BS-17),"FORESTRY, WILDLIFE, & FISHERIES DEPARTMENT Department",[17],,2025,https://pacegkacademy.com/PPSC-Past-Paper-Question/454,https://pacegkacademy.com/PPSC-Past-Papers/6,candidate_recalled_or_third_party_model_paper,False,Post title and department are indexed from the public archive. The paper is not labelled official unless an official PPSC file is separately linked.,2026-07-16
626,Punjab Public Service Commission (PPSC),Assistant Director Finance (BS-17) Held on 21.09.2025,Assistant Director Finance (BS-17),PPSC paper for: Assistant Director Finance (BS-17),Punjab Agriculture Department,[17],,2025,https://pacegkacademy.com/PPSC-Past-Paper-Question/626,https://pacegkacademy.com/PPSC-Past-Papers/6,candidate_recalled_or_third_party_model_paper,False,Post title and department are indexed from the public archive. The paper is not labelled official unless an official PPSC file is separately linked.,2026-07-16
472,Punjab Public Service Commission (PPSC),Assistant Director Accounts BS-17 (12-07-2025),Assistant Director Accounts BS-17,PPSC paper for: Assistant Director Accounts BS-17,"Finance, Audit and Accounts Department",[17],,2025,https://pacegkacademy.com/PPSC-Past-Paper-Question/472,https://pacegkacademy.com/PPSC-Past-Papers/6,candidate_recalled_or_third_party_model_paper,False,Post title and department are indexed from the public archive. The paper is not labelled official unless an official PPSC file is separately linked.,2026-07-16
620,Punjab Public Service Commission (PPSC),Assistant Director (BS-17) District Development Officer (BS-17) Assistant Secretary (Board) (BS-17) Economist Manager (PHS) (BS-17) Held on 26.04.2025,Assistant Director (BS-17) District Development Officer (BS-17) Assistant Secretary (Board) (BS-17) Economist Manager (PHS) (BS-17),PPSC paper for: Assistant Director (BS-17) District Development Officer (BS-17) Assistant Secretary (Board) (BS-17) Economist Manager (PHS) (BS-17),"Industries, Commerce, Investment & Skills Development Department","[17, 17, 17, 17]",,2025,https://pacegkacademy.com/PPSC-Past-Paper-Question/620,https://pacegkacademy.com/PPSC-Past-Papers/6,candidate_recalled_or_third_party_model_paper,False,Post title and department are indexed from the public archive. The paper is not labelled official unless an official PPSC file is separately linked.,2026-07-16
618,Punjab Public Service Commission (PPSC),Assistant Director (BS-17) Held in 12.07.2025,Assistant Director (BS-17),PPSC paper for: Assistant Director (BS-17),HOUSING URBAN DEVELOPMENT & PUBLIC HEALTH ENGINEERING DEPARTMENT Department,[17],,2025,https://pacegkacademy.com/PPSC-Past-Paper-Question/618,https://pacegkacademy.com/PPSC-Past-Papers/6,candidate_recalled_or_third_party_model_paper,False,Post title and department are indexed from the public archive. The paper is not labelled official unless an official PPSC file is separately linked.,2026-07-16
615,Punjab Public Service Commission (PPSC),Assistant Director (BS-17) Held on 2025,Assistant Director (BS-17),PPSC paper for: Assistant Director (BS-17),HOUSING URBAN DEVELOPMENT & PUBLIC HEALTH ENGINEERING DEPARTMENT Department,[17],,2025,https://pacegkacademy.com/PPSC-Past-Paper-Question/615,https://pacegkacademy.com/PPSC-Past-Papers/6,candidate_recalled_or_third_party_model_paper,False,Post title and department are indexed from the public archive. The paper is not labelled official unless an official PPSC file is separately linked.,2026-07-16
449,Punjab Public Service Commission (PPSC),"Assistant BOR, Clubbed (27-04-2025)","Assistant BOR, Clubbed","PPSC paper for: Assistant BOR, Clubbed",Board of Revenue Department,[],,2025,https://pacegkacademy.com/PPSC-Past-Paper-Question/449,https://pacegkacademy.com/PPSC-Past-Papers/6,candidate_recalled_or_third_party_model_paper,False,Post title and department are indexed from the public archive. The paper is not labelled official unless an official PPSC file is separately linked.,2026-07-16
493,Punjab Public Service Commission (PPSC),Assistant Held on 07.12.2025,Assistant,PPSC paper for: Assistant,Board of Revenue Department,[],,2025,https://pacegkacademy.com/PPSC-Past-Paper-Question/493,https://pacegkacademy.com/PPSC-Past-Papers/6,candidate_recalled_or_third_party_model_paper,False,Post title and department are indexed from the public archive. The paper is not labelled official unless an official PPSC file is separately linked.,2026-07-16
474,Punjab Public Service Commission (PPSC),Assistant (13-07-2025),Assistant,PPSC paper for: Assistant,Punjab Employees Social Security Institution (PESSI) Department,[],,2025,https://pacegkacademy.com/PPSC-Past-Paper-Question/474,https://pacegkacademy.com/PPSC-Past-Papers/6,candidate_recalled_or_third_party_model_paper,False,Post title and department are indexed from the public archive. The paper is not labelled official unless an official PPSC file is separately linked.,2026-07-16
429,Punjab Public Service Commission (PPSC),Accountant / Auditor Held on 24.02.2025,Accountant / Auditor,PPSC paper for: Accountant / Auditor,"Finance, Audit and Accounts Department",[],,2025,https://pacegkacademy.com/PPSC-Past-Paper-Question/429,https://pacegkacademy.com/PPSC-Past-Papers/6,candidate_recalled_or_third_party_model_paper,False,Post title and department are indexed from the public archive. The paper is not labelled official unless an official PPSC file is separately linked.,2026-07-16
484,Punjab Public Service Commission (PPSC),ASSISTANT REGISTRAR GK PAPER HELD on 28-9-2025,ASSISTANT REGISTRAR GK,PPSC paper for: ASSISTANT REGISTRAR GK,Punjab Cooperatives Department,[],,2025,https://pacegkacademy.com/PPSC-Past-Paper-Question/484,https://pacegkacademy.com/PPSC-Past-Papers/6,candidate_recalled_or_third_party_model_paper,False,Post title and department are indexed from the public archive. The paper is not labelled official unless an official PPSC file is separately linked.,2026-07-16
445,Punjab Public Service Commission (PPSC),ASI Service quota (13-04-2025),ASI Service quota,PPSC paper for: ASI Service quota,Punjab Police Department,[],,2025,https://pacegkacademy.com/PPSC-Past-Paper-Question/445,https://pacegkacademy.com/PPSC-Past-Papers/6,candidate_recalled_or_third_party_model_paper,False,Post title and department are indexed from the public archive. The paper is not labelled official unless an official PPSC file is separately linked.,2026-07-16
481,Punjab Public Service Commission (PPSC),AD STAT BS-17 (Morning) Held on 21-9-2025,AD STAT BS-17 (Morning),PPSC paper for: AD STAT BS-17 (Morning),Punjab Agriculture Department Department,[17],,2025,https://pacegkacademy.com/PPSC-Past-Paper-Question/481,https://pacegkacademy.com/PPSC-Past-Papers/6,candidate_recalled_or_third_party_model_paper,False,Post title and department are indexed from the public archive. The paper is not labelled official unless an official PPSC file is separately linked.,2026-07-16
447,Punjab Public Service Commission (PPSC),AD Research GK 40% (12-04-2025),AD Research GK 40%,PPSC paper for: AD Research GK 40%,Board of Revenue Department,[],,2025,https://pacegkacademy.com/PPSC-Past-Paper-Question/447,https://pacegkacademy.com/PPSC-Past-Papers/6,candidate_recalled_or_third_party_model_paper,False,Post title and department are indexed from the public archive. The paper is not labelled official unless an official PPSC file is separately linked.,2026-07-16
482,Punjab Public Service Commission (PPSC),20% GK Assistant Director (STAT) BS-17 (Evening) Held on 21-09-2025,20% GK Assistant Director (STAT) BS-17 (Evening),PPSC paper for: 20% GK Assistant Director (STAT) BS-17 (Evening),Punjab Agriculture Department Department,[17],,2025,https://pacegkacademy.com/PPSC-Past-Paper-Question/482,https://pacegkacademy.com/PPSC-Past-Papers/6,candidate_recalled_or_third_party_model_paper,False,Post title and department are indexed from the public archive. The paper is not labelled official unless an official PPSC file is separately linked.,2026-07-16
631,Punjab Public Service Commission (PPSC),Tehsildar Consolidation Officer Hill Torrent Officer Reader to Member BoR (Ministrial Quota) Held in 2024,Tehsildar Consolidation Officer Hill Torrent Officer Reader to Member BoR (Ministrial Quota),PPSC paper for: Tehsildar Consolidation Officer Hill Torrent Officer Reader to Member BoR (Ministrial Quota),Board of Revenue Department,[],,2024,https://pacegkacademy.com/PPSC-Past-Paper-Question/631,https://pacegkacademy.com/PPSC-Past-Papers/6,candidate_recalled_or_third_party_model_paper,False,Post title and department are indexed from the public archive. The paper is not labelled official unless an official PPSC file is separately linked.,2026-07-16
424,Punjab Public Service Commission (PPSC),Tehsil Dar officer G.k Screening Held on (15-12-2024),Tehsil Dar officer G.k Screening,PPSC paper for: Tehsil Dar officer G.k Screening,Board of Revenue Department,[],,2024,https://pacegkacademy.com/PPSC-Past-Paper-Question/424,https://pacegkacademy.com/PPSC-Past-Papers/6,candidate_recalled_or_third_party_model_paper,False,Post title and department are indexed from the public archive. The paper is not labelled official unless an official PPSC file is separately linked.,2026-07-16
629,Punjab Public Service Commission (PPSC),Subject Specialist Pakistan Studies (BS-17) Held in 2024,Subject Specialist Pakistan Studies (BS-17),PPSC paper for: Subject Specialist Pakistan Studies (BS-17),Education Department,[17],,2024,https://pacegkacademy.com/PPSC-Past-Paper-Question/629,https://pacegkacademy.com/PPSC-Past-Papers/6,candidate_recalled_or_third_party_model_paper,False,Post title and department are indexed from the public archive. The paper is not labelled official unless an official PPSC file is separately linked.,2026-07-16
630,Punjab Public Service Commission (PPSC),Protocol Assistant (BS-12) Chief Minister's Office Held in 2024,Protocol Assistant (BS-12) Chief Minister's Office,PPSC paper for: Protocol Assistant (BS-12) Chief Minister's Office,Services and General Administration Department,[12],,2024,https://pacegkacademy.com/PPSC-Past-Paper-Question/630,https://pacegkacademy.com/PPSC-Past-Papers/6,candidate_recalled_or_third_party_model_paper,False,Post title and department are indexed from the public archive. The paper is not labelled official unless an official PPSC file is separately linked.,2026-07-16
406,Punjab Public Service Commission (PPSC),Program Officer (I.T) Punjab Revenue Authority Held on 26-07-2024,Program Officer (I.T) Punjab Revenue Authority,PPSC paper for: Program Officer (I.T) Punjab Revenue Authority,Board of Revenue Department,[],,2024,https://pacegkacademy.com/PPSC-Past-Paper-Question/406,https://pacegkacademy.com/PPSC-Past-Papers/6,candidate_recalled_or_third_party_model_paper,False,Post title and department are indexed from the public archive. The paper is not labelled official unless an official PPSC file is separately linked.,2026-07-16
401,Punjab Public Service Commission (PPSC),Physiotherapist (Punjab Special Education Department) Held on: 10-08-2024,Physiotherapist (Punjab Special Education Department),PPSC paper for: Physiotherapist (Punjab Special Education Department),Education Department,[],,2024,https://pacegkacademy.com/PPSC-Past-Paper-Question/401,https://pacegkacademy.com/PPSC-Past-Papers/6,candidate_recalled_or_third_party_model_paper,False,Post title and department are indexed from the public archive. The paper is not labelled official unless an official PPSC file is separately linked.,2026-07-16
458,Punjab Public Service Commission (PPSC),Nutritionist-Morning (23-11-2024),Nutritionist-Morning,PPSC paper for: Nutritionist-Morning,Punjab Food Authority Department,[],,2024,https://pacegkacademy.com/PPSC-Past-Paper-Question/458,https://pacegkacademy.com/PPSC-Past-Papers/6,candidate_recalled_or_third_party_model_paper,False,Post title and department are indexed from the public archive. The paper is not labelled official unless an official PPSC file is separately linked.,2026-07-16
405,Punjab Public Service Commission (PPSC),Medical Officer (BS-17) Labour Department Held on 09-06-2024,Medical Officer (BS-17) Labour Department,PPSC paper for: Medical Officer (BS-17) Labour Department,Labour and Human Resource Department,[17],,2024,https://pacegkacademy.com/PPSC-Past-Paper-Question/405,https://pacegkacademy.com/PPSC-Past-Papers/6,candidate_recalled_or_third_party_model_paper,False,Post title and department are indexed from the public archive. The paper is not labelled official unless an official PPSC file is separately linked.,2026-07-16
398,Punjab Public Service Commission (PPSC),Lecturer Urdu (Special Education Department) Held on 10-08-2024,Lecturer Urdu (Special Education Department),PPSC paper for: Lecturer Urdu (Special Education Department),Education Department,[],,2024,https://pacegkacademy.com/PPSC-Past-Paper-Question/398,https://pacegkacademy.com/PPSC-Past-Papers/6,candidate_recalled_or_third_party_model_paper,False,Post title and department are indexed from the public archive. The paper is not labelled official unless an official PPSC file is separately linked.,2026-07-16
403,Punjab Public Service Commission (PPSC),Lecturer Punjabi (BS-17) (Special Education Department) Held on 13-07-2024,Lecturer Punjabi (BS-17) (Special Education Department),PPSC paper for: Lecturer Punjabi (BS-17) (Special Education Department),Education Department,[17],,2024,https://pacegkacademy.com/PPSC-Past-Paper-Question/403,https://pacegkacademy.com/PPSC-Past-Papers/6,candidate_recalled_or_third_party_model_paper,False,Post title and department are indexed from the public archive. The paper is not labelled official unless an official PPSC file is separately linked.,2026-07-16
627,Punjab Public Service Commission (PPSC),Lecturer Islamiat (BS-17) Held in 2024,Lecturer Islamiat (BS-17),PPSC paper for: Lecturer Islamiat (BS-17),Education Department,[17],,2024,https://pacegkacademy.com/PPSC-Past-Paper-Question/627,https://pacegkacademy.com/PPSC-Past-Papers/6,candidate_recalled_or_third_party_model_paper,False,Post title and department are indexed from the public archive. The paper is not labelled official unless an official PPSC file is separately linked.,2026-07-16
457,Punjab Public Service Commission (PPSC),Junior Computer Operator- Morning (30-11-2024),Junior Computer Operator- Morning,PPSC paper for: Junior Computer Operator- Morning,Punjab Public Service Commission (PPSC) Department,[],,2024,https://pacegkacademy.com/PPSC-Past-Paper-Question/457,https://pacegkacademy.com/PPSC-Past-Papers/6,candidate_recalled_or_third_party_model_paper,False,Post title and department are indexed from the public archive. The paper is not labelled official unless an official PPSC file is separately linked.,2026-07-16
459,Punjab Public Service Commission (PPSC),Junior Computer Operator BS 11 (23-11-2024),Junior Computer Operator BS 11,PPSC paper for: Junior Computer Operator BS 11,Anti Corruption Establishment Department,[11],,2024,https://pacegkacademy.com/PPSC-Past-Paper-Question/459,https://pacegkacademy.com/PPSC-Past-Papers/6,candidate_recalled_or_third_party_model_paper,False,Post title and department are indexed from the public archive. The paper is not labelled official unless an official PPSC file is separately linked.,2026-07-16
417,Punjab Public Service Commission (PPSC),Junior Computer Operator (Morning) Irrigation Department Held on 29-09-2024,Junior Computer Operator (Morning) Irrigation Department,PPSC paper for: Junior Computer Operator (Morning) Irrigation Department,Irrigation and Power Department,[],,2024,https://pacegkacademy.com/PPSC-Past-Paper-Question/417,https://pacegkacademy.com/PPSC-Past-Papers/6,candidate_recalled_or_third_party_model_paper,False,Post title and department are indexed from the public archive. The paper is not labelled official unless an official PPSC file is separately linked.,2026-07-16
392,Punjab Public Service Commission (PPSC),"Intelligence Officer (Special Branch), Punjab Police Held on: 25/08/2024","Intelligence Officer (Special Branch), Punjab Police","PPSC paper for: Intelligence Officer (Special Branch), Punjab Police",Punjab Police Department,[],,2024,https://pacegkacademy.com/PPSC-Past-Paper-Question/392,https://pacegkacademy.com/PPSC-Past-Papers/6,candidate_recalled_or_third_party_model_paper,False,Post title and department are indexed from the public archive. The paper is not labelled official unless an official PPSC file is separately linked.,2026-07-16
412,Punjab Public Service Commission (PPSC),Inspector Cooperative (Cooperative Department) Held on 10-08-2024,Inspector Cooperative (Cooperative Department),PPSC paper for: Inspector Cooperative (Cooperative Department),Punjab Cooperatives Department,[],,2024,https://pacegkacademy.com/PPSC-Past-Paper-Question/412,https://pacegkacademy.com/PPSC-Past-Papers/6,candidate_recalled_or_third_party_model_paper,False,Post title and department are indexed from the public archive. The paper is not labelled official unless an official PPSC file is separately linked.,2026-07-16
407,Punjab Public Service Commission (PPSC),"Inspector (BS-16) Tourist Services (DTS), Punjab held on 13-07-2024","Inspector (BS-16) Tourist Services (DTS), Punjab","PPSC paper for: Inspector (BS-16) Tourist Services (DTS), Punjab","Tourist Services (DTS), Punjab Department",[16],,2024,https://pacegkacademy.com/PPSC-Past-Paper-Question/407,https://pacegkacademy.com/PPSC-Past-Papers/6,candidate_recalled_or_third_party_model_paper,False,Post title and department are indexed from the public archive. The paper is not labelled official unless an official PPSC file is separately linked.,2026-07-16
423,Punjab Public Service Commission (PPSC),General Knowledge P.M.S (Held On 15-12-2024),General Knowledge P.M.S (,PPSC paper for: General Knowledge P.M.S (,Provincial Management Service(PMS) Department,[],,2024,https://pacegkacademy.com/PPSC-Past-Paper-Question/423,https://pacegkacademy.com/PPSC-Past-Papers/6,candidate_recalled_or_third_party_model_paper,False,Post title and department are indexed from the public archive. The paper is not labelled official unless an official PPSC file is separately linked.,2026-07-16
425,Punjab Public Service Commission (PPSC),G.k Portion(Sub Engineer Mechanical Bs-14)Dated 30-11-2024,G.k Portion(Sub Engineer Mechanical Bs-14)Dated,PPSC paper for: G.k Portion(Sub Engineer Mechanical Bs-14)Dated,HOUSING URBAN DEVELOPMENT & PUBLIC HEALTH ENGINEERING DEPARTMENT Department,[14],,2024,https://pacegkacademy.com/PPSC-Past-Paper-Question/425,https://pacegkacademy.com/PPSC-Past-Papers/6,candidate_recalled_or_third_party_model_paper,False,Post title and department are indexed from the public archive. The paper is not labelled official unless an official PPSC file is separately linked.,2026-07-16
426,Punjab Public Service Commission (PPSC),G.k Portion(Horticulture Officer) Dated 30-11-2024,G.k Portion(Horticulture Officer) Dated,PPSC paper for: G.k Portion(Horticulture Officer) Dated,Miscellaneous Department,[],,2024,https://pacegkacademy.com/PPSC-Past-Paper-Question/426,https://pacegkacademy.com/PPSC-Past-Papers/6,candidate_recalled_or_third_party_model_paper,False,Post title and department are indexed from the public archive. The paper is not labelled official unless an official PPSC file is separately linked.,2026-07-16
427,Punjab Public Service Commission (PPSC),G.k Portion( Sub Engineer Civil Bs-14) Dated 30-11-2024,G.k Portion( Sub Engineer Civil Bs-14) Dated,PPSC paper for: G.k Portion( Sub Engineer Civil Bs-14) Dated,Miscellaneous Department,[14],,2024,https://pacegkacademy.com/PPSC-Past-Paper-Question/427,https://pacegkacademy.com/PPSC-Past-Papers/6,candidate_recalled_or_third_party_model_paper,False,Post title and department are indexed from the public archive. The paper is not labelled official unless an official PPSC file is separately linked.,2026-07-16
418,Punjab Public Service Commission (PPSC),Excise Inspector-Morning Held on 08-09-2024,Excise Inspector-Morning,PPSC paper for: Excise Inspector-Morning,Excise and Taxation Department,[],,2024,https://pacegkacademy.com/PPSC-Past-Paper-Question/418,https://pacegkacademy.com/PPSC-Past-Papers/6,candidate_recalled_or_third_party_model_paper,False,Post title and department are indexed from the public archive. The paper is not labelled official unless an official PPSC file is separately linked.,2026-07-16
413,Punjab Public Service Commission (PPSC),Excise Inspector (Excise & Taxation Department) Evening Held on 08-09-2024 20,Excise Inspector (Excise & Taxation Department) Evening,PPSC paper for: Excise Inspector (Excise & Taxation Department) Evening,Excise and Taxation Department,[],,2024,https://pacegkacademy.com/PPSC-Past-Paper-Question/413,https://pacegkacademy.com/PPSC-Past-Papers/6,candidate_recalled_or_third_party_model_paper,False,Post title and department are indexed from the public archive. The paper is not labelled official unless an official PPSC file is separately linked.,2026-07-16
409,Punjab Public Service Commission (PPSC),Educator (BS-16) Punjab Special Education Held on 13-07-2024,Educator (BS-16) Punjab Special Education,PPSC paper for: Educator (BS-16) Punjab Special Education,Education Department,[16],,2024,https://pacegkacademy.com/PPSC-Past-Paper-Question/409,https://pacegkacademy.com/PPSC-Past-Papers/6,candidate_recalled_or_third_party_model_paper,False,Post title and department are indexed from the public archive. The paper is not labelled official unless an official PPSC file is separately linked.,2026-07-16
632,Punjab Public Service Commission (PPSC),Deputy Secretary Deputy Controller of Examination (BS-18) Held in 2024,Deputy Secretary Deputy Controller of Examination (BS-18),PPSC paper for: Deputy Secretary Deputy Controller of Examination (BS-18),Boards of Intermediate and Secondary Education Department,[18],,2024,https://pacegkacademy.com/PPSC-Past-Paper-Question/632,https://pacegkacademy.com/PPSC-Past-Papers/6,candidate_recalled_or_third_party_model_paper,False,Post title and department are indexed from the public archive. The paper is not labelled official unless an official PPSC file is separately linked.,2026-07-16
411,Punjab Public Service Commission (PPSC),Corporal (CTD) Held on 11-08-2024,Corporal (CTD),PPSC paper for: Corporal (CTD),Punjab Police Department,[],,2024,https://pacegkacademy.com/PPSC-Past-Paper-Question/411,https://pacegkacademy.com/PPSC-Past-Papers/6,candidate_recalled_or_third_party_model_paper,False,Post title and department are indexed from the public archive. The paper is not labelled official unless an official PPSC file is separately linked.,2026-07-16
402,Punjab Public Service Commission (PPSC),Computer Instructor (BS-17) Punjab Special Education (Held on 14-07-2024),Computer Instructor (BS-17) Punjab Special Education (,PPSC paper for: Computer Instructor (BS-17) Punjab Special Education (,Education Department,[17],,2024,https://pacegkacademy.com/PPSC-Past-Paper-Question/402,https://pacegkacademy.com/PPSC-Past-Papers/6,candidate_recalled_or_third_party_model_paper,False,Post title and department are indexed from the public archive. The paper is not labelled official unless an official PPSC file is separately linked.,2026-07-16
633,Punjab Public Service Commission (PPSC),Combined Competitive Examination-2023 PMS (BS-17) Held in 2024,Combined Competitive Examination-2023 PMS (BS-17),PPSC paper for: Combined Competitive Examination-2023 PMS (BS-17),Provincial Management Service(PMS) Department,[17],,2024,https://pacegkacademy.com/PPSC-Past-Paper-Question/633,https://pacegkacademy.com/PPSC-Past-Papers/6,candidate_recalled_or_third_party_model_paper,False,Post title and department are indexed from the public archive. The paper is not labelled official unless an official PPSC file is separately linked.,2026-07-16
390,Punjab Public Service Commission (PPSC),Clubbes Case 98 – Various Posts -2024,Clubbes Case 98 – Various Posts -2024,PPSC paper for: Clubbes Case 98 – Various Posts -2024,Miscellaneous Department,[],,2024,https://pacegkacademy.com/PPSC-Past-Paper-Question/390,https://pacegkacademy.com/PPSC-Past-Papers/6,candidate_recalled_or_third_party_model_paper,False,Post title and department are indexed from the public archive. The paper is not labelled official unless an official PPSC file is separately linked.,2026-07-16
462,Punjab Public Service Commission (PPSC),Clubbed ID-96 (27-07-2024),Clubbed ID-96,PPSC paper for: Clubbed ID-96,"Punjab Council of the arts, Information and Culture Department Department",[],,2024,https://pacegkacademy.com/PPSC-Past-Paper-Question/462,https://pacegkacademy.com/PPSC-Past-Papers/6,candidate_recalled_or_third_party_model_paper,False,Post title and department are indexed from the public archive. The paper is not labelled official unless an official PPSC file is separately linked.,2026-07-16
391,Punjab Public Service Commission (PPSC),"Clubbed Case-Various Post(Labour Inspector/Officer, Assistant) PPSC 25-08-2024","Clubbed Case-Various Post(Labour Inspector/Officer, Assistant) PPSC","PPSC paper for: Clubbed Case-Various Post(Labour Inspector/Officer, Assistant) PPSC",Miscellaneous Department,[],,2024,https://pacegkacademy.com/PPSC-Past-Paper-Question/391,https://pacegkacademy.com/PPSC-Past-Papers/6,candidate_recalled_or_third_party_model_paper,False,Post title and department are indexed from the public archive. The paper is not labelled official unless an official PPSC file is separately linked.,2026-07-16
397,Punjab Public Service Commission (PPSC),Clubbed Case-97 (Evening) Held on 13-07-2024,Clubbed Case-97 (Evening),PPSC paper for: Clubbed Case-97 (Evening),Punjab Food Authority Department,[],,2024,https://pacegkacademy.com/PPSC-Past-Paper-Question/397,https://pacegkacademy.com/PPSC-Past-Papers/6,candidate_recalled_or_third_party_model_paper,False,Post title and department are indexed from the public archive. The paper is not labelled official unless an official PPSC file is separately linked.,2026-07-16
393,Punjab Public Service Commission (PPSC),Clubbed Case-91(Morning) Punjab Special Education Department (10-08-2024),Clubbed Case-91(Morning) Punjab Special Education Department,PPSC paper for: Clubbed Case-91(Morning) Punjab Special Education Department,Education Department,[],,2024,https://pacegkacademy.com/PPSC-Past-Paper-Question/393,https://pacegkacademy.com/PPSC-Past-Papers/6,candidate_recalled_or_third_party_model_paper,False,Post title and department are indexed from the public archive. The paper is not labelled official unless an official PPSC file is separately linked.,2026-07-16
395,Punjab Public Service Commission (PPSC),Clubbed Case-85 (Morning) Held on 08-06-2024,Clubbed Case-85 (Morning),PPSC paper for: Clubbed Case-85 (Morning),Education Department,[],,2024,https://pacegkacademy.com/PPSC-Past-Paper-Question/395,https://pacegkacademy.com/PPSC-Past-Papers/6,candidate_recalled_or_third_party_model_paper,False,Post title and department are indexed from the public archive. The paper is not labelled official unless an official PPSC file is separately linked.,2026-07-16
394,Punjab Public Service Commission (PPSC),Clubbed Case-76 (Evening) Held on 08-06-2024,Clubbed Case-76 (Evening),PPSC paper for: Clubbed Case-76 (Evening),Planning and Development Department,[],,2024,https://pacegkacademy.com/PPSC-Past-Paper-Question/394,https://pacegkacademy.com/PPSC-Past-Papers/6,candidate_recalled_or_third_party_model_paper,False,Post title and department are indexed from the public archive. The paper is not labelled official unless an official PPSC file is separately linked.,2026-07-16
396,Punjab Public Service Commission (PPSC),Clubbed Case-75 (Evening) Held on 13-07-2024,Clubbed Case-75 (Evening),PPSC paper for: Clubbed Case-75 (Evening),Education Department,[],,2024,https://pacegkacademy.com/PPSC-Past-Paper-Question/396,https://pacegkacademy.com/PPSC-Past-Papers/6,candidate_recalled_or_third_party_model_paper,False,Post title and department are indexed from the public archive. The paper is not labelled official unless an official PPSC file is separately linked.,2026-07-16
414,Punjab Public Service Commission (PPSC),Clubbed Case Code ID-49 JUNIOR COMPUTER OPERATOR BPS-12 in different Departments (Held on 29-09-2024),Clubbed Case Code ID-49 JUNIOR COMPUTER OPERATOR BPS-12 in different Departments (,PPSC paper for: Clubbed Case Code ID-49 JUNIOR COMPUTER OPERATOR BPS-12 in different Departments (,Irrigation and Power Department,[12],,2024,https://pacegkacademy.com/PPSC-Past-Paper-Question/414,https://pacegkacademy.com/PPSC-Past-Papers/6,candidate_recalled_or_third_party_model_paper,False,Post title and department are indexed from the public archive. The paper is not labelled official unless an official PPSC file is separately linked.,2026-07-16
389,Punjab Public Service Commission (PPSC),Clubbed Case 74 – Assistant (BS-16) Various Departments – 2024,Clubbed Case 74 – Assistant (BS-16) Various Departments – 2024,PPSC paper for: Clubbed Case 74 – Assistant (BS-16) Various Departments – 2024,Miscellaneous Department,[16],,2024,https://pacegkacademy.com/PPSC-Past-Paper-Question/389,https://pacegkacademy.com/PPSC-Past-Papers/6,candidate_recalled_or_third_party_model_paper,False,Post title and department are indexed from the public archive. The paper is not labelled official unless an official PPSC file is separately linked.,2026-07-16
628,Punjab Public Service Commission (PPSC),Club-107 Media Monitoring Officer (BS-16) Administrative Officer (BS-17) Information Officer (BS-17) Administrator (BS-16) Estate Officer (BS-16) Held in 2024,Club-107 Media Monitoring Officer (BS-16) Administrative Officer (BS-17) Information Officer (BS-17) Administrator (BS-16) Estate Officer (BS-16),PPSC paper for: Club-107 Media Monitoring Officer (BS-16) Administrative Officer (BS-17) Information Officer (BS-17) Administrator (BS-16) Estate Officer (BS-16),Miscellaneous Department,"[16, 17, 17, 16, 16]",,2024,https://pacegkacademy.com/PPSC-Past-Paper-Question/628,https://pacegkacademy.com/PPSC-Past-Papers/6,candidate_recalled_or_third_party_model_paper,False,Post title and department are indexed from the public archive. The paper is not labelled official unless an official PPSC file is separately linked.,2026-07-16
410,Punjab Public Service Commission (PPSC),Chief Officer/Municipal Officer (Regulations) Local Government & Community Development (Held on 11-08-2024),Chief Officer/Municipal Officer (Regulations) Local Government & Community Development (,PPSC paper for: Chief Officer/Municipal Officer (Regulations) Local Government & Community Development (,Local Government Department,[],,2024,https://pacegkacademy.com/PPSC-Past-Paper-Question/410,https://pacegkacademy.com/PPSC-Past-Papers/6,candidate_recalled_or_third_party_model_paper,False,Post title and department are indexed from the public archive. The paper is not labelled official unless an official PPSC file is separately linked.,2026-07-16
399,Punjab Public Service Commission (PPSC),Bio Medical Engineer (Labour & Resource) Held on 10-08-2024),Bio Medical Engineer (Labour & Resource),PPSC paper for: Bio Medical Engineer (Labour & Resource),Labour and Human Resource Department,[],,2024,https://pacegkacademy.com/PPSC-Past-Paper-Question/399,https://pacegkacademy.com/PPSC-Past-Papers/6,candidate_recalled_or_third_party_model_paper,False,Post title and department are indexed from the public archive. The paper is not labelled official unless an official PPSC file is separately linked.,2026-07-16
421,Punjab Public Service Commission (PPSC),Assistant S&GAD (Morning) Held On 01-12-2024,Assistant S&GAD (Morning),PPSC paper for: Assistant S&GAD (Morning),Services and General Administration Department,[],,2024,https://pacegkacademy.com/PPSC-Past-Paper-Question/421,https://pacegkacademy.com/PPSC-Past-Papers/6,candidate_recalled_or_third_party_model_paper,False,Post title and department are indexed from the public archive. The paper is not labelled official unless an official PPSC file is separately linked.,2026-07-16
419,Punjab Public Service Commission (PPSC),Assistant S&GAD (Morning) Held On 24-11-2024,Assistant S&GAD (Morning),PPSC paper for: Assistant S&GAD (Morning),Services and General Administration Department,[],,2024,https://pacegkacademy.com/PPSC-Past-Paper-Question/419,https://pacegkacademy.com/PPSC-Past-Papers/6,candidate_recalled_or_third_party_model_paper,False,Post title and department are indexed from the public archive. The paper is not labelled official unless an official PPSC file is separately linked.,2026-07-16
422,Punjab Public Service Commission (PPSC),Assistant S&GAD (Evening) Held On 01-12-2024,Assistant S&GAD (Evening),PPSC paper for: Assistant S&GAD (Evening),Services and General Administration Department,[],,2024,https://pacegkacademy.com/PPSC-Past-Paper-Question/422,https://pacegkacademy.com/PPSC-Past-Papers/6,candidate_recalled_or_third_party_model_paper,False,Post title and department are indexed from the public archive. The paper is not labelled official unless an official PPSC file is separately linked.,2026-07-16
420,Punjab Public Service Commission (PPSC),Assistant S&GAD (Evening) Held On 24-11-2024,Assistant S&GAD (Evening),PPSC paper for: Assistant S&GAD (Evening),Services and General Administration Department,[],,2024,https://pacegkacademy.com/PPSC-Past-Paper-Question/420,https://pacegkacademy.com/PPSC-Past-Papers/6,candidate_recalled_or_third_party_model_paper,False,Post title and department are indexed from the public archive. The paper is not labelled official unless an official PPSC file is separately linked.,2026-07-16
460,Punjab Public Service Commission (PPSC),Assistant Director legal (24-08-2024),Assistant Director legal,PPSC paper for: Assistant Director legal,Transport Department Department,[],,2024,https://pacegkacademy.com/PPSC-Past-Paper-Question/460,https://pacegkacademy.com/PPSC-Past-Papers/6,candidate_recalled_or_third_party_model_paper,False,Post title and department are indexed from the public archive. The paper is not labelled official unless an official PPSC file is separately linked.,2026-07-16
415,Punjab Public Service Commission (PPSC),Assistant Director Local Government (Evening) 28-09-2024,Assistant Director Local Government (Evening),PPSC paper for: Assistant Director Local Government (Evening),Local Government Department,[],,2024,https://pacegkacademy.com/PPSC-Past-Paper-Question/415,https://pacegkacademy.com/PPSC-Past-Papers/6,candidate_recalled_or_third_party_model_paper,False,Post title and department are indexed from the public archive. The paper is not labelled official unless an official PPSC file is separately linked.,2026-07-16
416,Punjab Public Service Commission (PPSC),Assistant Director Labour(Morning) 28-09-2024,Assistant Director Labour(Morning),PPSC paper for: Assistant Director Labour(Morning),Labour and Human Resource Department,[],,2024,https://pacegkacademy.com/PPSC-Past-Paper-Question/416,https://pacegkacademy.com/PPSC-Past-Papers/6,candidate_recalled_or_third_party_model_paper,False,Post title and department are indexed from the public archive. The paper is not labelled official unless an official PPSC file is separately linked.,2026-07-16
408,Punjab Public Service Commission (PPSC),"Assistant Director Farms/Procurement (Punjab Seed Corporation, Agriculture) Held on 13-07-2024","Assistant Director Farms/Procurement (Punjab Seed Corporation, Agriculture)","PPSC paper for: Assistant Director Farms/Procurement (Punjab Seed Corporation, Agriculture)",Punjab Agriculture Department,[],,2024,https://pacegkacademy.com/PPSC-Past-Paper-Question/408,https://pacegkacademy.com/PPSC-Past-Papers/6,candidate_recalled_or_third_party_model_paper,False,Post title and department are indexed from the public archive. The paper is not labelled official unless an official PPSC file is separately linked.,2026-07-16
466,Punjab Public Service Commission (PPSC),Assistant Director -Evening (23-11-2024),Assistant Director -Evening,PPSC paper for: Assistant Director -Evening,Lahore Development Authority LDA Department,[],,2024,https://pacegkacademy.com/PPSC-Past-Paper-Question/466,https://pacegkacademy.com/PPSC-Past-Papers/6,candidate_recalled_or_third_party_model_paper,False,Post title and department are indexed from the public archive. The paper is not labelled official unless an official PPSC file is separately linked.,2026-07-16
400,Punjab Public Service Commission (PPSC),Assistant Director (C&W) Communication and works department Held on: 08-06-2024,Assistant Director (C&W) Communication and works department,PPSC paper for: Assistant Director (C&W) Communication and works department,Patrolling Police in the Communication and Works Department,[],,2024,https://pacegkacademy.com/PPSC-Past-Paper-Question/400,https://pacegkacademy.com/PPSC-Past-Papers/6,candidate_recalled_or_third_party_model_paper,False,Post title and department are indexed from the public archive. The paper is not labelled official unless an official PPSC file is separately linked.,2026-07-16
404,Punjab Public Service Commission (PPSC),Assistant Director (Accounts) FDA Held on 14-07-2024,Assistant Director (Accounts) FDA,PPSC paper for: Assistant Director (Accounts) FDA,"Finance, Audit and Accounts Department",[],,2024,https://pacegkacademy.com/PPSC-Past-Paper-Question/404,https://pacegkacademy.com/PPSC-Past-Papers/6,candidate_recalled_or_third_party_model_paper,False,Post title and department are indexed from the public archive. The paper is not labelled official unless an official PPSC file is separately linked.,2026-07-16
467,Punjab Public Service Commission (PPSC),Assistant Controller-Morning 23-11-2024,Assistant Controller-Morning,PPSC paper for: Assistant Controller-Morning,Sargodha Board Department,[],,2024,https://pacegkacademy.com/PPSC-Past-Paper-Question/467,https://pacegkacademy.com/PPSC-Past-Papers/6,candidate_recalled_or_third_party_model_paper,False,Post title and department are indexed from the public archive. The paper is not labelled official unless an official PPSC file is separately linked.,2026-07-16
461,Punjab Public Service Commission (PPSC),Accounts Officer BS-17 (25-06-2024),Accounts Officer BS-17,PPSC paper for: Accounts Officer BS-17,Transport Department Department,[17],,2024,https://pacegkacademy.com/PPSC-Past-Paper-Question/461,https://pacegkacademy.com/PPSC-Past-Papers/6,candidate_recalled_or_third_party_model_paper,False,Post title and department are indexed from the public archive. The paper is not labelled official unless an official PPSC file is separately linked.,2026-07-16
464,Punjab Public Service Commission (PPSC),Account and Audit Officer (Morning ) (13-10-2024),Account and Audit Officer (Morning ),PPSC paper for: Account and Audit Officer (Morning ),Labour and Human Resource Department,[],,2024,https://pacegkacademy.com/PPSC-Past-Paper-Question/464,https://pacegkacademy.com/PPSC-Past-Papers/6,candidate_recalled_or_third_party_model_paper,False,Post title and department are indexed from the public archive. The paper is not labelled official unless an official PPSC file is separately linked.,2026-07-16
651,Punjab Public Service Commission (PPSC),Junior Clerk (BS-11) (Deputy Commissioner Rawalpindi) Held in 2023,Junior Clerk (BS-11) (Deputy Commissioner Rawalpindi),PPSC paper for: Junior Clerk (BS-11) (Deputy Commissioner Rawalpindi),Board of Revenue Department,[11],,2023,https://pacegkacademy.com/PPSC-Past-Paper-Question/651,https://pacegkacademy.com/PPSC-Past-Papers/6,candidate_recalled_or_third_party_model_paper,False,Post title and department are indexed from the public archive. The paper is not labelled official unless an official PPSC file is separately linked.,2026-07-16
650,Punjab Public Service Commission (PPSC),Junior Clerk (BS-11) Held in 2023,Junior Clerk (BS-11),PPSC paper for: Junior Clerk (BS-11),Board of Revenue Department,[11],,2023,https://pacegkacademy.com/PPSC-Past-Paper-Question/650,https://pacegkacademy.com/PPSC-Past-Papers/6,candidate_recalled_or_third_party_model_paper,False,Post title and department are indexed from the public archive. The paper is not labelled official unless an official PPSC file is separately linked.,2026-07-16
649,Punjab Public Service Commission (PPSC),Junior Clerk (BS-11) Held in 2023,Junior Clerk (BS-11),PPSC paper for: Junior Clerk (BS-11),Punjab Public Service Commission (PPSC) Department,[11],,2023,https://pacegkacademy.com/PPSC-Past-Paper-Question/649,https://pacegkacademy.com/PPSC-Past-Papers/6,candidate_recalled_or_third_party_model_paper,False,Post title and department are indexed from the public archive. The paper is not labelled official unless an official PPSC file is separately linked.,2026-07-16
648,Punjab Public Service Commission (PPSC),Junior Clerk (BS-11) Held in 2023,Junior Clerk (BS-11),PPSC paper for: Junior Clerk (BS-11),Board of Revenue Department,[11],,2023,https://pacegkacademy.com/PPSC-Past-Paper-Question/648,https://pacegkacademy.com/PPSC-Past-Papers/6,candidate_recalled_or_third_party_model_paper,False,Post title and department are indexed from the public archive. The paper is not labelled official unless an official PPSC file is separately linked.,2026-07-16
652,Punjab Public Service Commission (PPSC),Assistant Mines Labour Welfare Commissioner (BS-17) Held in 2023,Assistant Mines Labour Welfare Commissioner (BS-17),PPSC paper for: Assistant Mines Labour Welfare Commissioner (BS-17),Mines and Minerals Department,[17],,2023,https://pacegkacademy.com/PPSC-Past-Paper-Question/652,https://pacegkacademy.com/PPSC-Past-Papers/6,candidate_recalled_or_third_party_model_paper,False,Post title and department are indexed from the public archive. The paper is not labelled official unless an official PPSC file is separately linked.,2026-07-16
634,Punjab Public Service Commission (PPSC),Junior Clerk (BS-11) Held in 2022,Junior Clerk (BS-11),PPSC paper for: Junior Clerk (BS-11),Punjab Police Department,[11],,2022,https://pacegkacademy.com/PPSC-Past-Paper-Question/634,https://pacegkacademy.com/PPSC-Past-Papers/6,candidate_recalled_or_third_party_model_paper,False,Post title and department are indexed from the public archive. The paper is not labelled official unless an official PPSC file is separately linked.,2026-07-16
647,Punjab Public Service Commission (PPSC),Data Entry Operator (BS-14) Held in 2022,Data Entry Operator (BS-14),PPSC paper for: Data Entry Operator (BS-14),Lahore High Court Department,[14],,2022,https://pacegkacademy.com/PPSC-Past-Paper-Question/647,https://pacegkacademy.com/PPSC-Past-Papers/6,candidate_recalled_or_third_party_model_paper,False,Post title and department are indexed from the public archive. The paper is not labelled official unless an official PPSC file is separately linked.,2026-07-16
645,Punjab Public Service Commission (PPSC),"Club Code-18 & Assistant (Bs-16) & Junior Clerk (Bs-11) Agriculture, PPSC & PPRA Held in 2022","Club Code-18 & Assistant (Bs-16) & Junior Clerk (Bs-11) Agriculture, PPSC & PPRA","PPSC paper for: Club Code-18 & Assistant (Bs-16) & Junior Clerk (Bs-11) Agriculture, PPSC & PPRA",Miscellaneous Department,"[16, 11]",,2022,https://pacegkacademy.com/PPSC-Past-Paper-Question/645,https://pacegkacademy.com/PPSC-Past-Papers/6,candidate_recalled_or_third_party_model_paper,False,Post title and department are indexed from the public archive. The paper is not labelled official unless an official PPSC file is separately linked.,2026-07-16
640,Punjab Public Service Commission (PPSC),CODE-16 Held in 2022,CODE-16,PPSC paper for: CODE-16,Miscellaneous Department,[],,2022,https://pacegkacademy.com/PPSC-Past-Paper-Question/640,https://pacegkacademy.com/PPSC-Past-Papers/6,candidate_recalled_or_third_party_model_paper,False,Post title and department are indexed from the public archive. The paper is not labelled official unless an official PPSC file is separately linked.,2026-07-16
639,Punjab Public Service Commission (PPSC),CODE-15 Held in 2022,CODE-15,PPSC paper for: CODE-15,Miscellaneous Department,[],,2022,https://pacegkacademy.com/PPSC-Past-Paper-Question/639,https://pacegkacademy.com/PPSC-Past-Papers/6,candidate_recalled_or_third_party_model_paper,False,Post title and department are indexed from the public archive. The paper is not labelled official unless an official PPSC file is separately linked.,2026-07-16
644,Punjab Public Service Commission (PPSC),Assistant Director (BS-17) (Punjab Employees Social Security Institution - PESSI) Held in 2022,Assistant Director (BS-17) (Punjab Employees Social Security Institution - PESSI),PPSC paper for: Assistant Director (BS-17) (Punjab Employees Social Security Institution - PESSI),Labour and Human Resource Department,[17],,2022,https://pacegkacademy.com/PPSC-Past-Paper-Question/644,https://pacegkacademy.com/PPSC-Past-Papers/6,candidate_recalled_or_third_party_model_paper,False,Post title and department are indexed from the public archive. The paper is not labelled official unless an official PPSC file is separately linked.,2026-07-16
643,Punjab Public Service Commission (PPSC),Assistant Director (Admin) (Bs-17) (Punjab Forensic Science Agency) Held in 2022,Assistant Director (Admin) (Bs-17) (Punjab Forensic Science Agency),PPSC paper for: Assistant Director (Admin) (Bs-17) (Punjab Forensic Science Agency),Home Department,[17],,2022,https://pacegkacademy.com/PPSC-Past-Paper-Question/643,https://pacegkacademy.com/PPSC-Past-Papers/6,candidate_recalled_or_third_party_model_paper,False,Post title and department are indexed from the public archive. The paper is not labelled official unless an official PPSC file is separately linked.,2026-07-16
642,Punjab Public Service Commission (PPSC),Assistant (BS-16) Held in 2022,Assistant (BS-16),PPSC paper for: Assistant (BS-16),"Industries, Commerce, Investment & Skills Development Department",[16],,2022,https://pacegkacademy.com/PPSC-Past-Paper-Question/642,https://pacegkacademy.com/PPSC-Past-Papers/6,candidate_recalled_or_third_party_model_paper,False,Post title and department are indexed from the public archive. The paper is not labelled official unless an official PPSC file is separately linked.,2026-07-16
641,Punjab Public Service Commission (PPSC),Assistant (BS-16) Held in 2022,Assistant (BS-16),PPSC paper for: Assistant (BS-16),Center for Professional Development of Public Prosecutors Department,[16],,2022,https://pacegkacademy.com/PPSC-Past-Paper-Question/641,https://pacegkacademy.com/PPSC-Past-Papers/6,candidate_recalled_or_third_party_model_paper,False,Post title and department are indexed from the public archive. The paper is not labelled official unless an official PPSC file is separately linked.,2026-07-16
638,Punjab Public Service Commission (PPSC),Assistant (BS-16) Held in 2022,Assistant (BS-16),PPSC paper for: Assistant (BS-16),Special Education Department,[16],,2022,https://pacegkacademy.com/PPSC-Past-Paper-Question/638,https://pacegkacademy.com/PPSC-Past-Papers/6,candidate_recalled_or_third_party_model_paper,False,Post title and department are indexed from the public archive. The paper is not labelled official unless an official PPSC file is separately linked.,2026-07-16
637,Punjab Public Service Commission (PPSC),Assistant (BS-16) Held in 2022,Assistant (BS-16),PPSC paper for: Assistant (BS-16),Punjab Public Service Commission (PPSC) Department,[16],,2022,https://pacegkacademy.com/PPSC-Past-Paper-Question/637,https://pacegkacademy.com/PPSC-Past-Papers/6,candidate_recalled_or_third_party_model_paper,False,Post title and department are indexed from the public archive. The paper is not labelled official unless an official PPSC file is separately linked.,2026-07-16
636,Punjab Public Service Commission (PPSC),Assistant (BS-16) Held in 2022,Assistant (BS-16),PPSC paper for: Assistant (BS-16),Services and General Administration Department,[16],,2022,https://pacegkacademy.com/PPSC-Past-Paper-Question/636,https://pacegkacademy.com/PPSC-Past-Papers/6,candidate_recalled_or_third_party_model_paper,False,Post title and department are indexed from the public archive. The paper is not labelled official unless an official PPSC file is separately linked.,2026-07-16
635,Punjab Public Service Commission (PPSC),Assistant (BS-16) Held in 2022,Assistant (BS-16),PPSC paper for: Assistant (BS-16),Labour and Human Resource Department,[16],,2022,https://pacegkacademy.com/PPSC-Past-Paper-Question/635,https://pacegkacademy.com/PPSC-Past-Papers/6,candidate_recalled_or_third_party_model_paper,False,Post title and department are indexed from the public archive. The paper is not labelled official unless an official PPSC file is separately linked.,2026-07-16
137,Punjab Public Service Commission (PPSC),Zilladars,Zilladars,PPSC paper for: Zilladars,Irrigation and Power Department,[],,,https://pacegkacademy.com/PPSC-Past-Paper-Question/137,https://pacegkacademy.com/PPSC-Past-Papers/6,candidate_recalled_or_third_party_model_paper,False,Post title and department are indexed from the public archive. The paper is not labelled official unless an official PPSC file is separately linked.,2026-07-16
139,Punjab Public Service Commission (PPSC),Zilladar,Zilladar,PPSC paper for: Zilladar,Irrigation and Power Department,[],,,https://pacegkacademy.com/PPSC-Past-Paper-Question/139,https://pacegkacademy.com/PPSC-Past-Papers/6,candidate_recalled_or_third_party_model_paper,False,Post title and department are indexed from the public archive. The paper is not labelled official unless an official PPSC file is separately linked.,2026-07-16
138,Punjab Public Service Commission (PPSC),Zilladar,Zilladar,PPSC paper for: Zilladar,Irrigation and Power Department,[],,,https://pacegkacademy.com/PPSC-Past-Paper-Question/138,https://pacegkacademy.com/PPSC-Past-Papers/6,candidate_recalled_or_third_party_model_paper,False,Post title and department are indexed from the public archive. The paper is not labelled official unless an official PPSC file is separately linked.,2026-07-16
295,Punjab Public Service Commission (PPSC),Ziladar,Ziladar,PPSC paper for: Ziladar,Irrigation and Power Department,[],,,https://pacegkacademy.com/PPSC-Past-Paper-Question/295,https://pacegkacademy.com/PPSC-Past-Papers/6,candidate_recalled_or_third_party_model_paper,False,Post title and department are indexed from the public archive. The paper is not labelled official unless an official PPSC file is separately linked.,2026-07-16
294,Punjab Public Service Commission (PPSC),Ziladar,Ziladar,PPSC paper for: Ziladar,Irrigation and Power Department,[],,,https://pacegkacademy.com/PPSC-Past-Paper-Question/294,https://pacegkacademy.com/PPSC-Past-Papers/6,candidate_recalled_or_third_party_model_paper,False,Post title and department are indexed from the public archive. The paper is not labelled official unless an official PPSC file is separately linked.,2026-07-16
359,Punjab Public Service Commission (PPSC),Urdu Model Paper 7,Urdu Model Paper 7,PPSC paper for: Urdu Model Paper 7,Miscellaneous Department,[],,,https://pacegkacademy.com/PPSC-Past-Paper-Question/359,https://pacegkacademy.com/PPSC-Past-Papers/6,candidate_recalled_or_third_party_model_paper,False,Post title and department are indexed from the public archive. The paper is not labelled official unless an official PPSC file is separately linked.,2026-07-16
358,Punjab Public Service Commission (PPSC),Urdu Model Paper 6,Urdu Model Paper 6,PPSC paper for: Urdu Model Paper 6,Miscellaneous Department,[],,,https://pacegkacademy.com/PPSC-Past-Paper-Question/358,https://pacegkacademy.com/PPSC-Past-Papers/6,candidate_recalled_or_third_party_model_paper,False,Post title and department are indexed from the public archive. The paper is not labelled official unless an official PPSC file is separately linked.,2026-07-16
357,Punjab Public Service Commission (PPSC),Urdu Model Paper 5,Urdu Model Paper 5,PPSC paper for: Urdu Model Paper 5,Miscellaneous Department,[],,,https://pacegkacademy.com/PPSC-Past-Paper-Question/357,https://pacegkacademy.com/PPSC-Past-Papers/6,candidate_recalled_or_third_party_model_paper,False,Post title and department are indexed from the public archive. The paper is not labelled official unless an official PPSC file is separately linked.,2026-07-16
356,Punjab Public Service Commission (PPSC),Urdu Model Paper 4,Urdu Model Paper 4,PPSC paper for: Urdu Model Paper 4,Miscellaneous Department,[],,,https://pacegkacademy.com/PPSC-Past-Paper-Question/356,https://pacegkacademy.com/PPSC-Past-Papers/6,candidate_recalled_or_third_party_model_paper,False,Post title and department are indexed from the public archive. The paper is not labelled official unless an official PPSC file is separately linked.,2026-07-16
355,Punjab Public Service Commission (PPSC),Urdu Model Paper 3,Urdu Model Paper 3,PPSC paper for: Urdu Model Paper 3,Miscellaneous Department,[],,,https://pacegkacademy.com/PPSC-Past-Paper-Question/355,https://pacegkacademy.com/PPSC-Past-Papers/6,candidate_recalled_or_third_party_model_paper,False,Post title and department are indexed from the public archive. The paper is not labelled official unless an official PPSC file is separately linked.,2026-07-16
354,Punjab Public Service Commission (PPSC),Urdu Model Paper 2,Urdu Model Paper 2,PPSC paper for: Urdu Model Paper 2,Miscellaneous Department,[],,,https://pacegkacademy.com/PPSC-Past-Paper-Question/354,https://pacegkacademy.com/PPSC-Past-Papers/6,candidate_recalled_or_third_party_model_paper,False,Post title and department are indexed from the public archive. The paper is not labelled official unless an official PPSC file is separately linked.,2026-07-16
368,Punjab Public Service Commission (PPSC),Urdu Model Paper 16,Urdu Model Paper 16,PPSC paper for: Urdu Model Paper 16,Miscellaneous Department,[],,,https://pacegkacademy.com/PPSC-Past-Paper-Question/368,https://pacegkacademy.com/PPSC-Past-Papers/6,candidate_recalled_or_third_party_model_paper,False,Post title and department are indexed from the public archive. The paper is not labelled official unless an official PPSC file is separately linked.,2026-07-16
367,Punjab Public Service Commission (PPSC),Urdu Model Paper 15,Urdu Model Paper 15,PPSC paper for: Urdu Model Paper 15,Miscellaneous Department,[],,,https://pacegkacademy.com/PPSC-Past-Paper-Question/367,https://pacegkacademy.com/PPSC-Past-Papers/6,candidate_recalled_or_third_party_model_paper,False,Post title and department are indexed from the public archive. The paper is not labelled official unless an official PPSC file is separately linked.,2026-07-16
366,Punjab Public Service Commission (PPSC),Urdu Model Paper 14,Urdu Model Paper 14,PPSC paper for: Urdu Model Paper 14,Miscellaneous Department,[],,,https://pacegkacademy.com/PPSC-Past-Paper-Question/366,https://pacegkacademy.com/PPSC-Past-Papers/6,candidate_recalled_or_third_party_model_paper,False,Post title and department are indexed from the public archive. The paper is not labelled official unless an official PPSC file is separately linked.,2026-07-16
365,Punjab Public Service Commission (PPSC),Urdu Model Paper 13,Urdu Model Paper 13,PPSC paper for: Urdu Model Paper 13,Miscellaneous Department,[],,,https://pacegkacademy.com/PPSC-Past-Paper-Question/365,https://pacegkacademy.com/PPSC-Past-Papers/6,candidate_recalled_or_third_party_model_paper,False,Post title and department are indexed from the public archive. The paper is not labelled official unless an official PPSC file is separately linked.,2026-07-16
364,Punjab Public Service Commission (PPSC),Urdu Model Paper 12,Urdu Model Paper 12,PPSC paper for: Urdu Model Paper 12,Miscellaneous Department,[],,,https://pacegkacademy.com/PPSC-Past-Paper-Question/364,https://pacegkacademy.com/PPSC-Past-Papers/6,candidate_recalled_or_third_party_model_paper,False,Post title and department are indexed from the public archive. The paper is not labelled official unless an official PPSC file is separately linked.,2026-07-16
363,Punjab Public Service Commission (PPSC),Urdu Model Paper 11,Urdu Model Paper 11,PPSC paper for: Urdu Model Paper 11,Miscellaneous Department,[],,,https://pacegkacademy.com/PPSC-Past-Paper-Question/363,https://pacegkacademy.com/PPSC-Past-Papers/6,candidate_recalled_or_third_party_model_paper,False,Post title and department are indexed from the public archive. The paper is not labelled official unless an official PPSC file is separately linked.,2026-07-16
362,Punjab Public Service Commission (PPSC),Urdu Model Paper 10,Urdu Model Paper 10,PPSC paper for: Urdu Model Paper 10,Miscellaneous Department,[],,,https://pacegkacademy.com/PPSC-Past-Paper-Question/362,https://pacegkacademy.com/PPSC-Past-Papers/6,candidate_recalled_or_third_party_model_paper,False,Post title and department are indexed from the public archive. The paper is not labelled official unless an official PPSC file is separately linked.,2026-07-16
353,Punjab Public Service Commission (PPSC),Urdu Model Paper 1,Urdu Model Paper 1,PPSC paper for: Urdu Model Paper 1,Miscellaneous Department,[],,,https://pacegkacademy.com/PPSC-Past-Paper-Question/353,https://pacegkacademy.com/PPSC-Past-Papers/6,candidate_recalled_or_third_party_model_paper,False,Post title and department are indexed from the public archive. The paper is not labelled official unless an official PPSC file is separately linked.,2026-07-16
216,Punjab Public Service Commission (PPSC),Transport Sub Inspector,Transport Sub Inspector,PPSC paper for: Transport Sub Inspector,Miscellaneous Department,[],,,https://pacegkacademy.com/PPSC-Past-Paper-Question/216,https://pacegkacademy.com/PPSC-Past-Papers/6,candidate_recalled_or_third_party_model_paper,False,Post title and department are indexed from the public archive. The paper is not labelled official unless an official PPSC file is separately linked.,2026-07-16
68,Punjab Public Service Commission (PPSC),Traffic Warden,Traffic Warden,PPSC paper for: Traffic Warden,Traffic Warden in the Punjab Police Department,[],,,https://pacegkacademy.com/PPSC-Past-Paper-Question/68,https://pacegkacademy.com/PPSC-Past-Papers/6,candidate_recalled_or_third_party_model_paper,False,Post title and department are indexed from the public archive. The paper is not labelled official unless an official PPSC file is separately linked.,2026-07-16
69,Punjab Public Service Commission (PPSC),Traffic Warden,Traffic Warden,PPSC paper for: Traffic Warden,Traffic Warden in the Punjab Police Department,[],,,https://pacegkacademy.com/PPSC-Past-Paper-Question/69,https://pacegkacademy.com/PPSC-Past-Papers/6,candidate_recalled_or_third_party_model_paper,False,Post title and department are indexed from the public archive. The paper is not labelled official unless an official PPSC file is separately linked.,2026-07-16
141,Punjab Public Service Commission (PPSC),Tehsildars/Assistant Registrar,Tehsildars/Assistant Registrar,PPSC paper for: Tehsildars/Assistant Registrar,Irrigation and Power Department,[],,,https://pacegkacademy.com/PPSC-Past-Paper-Question/141,https://pacegkacademy.com/PPSC-Past-Papers/6,candidate_recalled_or_third_party_model_paper,False,Post title and department are indexed from the public archive. The paper is not labelled official unless an official PPSC file is separately linked.,2026-07-16
140,Punjab Public Service Commission (PPSC),Tehsildars,Tehsildars,PPSC paper for: Tehsildars,Irrigation and Power Department,[],,,https://pacegkacademy.com/PPSC-Past-Paper-Question/140,https://pacegkacademy.com/PPSC-Past-Papers/6,candidate_recalled_or_third_party_model_paper,False,Post title and department are indexed from the public archive. The paper is not labelled official unless an official PPSC file is separately linked.,2026-07-16
261,Punjab Public Service Commission (PPSC),Tehsildar/ Consolidation Officer(General Knowledge),Tehsildar/ Consolidation Officer(General Knowledge),PPSC paper for: Tehsildar/ Consolidation Officer(General Knowledge),Board of Revenue Department,[],,,https://pacegkacademy.com/PPSC-Past-Paper-Question/261,https://pacegkacademy.com/PPSC-Past-Papers/6,candidate_recalled_or_third_party_model_paper,False,Post title and department are indexed from the public archive. The paper is not labelled official unless an official PPSC file is separately linked.,2026-07-16
259,Punjab Public Service Commission (PPSC),Tehsildar/ Consolidation Officer(General Knowledge),Tehsildar/ Consolidation Officer(General Knowledge),PPSC paper for: Tehsildar/ Consolidation Officer(General Knowledge),Board of Revenue Department,[],,,https://pacegkacademy.com/PPSC-Past-Paper-Question/259,https://pacegkacademy.com/PPSC-Past-Papers/6,candidate_recalled_or_third_party_model_paper,False,Post title and department are indexed from the public archive. The paper is not labelled official unless an official PPSC file is separately linked.,2026-07-16
262,Punjab Public Service Commission (PPSC),Tehsildar/ Consolidation Officer(English),Tehsildar/ Consolidation Officer(English),PPSC paper for: Tehsildar/ Consolidation Officer(English),Board of Revenue Department,[],,,https://pacegkacademy.com/PPSC-Past-Paper-Question/262,https://pacegkacademy.com/PPSC-Past-Papers/6,candidate_recalled_or_third_party_model_paper,False,Post title and department are indexed from the public archive. The paper is not labelled official unless an official PPSC file is separately linked.,2026-07-16
260,Punjab Public Service Commission (PPSC),Tehsildar/ Consolidation Officer (English),Tehsildar/ Consolidation Officer (English),PPSC paper for: Tehsildar/ Consolidation Officer (English),Board of Revenue Department,[],,,https://pacegkacademy.com/PPSC-Past-Paper-Question/260,https://pacegkacademy.com/PPSC-Past-Papers/6,candidate_recalled_or_third_party_model_paper,False,Post title and department are indexed from the public archive. The paper is not labelled official unless an official PPSC file is separately linked.,2026-07-16
373,Punjab Public Service Commission (PPSC),Subject Specialist Urdu,Subject Specialist Urdu,PPSC paper for: Subject Specialist Urdu,Education Department,[],,,https://pacegkacademy.com/PPSC-Past-Paper-Question/373,https://pacegkacademy.com/PPSC-Past-Papers/6,candidate_recalled_or_third_party_model_paper,False,Post title and department are indexed from the public archive. The paper is not labelled official unless an official PPSC file is separately linked.,2026-07-16
370,Punjab Public Service Commission (PPSC),Subject Specialist Urdu,Subject Specialist Urdu,PPSC paper for: Subject Specialist Urdu,Education Department,[],,,https://pacegkacademy.com/PPSC-Past-Paper-Question/370,https://pacegkacademy.com/PPSC-Past-Papers/6,candidate_recalled_or_third_party_model_paper,False,Post title and department are indexed from the public archive. The paper is not labelled official unless an official PPSC file is separately linked.,2026-07-16
201,Punjab Public Service Commission (PPSC),Subject Specialist History/Pakistan Studies,Subject Specialist History/Pakistan Studies,PPSC paper for: Subject Specialist History/Pakistan Studies,Education Department,[],,,https://pacegkacademy.com/PPSC-Past-Paper-Question/201,https://pacegkacademy.com/PPSC-Past-Papers/6,candidate_recalled_or_third_party_model_paper,False,Post title and department are indexed from the public archive. The paper is not labelled official unless an official PPSC file is separately linked.,2026-07-16
89,Punjab Public Service Commission (PPSC),Sub Inspector Cooperative Societies,Sub Inspector Cooperative Societies,PPSC paper for: Sub Inspector Cooperative Societies,Punjab Cooperatives Department,[],,,https://pacegkacademy.com/PPSC-Past-Paper-Question/89,https://pacegkacademy.com/PPSC-Past-Papers/6,candidate_recalled_or_third_party_model_paper,False,Post title and department are indexed from the public archive. The paper is not labelled official unless an official PPSC file is separately linked.,2026-07-16
90,Punjab Public Service Commission (PPSC),Sub Inspector Cooperative Societies,Sub Inspector Cooperative Societies,PPSC paper for: Sub Inspector Cooperative Societies,Punjab Cooperatives Department,[],,,https://pacegkacademy.com/PPSC-Past-Paper-Question/90,https://pacegkacademy.com/PPSC-Past-Papers/6,candidate_recalled_or_third_party_model_paper,False,Post title and department are indexed from the public archive. The paper is not labelled official unless an official PPSC file is separately linked.,2026-07-16
257,Punjab Public Service Commission (PPSC),Sub Inspector (Service Quota),Sub Inspector (Service Quota),PPSC paper for: Sub Inspector (Service Quota),Punjab Police Department,[],,,https://pacegkacademy.com/PPSC-Past-Paper-Question/257,https://pacegkacademy.com/PPSC-Past-Papers/6,candidate_recalled_or_third_party_model_paper,False,Post title and department are indexed from the public archive. The paper is not labelled official unless an official PPSC file is separately linked.,2026-07-16
22,Punjab Public Service Commission (PPSC),Sub Inspector (Service Quota),Sub Inspector (Service Quota),PPSC paper for: Sub Inspector (Service Quota),Punjab Police Department,[],,,https://pacegkacademy.com/PPSC-Past-Paper-Question/22,https://pacegkacademy.com/PPSC-Past-Papers/6,candidate_recalled_or_third_party_model_paper,False,Post title and department are indexed from the public archive. The paper is not labelled official unless an official PPSC file is separately linked.,2026-07-16
26,Punjab Public Service Commission (PPSC),Sub Inspector (Service Quota),Sub Inspector (Service Quota),PPSC paper for: Sub Inspector (Service Quota),Punjab Police Department,[],,,https://pacegkacademy.com/PPSC-Past-Paper-Question/26,https://pacegkacademy.com/PPSC-Past-Papers/6,candidate_recalled_or_third_party_model_paper,False,Post title and department are indexed from the public archive. The paper is not labelled official unless an official PPSC file is separately linked.,2026-07-16
21,Punjab Public Service Commission (PPSC),Sub Inspector (Open Merit),Sub Inspector (Open Merit),PPSC paper for: Sub Inspector (Open Merit),Punjab Police Department,[],,,https://pacegkacademy.com/PPSC-Past-Paper-Question/21,https://pacegkacademy.com/PPSC-Past-Papers/6,candidate_recalled_or_third_party_model_paper,False,Post title and department are indexed from the public archive. The paper is not labelled official unless an official PPSC file is separately linked.,2026-07-16
24,Punjab Public Service Commission (PPSC),Sub Inspector (Open Merit),Sub Inspector (Open Merit),PPSC paper for: Sub Inspector (Open Merit),Punjab Police Department,[],,,https://pacegkacademy.com/PPSC-Past-Paper-Question/24,https://pacegkacademy.com/PPSC-Past-Papers/6,candidate_recalled_or_third_party_model_paper,False,Post title and department are indexed from the public archive. The paper is not labelled official unless an official PPSC file is separately linked.,2026-07-16
25,Punjab Public Service Commission (PPSC),Sub Inspector (Open Merit),Sub Inspector (Open Merit),PPSC paper for: Sub Inspector (Open Merit),Punjab Police Department,[],,,https://pacegkacademy.com/PPSC-Past-Paper-Question/25,https://pacegkacademy.com/PPSC-Past-Papers/6,candidate_recalled_or_third_party_model_paper,False,Post title and department are indexed from the public archive. The paper is not labelled official unless an official PPSC file is separately linked.,2026-07-16
23,Punjab Public Service Commission (PPSC),Sub Inspector,Sub Inspector,PPSC paper for: Sub Inspector,Punjab Police Department,[],,,https://pacegkacademy.com/PPSC-Past-Paper-Question/23,https://pacegkacademy.com/PPSC-Past-Papers/6,candidate_recalled_or_third_party_model_paper,False,Post title and department are indexed from the public archive. The paper is not labelled official unless an official PPSC file is separately linked.,2026-07-16
27,Punjab Public Service Commission (PPSC),Sub Inspector,Sub Inspector,PPSC paper for: Sub Inspector,Punjab Police Department,[],,,https://pacegkacademy.com/PPSC-Past-Paper-Question/27,https://pacegkacademy.com/PPSC-Past-Papers/6,candidate_recalled_or_third_party_model_paper,False,Post title and department are indexed from the public archive. The paper is not labelled official unless an official PPSC file is separately linked.,2026-07-16
29,Punjab Public Service Commission (PPSC),Sub Inspector,Sub Inspector,PPSC paper for: Sub Inspector,Punjab Police Department,[],,,https://pacegkacademy.com/PPSC-Past-Paper-Question/29,https://pacegkacademy.com/PPSC-Past-Papers/6,candidate_recalled_or_third_party_model_paper,False,Post title and department are indexed from the public archive. The paper is not labelled official unless an official PPSC file is separately linked.,2026-07-16
28,Punjab Public Service Commission (PPSC),Sub Inspector,Sub Inspector,PPSC paper for: Sub Inspector,Punjab Police Department,[],,,https://pacegkacademy.com/PPSC-Past-Paper-Question/28,https://pacegkacademy.com/PPSC-Past-Papers/6,candidate_recalled_or_third_party_model_paper,False,Post title and department are indexed from the public archive. The paper is not labelled official unless an official PPSC file is separately linked.,2026-07-16
465,Punjab Public Service Commission (PPSC),Sub Divisional Officer,Sub Divisional Officer,PPSC paper for: Sub Divisional Officer,Irrigation and Power Department,[],,,https://pacegkacademy.com/PPSC-Past-Paper-Question/465,https://pacegkacademy.com/PPSC-Past-Papers/6,candidate_recalled_or_third_party_model_paper,False,Post title and department are indexed from the public archive. The paper is not labelled official unless an official PPSC file is separately linked.,2026-07-16
276,Punjab Public Service Commission (PPSC),Store Officer,Store Officer,PPSC paper for: Store Officer,Punjab Agriculture Department,[],,,https://pacegkacademy.com/PPSC-Past-Paper-Question/276,https://pacegkacademy.com/PPSC-Past-Papers/6,candidate_recalled_or_third_party_model_paper,False,Post title and department are indexed from the public archive. The paper is not labelled official unless an official PPSC file is separately linked.,2026-07-16
117,Punjab Public Service Commission (PPSC),Social Security Officer,Social Security Officer,PPSC paper for: Social Security Officer,Punjab Employees Social Security Institution (PESSI) Department,[],,,https://pacegkacademy.com/PPSC-Past-Paper-Question/117,https://pacegkacademy.com/PPSC-Past-Papers/6,candidate_recalled_or_third_party_model_paper,False,Post title and department are indexed from the public archive. The paper is not labelled official unless an official PPSC file is separately linked.,2026-07-16
118,Punjab Public Service Commission (PPSC),Social Security Officer,Social Security Officer,PPSC paper for: Social Security Officer,Punjab Employees Social Security Institution (PESSI) Department,[],,,https://pacegkacademy.com/PPSC-Past-Paper-Question/118,https://pacegkacademy.com/PPSC-Past-Papers/6,candidate_recalled_or_third_party_model_paper,False,Post title and department are indexed from the public archive. The paper is not labelled official unless an official PPSC file is separately linked.,2026-07-16
119,Punjab Public Service Commission (PPSC),Social Security Officer,Social Security Officer,PPSC paper for: Social Security Officer,Punjab Employees Social Security Institution (PESSI) Department,[],,,https://pacegkacademy.com/PPSC-Past-Paper-Question/119,https://pacegkacademy.com/PPSC-Past-Papers/6,candidate_recalled_or_third_party_model_paper,False,Post title and department are indexed from the public archive. The paper is not labelled official unless an official PPSC file is separately linked.,2026-07-16
285,Punjab Public Service Commission (PPSC),Service Centre Officials,Service Centre Officials,PPSC paper for: Service Centre Officials,Land Record Authority Department,[],,,https://pacegkacademy.com/PPSC-Past-Paper-Question/285,https://pacegkacademy.com/PPSC-Past-Papers/6,candidate_recalled_or_third_party_model_paper,False,Post title and department are indexed from the public archive. The paper is not labelled official unless an official PPSC file is separately linked.,2026-07-16
283,Punjab Public Service Commission (PPSC),Service Centre Officials,Service Centre Officials,PPSC paper for: Service Centre Officials,Land Record Authority Department,[],,,https://pacegkacademy.com/PPSC-Past-Paper-Question/283,https://pacegkacademy.com/PPSC-Past-Papers/6,candidate_recalled_or_third_party_model_paper,False,Post title and department are indexed from the public archive. The paper is not labelled official unless an official PPSC file is separately linked.,2026-07-16
152,Punjab Public Service Commission (PPSC),Service Center Officials,Service Center Officials,PPSC paper for: Service Center Officials,Land Record Authority Department,[],,,https://pacegkacademy.com/PPSC-Past-Paper-Question/152,https://pacegkacademy.com/PPSC-Past-Papers/6,candidate_recalled_or_third_party_model_paper,False,Post title and department are indexed from the public archive. The paper is not labelled official unless an official PPSC file is separately linked.,2026-07-16
200,Punjab Public Service Commission (PPSC),Senior Subject Specialist History/Pakistan Studies,Senior Subject Specialist History/Pakistan Studies,PPSC paper for: Senior Subject Specialist History/Pakistan Studies,Education Department,[],,,https://pacegkacademy.com/PPSC-Past-Paper-Question/200,https://pacegkacademy.com/PPSC-Past-Papers/6,candidate_recalled_or_third_party_model_paper,False,Post title and department are indexed from the public archive. The paper is not labelled official unless an official PPSC file is separately linked.,2026-07-16
157,Punjab Public Service Commission (PPSC),Senior Auditor,Senior Auditor,PPSC paper for: Senior Auditor,"Finance, Audit and Accounts Department",[],,,https://pacegkacademy.com/PPSC-Past-Paper-Question/157,https://pacegkacademy.com/PPSC-Past-Papers/6,candidate_recalled_or_third_party_model_paper,False,Post title and department are indexed from the public archive. The paper is not labelled official unless an official PPSC file is separately linked.,2026-07-16
159,Punjab Public Service Commission (PPSC),Senior Auditor,Senior Auditor,PPSC paper for: Senior Auditor,"Finance, Audit and Accounts Department",[],,,https://pacegkacademy.com/PPSC-Past-Paper-Question/159,https://pacegkacademy.com/PPSC-Past-Papers/6,candidate_recalled_or_third_party_model_paper,False,Post title and department are indexed from the public archive. The paper is not labelled official unless an official PPSC file is separately linked.,2026-07-16
488,Punjab Public Service Commission (PPSC),SDEO Law Paper Batch-3 Morning,SDEO Law Paper Batch-3 Morning,PPSC paper for: SDEO Law Paper Batch-3 Morning,Punjab Enforcement and Regulatory Authority (PERA) Department,[],,,https://pacegkacademy.com/PPSC-Past-Paper-Question/488,https://pacegkacademy.com/PPSC-Past-Papers/6,candidate_recalled_or_third_party_model_paper,False,Post title and department are indexed from the public archive. The paper is not labelled official unless an official PPSC file is separately linked.,2026-07-16
487,Punjab Public Service Commission (PPSC),SDEO Law Paper Batch-2 Evening,SDEO Law Paper Batch-2 Evening,PPSC paper for: SDEO Law Paper Batch-2 Evening,Punjab Enforcement and Regulatory Authority (PERA) Department,[],,,https://pacegkacademy.com/PPSC-Past-Paper-Question/487,https://pacegkacademy.com/PPSC-Past-Papers/6,candidate_recalled_or_third_party_model_paper,False,Post title and department are indexed from the public archive. The paper is not labelled official unless an official PPSC file is separately linked.,2026-07-16
489,Punjab Public Service Commission (PPSC),SDEO Law Paper Batch-1 Morning,SDEO Law Paper Batch-1 Morning,PPSC paper for: SDEO Law Paper Batch-1 Morning,Punjab Enforcement and Regulatory Authority (PERA) Department,[],,,https://pacegkacademy.com/PPSC-Past-Paper-Question/489,https://pacegkacademy.com/PPSC-Past-Papers/6,candidate_recalled_or_third_party_model_paper,False,Post title and department are indexed from the public archive. The paper is not labelled official unless an official PPSC file is separately linked.,2026-07-16
215,Punjab Public Service Commission (PPSC),Religious Teacher,Religious Teacher,PPSC paper for: Religious Teacher,Education Department,[],,,https://pacegkacademy.com/PPSC-Past-Paper-Question/215,https://pacegkacademy.com/PPSC-Past-Papers/6,candidate_recalled_or_third_party_model_paper,False,Post title and department are indexed from the public archive. The paper is not labelled official unless an official PPSC file is separately linked.,2026-07-16
94,Punjab Public Service Commission (PPSC),Public Relation Officer,Public Relation Officer,PPSC paper for: Public Relation Officer,Auqaf Department,[],,,https://pacegkacademy.com/PPSC-Past-Paper-Question/94,https://pacegkacademy.com/PPSC-Past-Papers/6,candidate_recalled_or_third_party_model_paper,False,Post title and department are indexed from the public archive. The paper is not labelled official unless an official PPSC file is separately linked.,2026-07-16
8,Punjab Public Service Commission (PPSC),Provincial Management Service (Ministerial Quota),Provincial Management Service (Ministerial Quota),PPSC paper for: Provincial Management Service (Ministerial Quota),Provincial Management Service(PMS) Department,[],,,https://pacegkacademy.com/PPSC-Past-Paper-Question/8,https://pacegkacademy.com/PPSC-Past-Papers/6,candidate_recalled_or_third_party_model_paper,False,Post title and department are indexed from the public archive. The paper is not labelled official unless an official PPSC file is separately linked.,2026-07-16
254,Punjab Public Service Commission (PPSC),Provincial Management Service,Provincial Management Service,PPSC paper for: Provincial Management Service,Provincial Management Service(PMS) Department,[],,,https://pacegkacademy.com/PPSC-Past-Paper-Question/254,https://pacegkacademy.com/PPSC-Past-Papers/6,candidate_recalled_or_third_party_model_paper,False,Post title and department are indexed from the public archive. The paper is not labelled official unless an official PPSC file is separately linked.,2026-07-16
256,Punjab Public Service Commission (PPSC),Provincial Management Service,Provincial Management Service,PPSC paper for: Provincial Management Service,Provincial Management Service(PMS) Department,[],,,https://pacegkacademy.com/PPSC-Past-Paper-Question/256,https://pacegkacademy.com/PPSC-Past-Papers/6,candidate_recalled_or_third_party_model_paper,False,Post title and department are indexed from the public archive. The paper is not labelled official unless an official PPSC file is separately linked.,2026-07-16
7,Punjab Public Service Commission (PPSC),Provincial Management Service,Provincial Management Service,PPSC paper for: Provincial Management Service,Provincial Management Service(PMS) Department,[],,,https://pacegkacademy.com/PPSC-Past-Paper-Question/7,https://pacegkacademy.com/PPSC-Past-Papers/6,candidate_recalled_or_third_party_model_paper,False,Post title and department are indexed from the public archive. The paper is not labelled official unless an official PPSC file is separately linked.,2026-07-16
9,Punjab Public Service Commission (PPSC),Provincial Management Service,Provincial Management Service,PPSC paper for: Provincial Management Service,Provincial Management Service(PMS) Department,[],,,https://pacegkacademy.com/PPSC-Past-Paper-Question/9,https://pacegkacademy.com/PPSC-Past-Papers/6,candidate_recalled_or_third_party_model_paper,False,Post title and department are indexed from the public archive. The paper is not labelled official unless an official PPSC file is separately linked.,2026-07-16
10,Punjab Public Service Commission (PPSC),Provincial Management Service,Provincial Management Service,PPSC paper for: Provincial Management Service,Provincial Management Service(PMS) Department,[],,,https://pacegkacademy.com/PPSC-Past-Paper-Question/10,https://pacegkacademy.com/PPSC-Past-Papers/6,candidate_recalled_or_third_party_model_paper,False,Post title and department are indexed from the public archive. The paper is not labelled official unless an official PPSC file is separately linked.,2026-07-16
11,Punjab Public Service Commission (PPSC),Provincial Management Service,Provincial Management Service,PPSC paper for: Provincial Management Service,Provincial Management Service(PMS) Department,[],,,https://pacegkacademy.com/PPSC-Past-Paper-Question/11,https://pacegkacademy.com/PPSC-Past-Papers/6,candidate_recalled_or_third_party_model_paper,False,Post title and department are indexed from the public archive. The paper is not labelled official unless an official PPSC file is separately linked.,2026-07-16
12,Punjab Public Service Commission (PPSC),Provincial Management Service,Provincial Management Service,PPSC paper for: Provincial Management Service,Provincial Management Service(PMS) Department,[],,,https://pacegkacademy.com/PPSC-Past-Paper-Question/12,https://pacegkacademy.com/PPSC-Past-Papers/6,candidate_recalled_or_third_party_model_paper,False,Post title and department are indexed from the public archive. The paper is not labelled official unless an official PPSC file is separately linked.,2026-07-16
247,Punjab Public Service Commission (PPSC),Probation Officer,Probation Officer,PPSC paper for: Probation Officer,Home Department,[],,,https://pacegkacademy.com/PPSC-Past-Paper-Question/247,https://pacegkacademy.com/PPSC-Past-Papers/6,candidate_recalled_or_third_party_model_paper,False,Post title and department are indexed from the public archive. The paper is not labelled official unless an official PPSC file is separately linked.,2026-07-16
123,Punjab Public Service Commission (PPSC),Population Officer,Population Officer,PPSC paper for: Population Officer,Punjab Population Welfare Department,[],,,https://pacegkacademy.com/PPSC-Past-Paper-Question/123,https://pacegkacademy.com/PPSC-Past-Papers/6,candidate_recalled_or_third_party_model_paper,False,Post title and department are indexed from the public archive. The paper is not labelled official unless an official PPSC file is separately linked.,2026-07-16
164,Punjab Public Service Commission (PPSC),Planning Officer,Planning Officer,PPSC paper for: Planning Officer,Planning and Development Department,[],,,https://pacegkacademy.com/PPSC-Past-Paper-Question/164,https://pacegkacademy.com/PPSC-Past-Papers/6,candidate_recalled_or_third_party_model_paper,False,Post title and department are indexed from the public archive. The paper is not labelled official unless an official PPSC file is separately linked.,2026-07-16
279,Punjab Public Service Commission (PPSC),Personal Staff Officer,Personal Staff Officer,PPSC paper for: Personal Staff Officer,Services and General Administration Department,[],,,https://pacegkacademy.com/PPSC-Past-Paper-Question/279,https://pacegkacademy.com/PPSC-Past-Papers/6,candidate_recalled_or_third_party_model_paper,False,Post title and department are indexed from the public archive. The paper is not labelled official unless an official PPSC file is separately linked.,2026-07-16
168,Punjab Public Service Commission (PPSC),Personal Assistant,Personal Assistant,PPSC paper for: Personal Assistant,Services and General Administration Department,[],,,https://pacegkacademy.com/PPSC-Past-Paper-Question/168,https://pacegkacademy.com/PPSC-Past-Papers/6,candidate_recalled_or_third_party_model_paper,False,Post title and department are indexed from the public archive. The paper is not labelled official unless an official PPSC file is separately linked.,2026-07-16
15,Punjab Public Service Commission (PPSC),PMS General Knowledge Paper,PMS General Knowledge,PPSC paper for: PMS General Knowledge,Provincial Management Service(PMS) Department,[],,,https://pacegkacademy.com/PPSC-Past-Paper-Question/15,https://pacegkacademy.com/PPSC-Past-Papers/6,candidate_recalled_or_third_party_model_paper,False,Post title and department are indexed from the public archive. The paper is not labelled official unless an official PPSC file is separately linked.,2026-07-16
388,Punjab Public Service Commission (PPSC),PLANNING OFFICER/ ASSISTANT DIRECTOR ( PLANNING) (BS-17),PLANNING OFFICER/ ASSISTANT DIRECTOR ( PLANNING) (BS-17),PPSC paper for: PLANNING OFFICER/ ASSISTANT DIRECTOR ( PLANNING) (BS-17),Planning and Development Department,[17],,,https://pacegkacademy.com/PPSC-Past-Paper-Question/388,https://pacegkacademy.com/PPSC-Past-Papers/6,candidate_recalled_or_third_party_model_paper,False,Post title and department are indexed from the public archive. The paper is not labelled official unless an official PPSC file is separately linked.,2026-07-16
306,Punjab Public Service Commission (PPSC),PAROLE/PROBATION OFFICER,PAROLE/PROBATION OFFICER,PPSC paper for: PAROLE/PROBATION OFFICER,Home Department,[],,,https://pacegkacademy.com/PPSC-Past-Paper-Question/306,https://pacegkacademy.com/PPSC-Past-Papers/6,candidate_recalled_or_third_party_model_paper,False,Post title and department are indexed from the public archive. The paper is not labelled official unless an official PPSC file is separately linked.,2026-07-16
273,Punjab Public Service Commission (PPSC),Office Assistant,Office Assistant,PPSC paper for: Office Assistant,Planning and Development Department,[],,,https://pacegkacademy.com/PPSC-Past-Paper-Question/273,https://pacegkacademy.com/PPSC-Past-Papers/6,candidate_recalled_or_third_party_model_paper,False,Post title and department are indexed from the public archive. The paper is not labelled official unless an official PPSC file is separately linked.,2026-07-16
236,Punjab Public Service Commission (PPSC),Naib Tehsildar(General Knowledge),Naib Tehsildar(General Knowledge),PPSC paper for: Naib Tehsildar(General Knowledge),Board of Revenue Department,[],,,https://pacegkacademy.com/PPSC-Past-Paper-Question/236,https://pacegkacademy.com/PPSC-Past-Papers/6,candidate_recalled_or_third_party_model_paper,False,Post title and department are indexed from the public archive. The paper is not labelled official unless an official PPSC file is separately linked.,2026-07-16
238,Punjab Public Service Commission (PPSC),Naib Tehsildar (General Knowledge),Naib Tehsildar (General Knowledge),PPSC paper for: Naib Tehsildar (General Knowledge),Board of Revenue Department,[],,,https://pacegkacademy.com/PPSC-Past-Paper-Question/238,https://pacegkacademy.com/PPSC-Past-Papers/6,candidate_recalled_or_third_party_model_paper,False,Post title and department are indexed from the public archive. The paper is not labelled official unless an official PPSC file is separately linked.,2026-07-16
239,Punjab Public Service Commission (PPSC),Naib Tehsildar (English),Naib Tehsildar (English),PPSC paper for: Naib Tehsildar (English),Board of Revenue Department,[],,,https://pacegkacademy.com/PPSC-Past-Paper-Question/239,https://pacegkacademy.com/PPSC-Past-Papers/6,candidate_recalled_or_third_party_model_paper,False,Post title and department are indexed from the public archive. The paper is not labelled official unless an official PPSC file is separately linked.,2026-07-16
237,Punjab Public Service Commission (PPSC),Naib Tehsildar (English),Naib Tehsildar (English),PPSC paper for: Naib Tehsildar (English),Board of Revenue Department,[],,,https://pacegkacademy.com/PPSC-Past-Paper-Question/237,https://pacegkacademy.com/PPSC-Past-Papers/6,candidate_recalled_or_third_party_model_paper,False,Post title and department are indexed from the public archive. The paper is not labelled official unless an official PPSC file is separately linked.,2026-07-16
142,Punjab Public Service Commission (PPSC),Naib Tehsildar,Naib Tehsildar,PPSC paper for: Naib Tehsildar,Irrigation and Power Department,[],,,https://pacegkacademy.com/PPSC-Past-Paper-Question/142,https://pacegkacademy.com/PPSC-Past-Papers/6,candidate_recalled_or_third_party_model_paper,False,Post title and department are indexed from the public archive. The paper is not labelled official unless an official PPSC file is separately linked.,2026-07-16
143,Punjab Public Service Commission (PPSC),Naib Tehsildar,Naib Tehsildar,PPSC paper for: Naib Tehsildar,Irrigation and Power Department,[],,,https://pacegkacademy.com/PPSC-Past-Paper-Question/143,https://pacegkacademy.com/PPSC-Past-Papers/6,candidate_recalled_or_third_party_model_paper,False,Post title and department are indexed from the public archive. The paper is not labelled official unless an official PPSC file is separately linked.,2026-07-16
315,Punjab Public Service Commission (PPSC),Model Paper 9,Model Paper 9,PPSC paper for: Model Paper 9,Miscellaneous Department,[],,,https://pacegkacademy.com/PPSC-Past-Paper-Question/315,https://pacegkacademy.com/PPSC-Past-Papers/6,candidate_recalled_or_third_party_model_paper,False,Post title and department are indexed from the public archive. The paper is not labelled official unless an official PPSC file is separately linked.,2026-07-16
314,Punjab Public Service Commission (PPSC),Model Paper 8,Model Paper 8,PPSC paper for: Model Paper 8,Miscellaneous Department,[],,,https://pacegkacademy.com/PPSC-Past-Paper-Question/314,https://pacegkacademy.com/PPSC-Past-Papers/6,candidate_recalled_or_third_party_model_paper,False,Post title and department are indexed from the public archive. The paper is not labelled official unless an official PPSC file is separately linked.,2026-07-16
313,Punjab Public Service Commission (PPSC),Model Paper 7,Model Paper 7,PPSC paper for: Model Paper 7,Miscellaneous Department,[],,,https://pacegkacademy.com/PPSC-Past-Paper-Question/313,https://pacegkacademy.com/PPSC-Past-Papers/6,candidate_recalled_or_third_party_model_paper,False,Post title and department are indexed from the public archive. The paper is not labelled official unless an official PPSC file is separately linked.,2026-07-16
312,Punjab Public Service Commission (PPSC),Model Paper 6,Model Paper 6,PPSC paper for: Model Paper 6,Miscellaneous Department,[],,,https://pacegkacademy.com/PPSC-Past-Paper-Question/312,https://pacegkacademy.com/PPSC-Past-Papers/6,candidate_recalled_or_third_party_model_paper,False,Post title and department are indexed from the public archive. The paper is not labelled official unless an official PPSC file is separately linked.,2026-07-16
311,Punjab Public Service Commission (PPSC),Model Paper 5,Model Paper 5,PPSC paper for: Model Paper 5,Miscellaneous Department,[],,,https://pacegkacademy.com/PPSC-Past-Paper-Question/311,https://pacegkacademy.com/PPSC-Past-Papers/6,candidate_recalled_or_third_party_model_paper,False,Post title and department are indexed from the public archive. The paper is not labelled official unless an official PPSC file is separately linked.,2026-07-16
310,Punjab Public Service Commission (PPSC),Model Paper 4,Model Paper 4,PPSC paper for: Model Paper 4,Miscellaneous Department,[],,,https://pacegkacademy.com/PPSC-Past-Paper-Question/310,https://pacegkacademy.com/PPSC-Past-Papers/6,candidate_recalled_or_third_party_model_paper,False,Post title and department are indexed from the public archive. The paper is not labelled official unless an official PPSC file is separately linked.,2026-07-16
309,Punjab Public Service Commission (PPSC),Model Paper 3,Model Paper 3,PPSC paper for: Model Paper 3,Miscellaneous Department,[],,,https://pacegkacademy.com/PPSC-Past-Paper-Question/309,https://pacegkacademy.com/PPSC-Past-Papers/6,candidate_recalled_or_third_party_model_paper,False,Post title and department are indexed from the public archive. The paper is not labelled official unless an official PPSC file is separately linked.,2026-07-16
308,Punjab Public Service Commission (PPSC),Model Paper 2,Model Paper 2,PPSC paper for: Model Paper 2,Miscellaneous Department,[],,,https://pacegkacademy.com/PPSC-Past-Paper-Question/308,https://pacegkacademy.com/PPSC-Past-Papers/6,candidate_recalled_or_third_party_model_paper,False,Post title and department are indexed from the public archive. The paper is not labelled official unless an official PPSC file is separately linked.,2026-07-16
319,Punjab Public Service Commission (PPSC),Model Paper 13,Model Paper 13,PPSC paper for: Model Paper 13,Miscellaneous Department,[],,,https://pacegkacademy.com/PPSC-Past-Paper-Question/319,https://pacegkacademy.com/PPSC-Past-Papers/6,candidate_recalled_or_third_party_model_paper,False,Post title and department are indexed from the public archive. The paper is not labelled official unless an official PPSC file is separately linked.,2026-07-16
318,Punjab Public Service Commission (PPSC),Model Paper 12,Model Paper 12,PPSC paper for: Model Paper 12,Miscellaneous Department,[],,,https://pacegkacademy.com/PPSC-Past-Paper-Question/318,https://pacegkacademy.com/PPSC-Past-Papers/6,candidate_recalled_or_third_party_model_paper,False,Post title and department are indexed from the public archive. The paper is not labelled official unless an official PPSC file is separately linked.,2026-07-16
317,Punjab Public Service Commission (PPSC),Model Paper 11,Model Paper 11,PPSC paper for: Model Paper 11,Miscellaneous Department,[],,,https://pacegkacademy.com/PPSC-Past-Paper-Question/317,https://pacegkacademy.com/PPSC-Past-Papers/6,candidate_recalled_or_third_party_model_paper,False,Post title and department are indexed from the public archive. The paper is not labelled official unless an official PPSC file is separately linked.,2026-07-16
316,Punjab Public Service Commission (PPSC),Model Paper 10,Model Paper 10,PPSC paper for: Model Paper 10,Miscellaneous Department,[],,,https://pacegkacademy.com/PPSC-Past-Paper-Question/316,https://pacegkacademy.com/PPSC-Past-Papers/6,candidate_recalled_or_third_party_model_paper,False,Post title and department are indexed from the public archive. The paper is not labelled official unless an official PPSC file is separately linked.,2026-07-16
307,Punjab Public Service Commission (PPSC),Model Paper 1,Model Paper 1,PPSC paper for: Model Paper 1,Miscellaneous Department,[],,,https://pacegkacademy.com/PPSC-Past-Paper-Question/307,https://pacegkacademy.com/PPSC-Past-Papers/6,candidate_recalled_or_third_party_model_paper,False,Post title and department are indexed from the public archive. The paper is not labelled official unless an official PPSC file is separately linked.,2026-07-16
334,Punjab Public Service Commission (PPSC),Math Model Paper 8,Math Model Paper 8,PPSC paper for: Math Model Paper 8,Miscellaneous Department,[],,,https://pacegkacademy.com/PPSC-Past-Paper-Question/334,https://pacegkacademy.com/PPSC-Past-Papers/6,candidate_recalled_or_third_party_model_paper,False,Post title and department are indexed from the public archive. The paper is not labelled official unless an official PPSC file is separately linked.,2026-07-16
333,Punjab Public Service Commission (PPSC),Math Model Paper 7,Math Model Paper 7,PPSC paper for: Math Model Paper 7,Miscellaneous Department,[],,,https://pacegkacademy.com/PPSC-Past-Paper-Question/333,https://pacegkacademy.com/PPSC-Past-Papers/6,candidate_recalled_or_third_party_model_paper,False,Post title and department are indexed from the public archive. The paper is not labelled official unless an official PPSC file is separately linked.,2026-07-16
332,Punjab Public Service Commission (PPSC),Math Model Paper 6,Math Model Paper 6,PPSC paper for: Math Model Paper 6,Miscellaneous Department,[],,,https://pacegkacademy.com/PPSC-Past-Paper-Question/332,https://pacegkacademy.com/PPSC-Past-Papers/6,candidate_recalled_or_third_party_model_paper,False,Post title and department are indexed from the public archive. The paper is not labelled official unless an official PPSC file is separately linked.,2026-07-16
331,Punjab Public Service Commission (PPSC),Math Model Paper 5,Math Model Paper 5,PPSC paper for: Math Model Paper 5,Miscellaneous Department,[],,,https://pacegkacademy.com/PPSC-Past-Paper-Question/331,https://pacegkacademy.com/PPSC-Past-Papers/6,candidate_recalled_or_third_party_model_paper,False,Post title and department are indexed from the public archive. The paper is not labelled official unless an official PPSC file is separately linked.,2026-07-16
330,Punjab Public Service Commission (PPSC),Math Model Paper 4,Math Model Paper 4,PPSC paper for: Math Model Paper 4,Miscellaneous Department,[],,,https://pacegkacademy.com/PPSC-Past-Paper-Question/330,https://pacegkacademy.com/PPSC-Past-Papers/6,candidate_recalled_or_third_party_model_paper,False,Post title and department are indexed from the public archive. The paper is not labelled official unless an official PPSC file is separately linked.,2026-07-16
329,Punjab Public Service Commission (PPSC),Math Model Paper 3,Math Model Paper 3,PPSC paper for: Math Model Paper 3,Miscellaneous Department,[],,,https://pacegkacademy.com/PPSC-Past-Paper-Question/329,https://pacegkacademy.com/PPSC-Past-Papers/6,candidate_recalled_or_third_party_model_paper,False,Post title and department are indexed from the public archive. The paper is not labelled official unless an official PPSC file is separately linked.,2026-07-16
328,Punjab Public Service Commission (PPSC),Math Model Paper 2,Math Model Paper 2,PPSC paper for: Math Model Paper 2,Miscellaneous Department,[],,,https://pacegkacademy.com/PPSC-Past-Paper-Question/328,https://pacegkacademy.com/PPSC-Past-Papers/6,candidate_recalled_or_third_party_model_paper,False,Post title and department are indexed from the public archive. The paper is not labelled official unless an official PPSC file is separately linked.,2026-07-16
327,Punjab Public Service Commission (PPSC),Math Model Paper 1,Math Model Paper 1,PPSC paper for: Math Model Paper 1,Miscellaneous Department,[],,,https://pacegkacademy.com/PPSC-Past-Paper-Question/327,https://pacegkacademy.com/PPSC-Past-Papers/6,candidate_recalled_or_third_party_model_paper,False,Post title and department are indexed from the public archive. The paper is not labelled official unless an official PPSC file is separately linked.,2026-07-16
242,Punjab Public Service Commission (PPSC),Manager Auqaf,Manager Auqaf,PPSC paper for: Manager Auqaf,Auqaf Department,[],,,https://pacegkacademy.com/PPSC-Past-Paper-Question/242,https://pacegkacademy.com/PPSC-Past-Papers/6,candidate_recalled_or_third_party_model_paper,False,Post title and department are indexed from the public archive. The paper is not labelled official unless an official PPSC file is separately linked.,2026-07-16
288,Punjab Public Service Commission (PPSC),Manager Auqaf,Manager Auqaf,PPSC paper for: Manager Auqaf,Auqaf Department,[],,,https://pacegkacademy.com/PPSC-Past-Paper-Question/288,https://pacegkacademy.com/PPSC-Past-Papers/6,candidate_recalled_or_third_party_model_paper,False,Post title and department are indexed from the public archive. The paper is not labelled official unless an official PPSC file is separately linked.,2026-07-16
91,Punjab Public Service Commission (PPSC),Manager Auqaf,Manager Auqaf,PPSC paper for: Manager Auqaf,Auqaf Department,[],,,https://pacegkacademy.com/PPSC-Past-Paper-Question/91,https://pacegkacademy.com/PPSC-Past-Papers/6,candidate_recalled_or_third_party_model_paper,False,Post title and department are indexed from the public archive. The paper is not labelled official unless an official PPSC file is separately linked.,2026-07-16
92,Punjab Public Service Commission (PPSC),Manager Auqaf,Manager Auqaf,PPSC paper for: Manager Auqaf,Auqaf Department,[],,,https://pacegkacademy.com/PPSC-Past-Paper-Question/92,https://pacegkacademy.com/PPSC-Past-Papers/6,candidate_recalled_or_third_party_model_paper,False,Post title and department are indexed from the public archive. The paper is not labelled official unless an official PPSC file is separately linked.,2026-07-16
93,Punjab Public Service Commission (PPSC),Manager Auqaf,Manager Auqaf,PPSC paper for: Manager Auqaf,Auqaf Department,[],,,https://pacegkacademy.com/PPSC-Past-Paper-Question/93,https://pacegkacademy.com/PPSC-Past-Papers/6,candidate_recalled_or_third_party_model_paper,False,Post title and department are indexed from the public archive. The paper is not labelled official unless an official PPSC file is separately linked.,2026-07-16
167,Punjab Public Service Commission (PPSC),Librarian,Librarian,PPSC paper for: Librarian,Services and General Administration Department,[],,,https://pacegkacademy.com/PPSC-Past-Paper-Question/167,https://pacegkacademy.com/PPSC-Past-Papers/6,candidate_recalled_or_third_party_model_paper,False,Post title and department are indexed from the public archive. The paper is not labelled official unless an official PPSC file is separately linked.,2026-07-16
303,Punjab Public Service Commission (PPSC),Lecturer Urdu (Male),Lecturer Urdu (Male),PPSC paper for: Lecturer Urdu (Male),Education Department,[],,,https://pacegkacademy.com/PPSC-Past-Paper-Question/303,https://pacegkacademy.com/PPSC-Past-Papers/6,candidate_recalled_or_third_party_model_paper,False,Post title and department are indexed from the public archive. The paper is not labelled official unless an official PPSC file is separately linked.,2026-07-16
304,Punjab Public Service Commission (PPSC),Lecturer Urdu (Female),Lecturer Urdu (Female),PPSC paper for: Lecturer Urdu (Female),Education Department,[],,,https://pacegkacademy.com/PPSC-Past-Paper-Question/304,https://pacegkacademy.com/PPSC-Past-Papers/6,candidate_recalled_or_third_party_model_paper,False,Post title and department are indexed from the public archive. The paper is not labelled official unless an official PPSC file is separately linked.,2026-07-16
253,Punjab Public Service Commission (PPSC),Lecturer Urdu,Lecturer Urdu,PPSC paper for: Lecturer Urdu,Education Department,[],,,https://pacegkacademy.com/PPSC-Past-Paper-Question/253,https://pacegkacademy.com/PPSC-Past-Papers/6,candidate_recalled_or_third_party_model_paper,False,Post title and department are indexed from the public archive. The paper is not labelled official unless an official PPSC file is separately linked.,2026-07-16
207,Punjab Public Service Commission (PPSC),Lecturer Urdu,Lecturer Urdu,PPSC paper for: Lecturer Urdu,Education Department,[],,,https://pacegkacademy.com/PPSC-Past-Paper-Question/207,https://pacegkacademy.com/PPSC-Past-Papers/6,candidate_recalled_or_third_party_model_paper,False,Post title and department are indexed from the public archive. The paper is not labelled official unless an official PPSC file is separately linked.,2026-07-16
371,Punjab Public Service Commission (PPSC),Lecturer Urdu,Lecturer Urdu,PPSC paper for: Lecturer Urdu,Education Department,[],,,https://pacegkacademy.com/PPSC-Past-Paper-Question/371,https://pacegkacademy.com/PPSC-Past-Papers/6,candidate_recalled_or_third_party_model_paper,False,Post title and department are indexed from the public archive. The paper is not labelled official unless an official PPSC file is separately linked.,2026-07-16
369,Punjab Public Service Commission (PPSC),Lecturer Urdu,Lecturer Urdu,PPSC paper for: Lecturer Urdu,Education Department,[],,,https://pacegkacademy.com/PPSC-Past-Paper-Question/369,https://pacegkacademy.com/PPSC-Past-Papers/6,candidate_recalled_or_third_party_model_paper,False,Post title and department are indexed from the public archive. The paper is not labelled official unless an official PPSC file is separately linked.,2026-07-16
251,Punjab Public Service Commission (PPSC),Lecturer Political Science,Lecturer Political Science,PPSC paper for: Lecturer Political Science,Education Department,[],,,https://pacegkacademy.com/PPSC-Past-Paper-Question/251,https://pacegkacademy.com/PPSC-Past-Papers/6,candidate_recalled_or_third_party_model_paper,False,Post title and department are indexed from the public archive. The paper is not labelled official unless an official PPSC file is separately linked.,2026-07-16
199,Punjab Public Service Commission (PPSC),Lecturer Political Science,Lecturer Political Science,PPSC paper for: Lecturer Political Science,Education Department,[],,,https://pacegkacademy.com/PPSC-Past-Paper-Question/199,https://pacegkacademy.com/PPSC-Past-Papers/6,candidate_recalled_or_third_party_model_paper,False,Post title and department are indexed from the public archive. The paper is not labelled official unless an official PPSC file is separately linked.,2026-07-16
249,Punjab Public Service Commission (PPSC),Lecturer Pakistan Studies,Lecturer Pakistan Studies,PPSC paper for: Lecturer Pakistan Studies,Education Department,[],,,https://pacegkacademy.com/PPSC-Past-Paper-Question/249,https://pacegkacademy.com/PPSC-Past-Papers/6,candidate_recalled_or_third_party_model_paper,False,Post title and department are indexed from the public archive. The paper is not labelled official unless an official PPSC file is separately linked.,2026-07-16
192,Punjab Public Service Commission (PPSC),Lecturer Pakistan Studies,Lecturer Pakistan Studies,PPSC paper for: Lecturer Pakistan Studies,Education Department,[],,,https://pacegkacademy.com/PPSC-Past-Paper-Question/192,https://pacegkacademy.com/PPSC-Past-Papers/6,candidate_recalled_or_third_party_model_paper,False,Post title and department are indexed from the public archive. The paper is not labelled official unless an official PPSC file is separately linked.,2026-07-16
193,Punjab Public Service Commission (PPSC),Lecturer Pakistan Studies,Lecturer Pakistan Studies,PPSC paper for: Lecturer Pakistan Studies,Education Department,[],,,https://pacegkacademy.com/PPSC-Past-Paper-Question/193,https://pacegkacademy.com/PPSC-Past-Papers/6,candidate_recalled_or_third_party_model_paper,False,Post title and department are indexed from the public archive. The paper is not labelled official unless an official PPSC file is separately linked.,2026-07-16
194,Punjab Public Service Commission (PPSC),Lecturer Pakistan Studies,Lecturer Pakistan Studies,PPSC paper for: Lecturer Pakistan Studies,Education Department,[],,,https://pacegkacademy.com/PPSC-Past-Paper-Question/194,https://pacegkacademy.com/PPSC-Past-Papers/6,candidate_recalled_or_third_party_model_paper,False,Post title and department are indexed from the public archive. The paper is not labelled official unless an official PPSC file is separately linked.,2026-07-16
202,Punjab Public Service Commission (PPSC),Lecturer Islamyat,Lecturer Islamyat,PPSC paper for: Lecturer Islamyat,Education Department,[],,,https://pacegkacademy.com/PPSC-Past-Paper-Question/202,https://pacegkacademy.com/PPSC-Past-Papers/6,candidate_recalled_or_third_party_model_paper,False,Post title and department are indexed from the public archive. The paper is not labelled official unless an official PPSC file is separately linked.,2026-07-16
204,Punjab Public Service Commission (PPSC),Lecturer Islamyat,Lecturer Islamyat,PPSC paper for: Lecturer Islamyat,Education Department,[],,,https://pacegkacademy.com/PPSC-Past-Paper-Question/204,https://pacegkacademy.com/PPSC-Past-Papers/6,candidate_recalled_or_third_party_model_paper,False,Post title and department are indexed from the public archive. The paper is not labelled official unless an official PPSC file is separately linked.,2026-07-16
203,Punjab Public Service Commission (PPSC),Lecturer Islamyat,Lecturer Islamyat,PPSC paper for: Lecturer Islamyat,Education Department,[],,,https://pacegkacademy.com/PPSC-Past-Paper-Question/203,https://pacegkacademy.com/PPSC-Past-Papers/6,candidate_recalled_or_third_party_model_paper,False,Post title and department are indexed from the public archive. The paper is not labelled official unless an official PPSC file is separately linked.,2026-07-16
205,Punjab Public Service Commission (PPSC),Lecturer Islamyat,Lecturer Islamyat,PPSC paper for: Lecturer Islamyat,Education Department,[],,,https://pacegkacademy.com/PPSC-Past-Paper-Question/205,https://pacegkacademy.com/PPSC-Past-Papers/6,candidate_recalled_or_third_party_model_paper,False,Post title and department are indexed from the public archive. The paper is not labelled official unless an official PPSC file is separately linked.,2026-07-16
252,Punjab Public Service Commission (PPSC),Lecturer Islamiat,Lecturer Islamiat,PPSC paper for: Lecturer Islamiat,Education Department,[],,,https://pacegkacademy.com/PPSC-Past-Paper-Question/252,https://pacegkacademy.com/PPSC-Past-Papers/6,candidate_recalled_or_third_party_model_paper,False,Post title and department are indexed from the public archive. The paper is not labelled official unless an official PPSC file is separately linked.,2026-07-16
268,Punjab Public Service Commission (PPSC),Lecturer Islamiat,Lecturer Islamiat,PPSC paper for: Lecturer Islamiat,Education Department,[],,,https://pacegkacademy.com/PPSC-Past-Paper-Question/268,https://pacegkacademy.com/PPSC-Past-Papers/6,candidate_recalled_or_third_party_model_paper,False,Post title and department are indexed from the public archive. The paper is not labelled official unless an official PPSC file is separately linked.,2026-07-16
267,Punjab Public Service Commission (PPSC),Lecturer Islamiat,Lecturer Islamiat,PPSC paper for: Lecturer Islamiat,Education Department,[],,,https://pacegkacademy.com/PPSC-Past-Paper-Question/267,https://pacegkacademy.com/PPSC-Past-Papers/6,candidate_recalled_or_third_party_model_paper,False,Post title and department are indexed from the public archive. The paper is not labelled official unless an official PPSC file is separately linked.,2026-07-16
224,Punjab Public Service Commission (PPSC),Lecturer Islamiat,Lecturer Islamiat,PPSC paper for: Lecturer Islamiat,Education Department,[],,,https://pacegkacademy.com/PPSC-Past-Paper-Question/224,https://pacegkacademy.com/PPSC-Past-Papers/6,candidate_recalled_or_third_party_model_paper,False,Post title and department are indexed from the public archive. The paper is not labelled official unless an official PPSC file is separately linked.,2026-07-16
250,Punjab Public Service Commission (PPSC),Lecturer History,Lecturer History,PPSC paper for: Lecturer History,Education Department,[],,,https://pacegkacademy.com/PPSC-Past-Paper-Question/250,https://pacegkacademy.com/PPSC-Past-Papers/6,candidate_recalled_or_third_party_model_paper,False,Post title and department are indexed from the public archive. The paper is not labelled official unless an official PPSC file is separately linked.,2026-07-16
266,Punjab Public Service Commission (PPSC),Lecturer History,Lecturer History,PPSC paper for: Lecturer History,Education Department,[],,,https://pacegkacademy.com/PPSC-Past-Paper-Question/266,https://pacegkacademy.com/PPSC-Past-Papers/6,candidate_recalled_or_third_party_model_paper,False,Post title and department are indexed from the public archive. The paper is not labelled official unless an official PPSC file is separately linked.,2026-07-16
265,Punjab Public Service Commission (PPSC),Lecturer History,Lecturer History,PPSC paper for: Lecturer History,Education Department,[],,,https://pacegkacademy.com/PPSC-Past-Paper-Question/265,https://pacegkacademy.com/PPSC-Past-Papers/6,candidate_recalled_or_third_party_model_paper,False,Post title and department are indexed from the public archive. The paper is not labelled official unless an official PPSC file is separately linked.,2026-07-16
196,Punjab Public Service Commission (PPSC),Lecturer History,Lecturer History,PPSC paper for: Lecturer History,Education Department,[],,,https://pacegkacademy.com/PPSC-Past-Paper-Question/196,https://pacegkacademy.com/PPSC-Past-Papers/6,candidate_recalled_or_third_party_model_paper,False,Post title and department are indexed from the public archive. The paper is not labelled official unless an official PPSC file is separately linked.,2026-07-16
197,Punjab Public Service Commission (PPSC),Lecturer History,Lecturer History,PPSC paper for: Lecturer History,Education Department,[],,,https://pacegkacademy.com/PPSC-Past-Paper-Question/197,https://pacegkacademy.com/PPSC-Past-Papers/6,candidate_recalled_or_third_party_model_paper,False,Post title and department are indexed from the public archive. The paper is not labelled official unless an official PPSC file is separately linked.,2026-07-16
198,Punjab Public Service Commission (PPSC),Lecturer History,Lecturer History,PPSC paper for: Lecturer History,Education Department,[],,,https://pacegkacademy.com/PPSC-Past-Paper-Question/198,https://pacegkacademy.com/PPSC-Past-Papers/6,candidate_recalled_or_third_party_model_paper,False,Post title and department are indexed from the public archive. The paper is not labelled official unless an official PPSC file is separately linked.,2026-07-16
185,Punjab Public Service Commission (PPSC),Lecturer Computer Science,Lecturer Computer Science,PPSC paper for: Lecturer Computer Science,Computer and Information Technology Department,[],,,https://pacegkacademy.com/PPSC-Past-Paper-Question/185,https://pacegkacademy.com/PPSC-Past-Papers/6,candidate_recalled_or_third_party_model_paper,False,Post title and department are indexed from the public archive. The paper is not labelled official unless an official PPSC file is separately linked.,2026-07-16
151,Punjab Public Service Commission (PPSC),Land Record Officer,Land Record Officer,PPSC paper for: Land Record Officer,Land Record Authority Department,[],,,https://pacegkacademy.com/PPSC-Past-Paper-Question/151,https://pacegkacademy.com/PPSC-Past-Papers/6,candidate_recalled_or_third_party_model_paper,False,Post title and department are indexed from the public archive. The paper is not labelled official unless an official PPSC file is separately linked.,2026-07-16
287,Punjab Public Service Commission (PPSC),Labour Officer,Labour Officer,PPSC paper for: Labour Officer,Labour and Human Resource Department,[],,,https://pacegkacademy.com/PPSC-Past-Paper-Question/287,https://pacegkacademy.com/PPSC-Past-Papers/6,candidate_recalled_or_third_party_model_paper,False,Post title and department are indexed from the public archive. The paper is not labelled official unless an official PPSC file is separately linked.,2026-07-16
100,Punjab Public Service Commission (PPSC),Labour Officer,Labour Officer,PPSC paper for: Labour Officer,Labour and Human Resource Department,[],,,https://pacegkacademy.com/PPSC-Past-Paper-Question/100,https://pacegkacademy.com/PPSC-Past-Papers/6,candidate_recalled_or_third_party_model_paper,False,Post title and department are indexed from the public archive. The paper is not labelled official unless an official PPSC file is separately linked.,2026-07-16
101,Punjab Public Service Commission (PPSC),Labour Officer,Labour Officer,PPSC paper for: Labour Officer,Labour and Human Resource Department,[],,,https://pacegkacademy.com/PPSC-Past-Paper-Question/101,https://pacegkacademy.com/PPSC-Past-Papers/6,candidate_recalled_or_third_party_model_paper,False,Post title and department are indexed from the public archive. The paper is not labelled official unless an official PPSC file is separately linked.,2026-07-16
102,Punjab Public Service Commission (PPSC),Labour Officer,Labour Officer,PPSC paper for: Labour Officer,Labour and Human Resource Department,[],,,https://pacegkacademy.com/PPSC-Past-Paper-Question/102,https://pacegkacademy.com/PPSC-Past-Papers/6,candidate_recalled_or_third_party_model_paper,False,Post title and department are indexed from the public archive. The paper is not labelled official unless an official PPSC file is separately linked.,2026-07-16
104,Punjab Public Service Commission (PPSC),Labour Officer,Labour Officer,PPSC paper for: Labour Officer,Labour and Human Resource Department,[],,,https://pacegkacademy.com/PPSC-Past-Paper-Question/104,https://pacegkacademy.com/PPSC-Past-Papers/6,candidate_recalled_or_third_party_model_paper,False,Post title and department are indexed from the public archive. The paper is not labelled official unless an official PPSC file is separately linked.,2026-07-16
103,Punjab Public Service Commission (PPSC),Labour Officer,Labour Officer,PPSC paper for: Labour Officer,Labour and Human Resource Department,[],,,https://pacegkacademy.com/PPSC-Past-Paper-Question/103,https://pacegkacademy.com/PPSC-Past-Papers/6,candidate_recalled_or_third_party_model_paper,False,Post title and department are indexed from the public archive. The paper is not labelled official unless an official PPSC file is separately linked.,2026-07-16
286,Punjab Public Service Commission (PPSC),Labour Inspector,Labour Inspector,PPSC paper for: Labour Inspector,Labour and Human Resource Department,[],,,https://pacegkacademy.com/PPSC-Past-Paper-Question/286,https://pacegkacademy.com/PPSC-Past-Papers/6,candidate_recalled_or_third_party_model_paper,False,Post title and department are indexed from the public archive. The paper is not labelled official unless an official PPSC file is separately linked.,2026-07-16
108,Punjab Public Service Commission (PPSC),Labour Inspector,Labour Inspector,PPSC paper for: Labour Inspector,Labour and Human Resource Department,[],,,https://pacegkacademy.com/PPSC-Past-Paper-Question/108,https://pacegkacademy.com/PPSC-Past-Papers/6,candidate_recalled_or_third_party_model_paper,False,Post title and department are indexed from the public archive. The paper is not labelled official unless an official PPSC file is separately linked.,2026-07-16
109,Punjab Public Service Commission (PPSC),Labour Inspector,Labour Inspector,PPSC paper for: Labour Inspector,Labour and Human Resource Department,[],,,https://pacegkacademy.com/PPSC-Past-Paper-Question/109,https://pacegkacademy.com/PPSC-Past-Papers/6,candidate_recalled_or_third_party_model_paper,False,Post title and department are indexed from the public archive. The paper is not labelled official unless an official PPSC file is separately linked.,2026-07-16
110,Punjab Public Service Commission (PPSC),Labour Inspector,Labour Inspector,PPSC paper for: Labour Inspector,Labour and Human Resource Department,[],,,https://pacegkacademy.com/PPSC-Past-Paper-Question/110,https://pacegkacademy.com/PPSC-Past-Papers/6,candidate_recalled_or_third_party_model_paper,False,Post title and department are indexed from the public archive. The paper is not labelled official unless an official PPSC file is separately linked.,2026-07-16
111,Punjab Public Service Commission (PPSC),Labour Inspector,Labour Inspector,PPSC paper for: Labour Inspector,Labour and Human Resource Department,[],,,https://pacegkacademy.com/PPSC-Past-Paper-Question/111,https://pacegkacademy.com/PPSC-Past-Papers/6,candidate_recalled_or_third_party_model_paper,False,Post title and department are indexed from the public archive. The paper is not labelled official unless an official PPSC file is separately linked.,2026-07-16
112,Punjab Public Service Commission (PPSC),Labour Inspector,Labour Inspector,PPSC paper for: Labour Inspector,Labour and Human Resource Department,[],,,https://pacegkacademy.com/PPSC-Past-Paper-Question/112,https://pacegkacademy.com/PPSC-Past-Papers/6,candidate_recalled_or_third_party_model_paper,False,Post title and department are indexed from the public archive. The paper is not labelled official unless an official PPSC file is separately linked.,2026-07-16
113,Punjab Public Service Commission (PPSC),Labour Inspector,Labour Inspector,PPSC paper for: Labour Inspector,Labour and Human Resource Department,[],,,https://pacegkacademy.com/PPSC-Past-Paper-Question/113,https://pacegkacademy.com/PPSC-Past-Papers/6,candidate_recalled_or_third_party_model_paper,False,Post title and department are indexed from the public archive. The paper is not labelled official unless an official PPSC file is separately linked.,2026-07-16
70,Punjab Public Service Commission (PPSC),Junior Patrol Officer,Junior Patrol Officer,PPSC paper for: Junior Patrol Officer,Patrolling Police in the Communication and Works Department,[],,,https://pacegkacademy.com/PPSC-Past-Paper-Question/70,https://pacegkacademy.com/PPSC-Past-Papers/6,candidate_recalled_or_third_party_model_paper,False,Post title and department are indexed from the public archive. The paper is not labelled official unless an official PPSC file is separately linked.,2026-07-16
72,Punjab Public Service Commission (PPSC),Junior Patrol Officer,Junior Patrol Officer,PPSC paper for: Junior Patrol Officer,Patrolling Police in the Communication and Works Department,[],,,https://pacegkacademy.com/PPSC-Past-Paper-Question/72,https://pacegkacademy.com/PPSC-Past-Papers/6,candidate_recalled_or_third_party_model_paper,False,Post title and department are indexed from the public archive. The paper is not labelled official unless an official PPSC file is separately linked.,2026-07-16
71,Punjab Public Service Commission (PPSC),Junior Patrol Officer,Junior Patrol Officer,PPSC paper for: Junior Patrol Officer,Patrolling Police in the Communication and Works Department,[],,,https://pacegkacademy.com/PPSC-Past-Paper-Question/71,https://pacegkacademy.com/PPSC-Past-Papers/6,candidate_recalled_or_third_party_model_paper,False,Post title and department are indexed from the public archive. The paper is not labelled official unless an official PPSC file is separately linked.,2026-07-16
350,Punjab Public Service Commission (PPSC),Junior Computer Operator,Junior Computer Operator,PPSC paper for: Junior Computer Operator,Punjab Public Service Commission (PPSC) Department,[],,,https://pacegkacademy.com/PPSC-Past-Paper-Question/350,https://pacegkacademy.com/PPSC-Past-Papers/6,candidate_recalled_or_third_party_model_paper,False,Post title and department are indexed from the public archive. The paper is not labelled official unless an official PPSC file is separately linked.,2026-07-16
377,Punjab Public Service Commission (PPSC),Junior Clerk,Junior Clerk,PPSC paper for: Junior Clerk,Board of Revenue Department,[],,,https://pacegkacademy.com/PPSC-Past-Paper-Question/377,https://pacegkacademy.com/PPSC-Past-Papers/6,candidate_recalled_or_third_party_model_paper,False,Post title and department are indexed from the public archive. The paper is not labelled official unless an official PPSC file is separately linked.,2026-07-16
351,Punjab Public Service Commission (PPSC),Junior Clerk,Junior Clerk,PPSC paper for: Junior Clerk,Land Record Authority Department,[],,,https://pacegkacademy.com/PPSC-Past-Paper-Question/351,https://pacegkacademy.com/PPSC-Past-Papers/6,candidate_recalled_or_third_party_model_paper,False,Post title and department are indexed from the public archive. The paper is not labelled official unless an official PPSC file is separately linked.,2026-07-16
349,Punjab Public Service Commission (PPSC),Junior Clerk,Junior Clerk,PPSC paper for: Junior Clerk,Punjab Public Service Commission (PPSC) Department,[],,,https://pacegkacademy.com/PPSC-Past-Paper-Question/349,https://pacegkacademy.com/PPSC-Past-Papers/6,candidate_recalled_or_third_party_model_paper,False,Post title and department are indexed from the public archive. The paper is not labelled official unless an official PPSC file is separately linked.,2026-07-16
339,Punjab Public Service Commission (PPSC),Junior Clerk,Junior Clerk,PPSC paper for: Junior Clerk,Board of Revenue Department,[],,,https://pacegkacademy.com/PPSC-Past-Paper-Question/339,https://pacegkacademy.com/PPSC-Past-Papers/6,candidate_recalled_or_third_party_model_paper,False,Post title and department are indexed from the public archive. The paper is not labelled official unless an official PPSC file is separately linked.,2026-07-16
235,Punjab Public Service Commission (PPSC),Junior Clerk,Junior Clerk,PPSC paper for: Junior Clerk,Punjab Police Department,[],,,https://pacegkacademy.com/PPSC-Past-Paper-Question/235,https://pacegkacademy.com/PPSC-Past-Papers/6,candidate_recalled_or_third_party_model_paper,False,Post title and department are indexed from the public archive. The paper is not labelled official unless an official PPSC file is separately linked.,2026-07-16
302,Punjab Public Service Commission (PPSC),Junior Clerk,Junior Clerk,PPSC paper for: Junior Clerk,Board of Revenue Department,[],,,https://pacegkacademy.com/PPSC-Past-Paper-Question/302,https://pacegkacademy.com/PPSC-Past-Papers/6,candidate_recalled_or_third_party_model_paper,False,Post title and department are indexed from the public archive. The paper is not labelled official unless an official PPSC file is separately linked.,2026-07-16
296,Punjab Public Service Commission (PPSC),Junior Clerk,Junior Clerk,PPSC paper for: Junior Clerk,Anti Corruption Establishment Department,[],,,https://pacegkacademy.com/PPSC-Past-Paper-Question/296,https://pacegkacademy.com/PPSC-Past-Papers/6,candidate_recalled_or_third_party_model_paper,False,Post title and department are indexed from the public archive. The paper is not labelled official unless an official PPSC file is separately linked.,2026-07-16
222,Punjab Public Service Commission (PPSC),Junior Clerk,Junior Clerk,PPSC paper for: Junior Clerk,Miscellaneous Department,[],,,https://pacegkacademy.com/PPSC-Past-Paper-Question/222,https://pacegkacademy.com/PPSC-Past-Papers/6,candidate_recalled_or_third_party_model_paper,False,Post title and department are indexed from the public archive. The paper is not labelled official unless an official PPSC file is separately linked.,2026-07-16
181,Punjab Public Service Commission (PPSC),Junior Clerk,Junior Clerk,PPSC paper for: Junior Clerk,Punjab Public Service Commission (PPSC) Department,[],,,https://pacegkacademy.com/PPSC-Past-Paper-Question/181,https://pacegkacademy.com/PPSC-Past-Papers/6,candidate_recalled_or_third_party_model_paper,False,Post title and department are indexed from the public archive. The paper is not labelled official unless an official PPSC file is separately linked.,2026-07-16
171,Punjab Public Service Commission (PPSC),Junior Clerk,Junior Clerk,PPSC paper for: Junior Clerk,Services and General Administration Department,[],,,https://pacegkacademy.com/PPSC-Past-Paper-Question/171,https://pacegkacademy.com/PPSC-Past-Papers/6,candidate_recalled_or_third_party_model_paper,False,Post title and department are indexed from the public archive. The paper is not labelled official unless an official PPSC file is separately linked.,2026-07-16
115,Punjab Public Service Commission (PPSC),Junior Clerk,Junior Clerk,PPSC paper for: Junior Clerk,Labour and Human Resource Department,[],,,https://pacegkacademy.com/PPSC-Past-Paper-Question/115,https://pacegkacademy.com/PPSC-Past-Papers/6,candidate_recalled_or_third_party_model_paper,False,Post title and department are indexed from the public archive. The paper is not labelled official unless an official PPSC file is separately linked.,2026-07-16
226,Punjab Public Service Commission (PPSC),Junior Clerk,Junior Clerk,PPSC paper for: Junior Clerk,Miscellaneous Department,[],,,https://pacegkacademy.com/PPSC-Past-Paper-Question/226,https://pacegkacademy.com/PPSC-Past-Papers/6,candidate_recalled_or_third_party_model_paper,False,Post title and department are indexed from the public archive. The paper is not labelled official unless an official PPSC file is separately linked.,2026-07-16
182,Punjab Public Service Commission (PPSC),Junior Clerk,Junior Clerk,PPSC paper for: Junior Clerk,Punjab Public Service Commission (PPSC) Department,[],,,https://pacegkacademy.com/PPSC-Past-Paper-Question/182,https://pacegkacademy.com/PPSC-Past-Papers/6,candidate_recalled_or_third_party_model_paper,False,Post title and department are indexed from the public archive. The paper is not labelled official unless an official PPSC file is separately linked.,2026-07-16
172,Punjab Public Service Commission (PPSC),Junior Clerk,Junior Clerk,PPSC paper for: Junior Clerk,Services and General Administration Department,[],,,https://pacegkacademy.com/PPSC-Past-Paper-Question/172,https://pacegkacademy.com/PPSC-Past-Papers/6,candidate_recalled_or_third_party_model_paper,False,Post title and department are indexed from the public archive. The paper is not labelled official unless an official PPSC file is separately linked.,2026-07-16
44,Punjab Public Service Commission (PPSC),Junior Clerk,Junior Clerk,PPSC paper for: Junior Clerk,Punjab Police Department,[],,,https://pacegkacademy.com/PPSC-Past-Paper-Question/44,https://pacegkacademy.com/PPSC-Past-Papers/6,candidate_recalled_or_third_party_model_paper,False,Post title and department are indexed from the public archive. The paper is not labelled official unless an official PPSC file is separately linked.,2026-07-16
227,Punjab Public Service Commission (PPSC),Junior Clerk,Junior Clerk,PPSC paper for: Junior Clerk,Miscellaneous Department,[],,,https://pacegkacademy.com/PPSC-Past-Paper-Question/227,https://pacegkacademy.com/PPSC-Past-Papers/6,candidate_recalled_or_third_party_model_paper,False,Post title and department are indexed from the public archive. The paper is not labelled official unless an official PPSC file is separately linked.,2026-07-16
223,Punjab Public Service Commission (PPSC),Junior Clerk,Junior Clerk,PPSC paper for: Junior Clerk,Miscellaneous Department,[],,,https://pacegkacademy.com/PPSC-Past-Paper-Question/223,https://pacegkacademy.com/PPSC-Past-Papers/6,candidate_recalled_or_third_party_model_paper,False,Post title and department are indexed from the public archive. The paper is not labelled official unless an official PPSC file is separately linked.,2026-07-16
173,Punjab Public Service Commission (PPSC),Junior Clerk,Junior Clerk,PPSC paper for: Junior Clerk,Services and General Administration Department,[],,,https://pacegkacademy.com/PPSC-Past-Paper-Question/173,https://pacegkacademy.com/PPSC-Past-Papers/6,candidate_recalled_or_third_party_model_paper,False,Post title and department are indexed from the public archive. The paper is not labelled official unless an official PPSC file is separately linked.,2026-07-16
45,Punjab Public Service Commission (PPSC),Junior Clerk,Junior Clerk,PPSC paper for: Junior Clerk,Punjab Police Department,[],,,https://pacegkacademy.com/PPSC-Past-Paper-Question/45,https://pacegkacademy.com/PPSC-Past-Papers/6,candidate_recalled_or_third_party_model_paper,False,Post title and department are indexed from the public archive. The paper is not labelled official unless an official PPSC file is separately linked.,2026-07-16
183,Punjab Public Service Commission (PPSC),Junior Clerk,Junior Clerk,PPSC paper for: Junior Clerk,Punjab Public Service Commission (PPSC) Department,[],,,https://pacegkacademy.com/PPSC-Past-Paper-Question/183,https://pacegkacademy.com/PPSC-Past-Papers/6,candidate_recalled_or_third_party_model_paper,False,Post title and department are indexed from the public archive. The paper is not labelled official unless an official PPSC file is separately linked.,2026-07-16
184,Punjab Public Service Commission (PPSC),Junior Clerk,Junior Clerk,PPSC paper for: Junior Clerk,Punjab Public Service Commission (PPSC) Department,[],,,https://pacegkacademy.com/PPSC-Past-Paper-Question/184,https://pacegkacademy.com/PPSC-Past-Papers/6,candidate_recalled_or_third_party_model_paper,False,Post title and department are indexed from the public archive. The paper is not labelled official unless an official PPSC file is separately linked.,2026-07-16
229,Punjab Public Service Commission (PPSC),Instructor,Instructor,PPSC paper for: Instructor,Miscellaneous Department,[],,,https://pacegkacademy.com/PPSC-Past-Paper-Question/229,https://pacegkacademy.com/PPSC-Past-Papers/6,candidate_recalled_or_third_party_model_paper,False,Post title and department are indexed from the public archive. The paper is not labelled official unless an official PPSC file is separately linked.,2026-07-16
47,Punjab Public Service Commission (PPSC),Inspector in (S& GAD),Inspector in (S& GAD),PPSC paper for: Inspector in (S& GAD),Anti Corruption Establishment Department,[],,,https://pacegkacademy.com/PPSC-Past-Paper-Question/47,https://pacegkacademy.com/PPSC-Past-Papers/6,candidate_recalled_or_third_party_model_paper,False,Post title and department are indexed from the public archive. The paper is not labelled official unless an official PPSC file is separately linked.,2026-07-16
217,Punjab Public Service Commission (PPSC),Inspector Youth Affairs,Inspector Youth Affairs,PPSC paper for: Inspector Youth Affairs,Miscellaneous Department,[],,,https://pacegkacademy.com/PPSC-Past-Paper-Question/217,https://pacegkacademy.com/PPSC-Past-Papers/6,candidate_recalled_or_third_party_model_paper,False,Post title and department are indexed from the public archive. The paper is not labelled official unless an official PPSC file is separately linked.,2026-07-16
20,Punjab Public Service Commission (PPSC),Inspector Legal II,Inspector Legal II,PPSC paper for: Inspector Legal II,Punjab Police Department,[],,,https://pacegkacademy.com/PPSC-Past-Paper-Question/20,https://pacegkacademy.com/PPSC-Past-Papers/6,candidate_recalled_or_third_party_model_paper,False,Post title and department are indexed from the public archive. The paper is not labelled official unless an official PPSC file is separately linked.,2026-07-16
19,Punjab Public Service Commission (PPSC),Inspector Legal I,Inspector Legal I,PPSC paper for: Inspector Legal I,Punjab Police Department,[],,,https://pacegkacademy.com/PPSC-Past-Paper-Question/19,https://pacegkacademy.com/PPSC-Past-Papers/6,candidate_recalled_or_third_party_model_paper,False,Post title and department are indexed from the public archive. The paper is not labelled official unless an official PPSC file is separately linked.,2026-07-16
18,Punjab Public Service Commission (PPSC),Inspector Legal (Special Cadre) II,Inspector Legal (Special Cadre) II,PPSC paper for: Inspector Legal (Special Cadre) II,Punjab Police Department,[],,,https://pacegkacademy.com/PPSC-Past-Paper-Question/18,https://pacegkacademy.com/PPSC-Past-Papers/6,candidate_recalled_or_third_party_model_paper,False,Post title and department are indexed from the public archive. The paper is not labelled official unless an official PPSC file is separately linked.,2026-07-16
17,Punjab Public Service Commission (PPSC),Inspector Legal (Special Cadre) I,Inspector Legal (Special Cadre) I,PPSC paper for: Inspector Legal (Special Cadre) I,Punjab Police Department,[],,,https://pacegkacademy.com/PPSC-Past-Paper-Question/17,https://pacegkacademy.com/PPSC-Past-Papers/6,candidate_recalled_or_third_party_model_paper,False,Post title and department are indexed from the public archive. The paper is not labelled official unless an official PPSC file is separately linked.,2026-07-16
86,Punjab Public Service Commission (PPSC),Inspector Cooperative Societies,Inspector Cooperative Societies,PPSC paper for: Inspector Cooperative Societies,Punjab Cooperatives Department,[],,,https://pacegkacademy.com/PPSC-Past-Paper-Question/86,https://pacegkacademy.com/PPSC-Past-Papers/6,candidate_recalled_or_third_party_model_paper,False,Post title and department are indexed from the public archive. The paper is not labelled official unless an official PPSC file is separately linked.,2026-07-16
87,Punjab Public Service Commission (PPSC),Inspector Cooperative Societies,Inspector Cooperative Societies,PPSC paper for: Inspector Cooperative Societies,Punjab Cooperatives Department,[],,,https://pacegkacademy.com/PPSC-Past-Paper-Question/87,https://pacegkacademy.com/PPSC-Past-Papers/6,candidate_recalled_or_third_party_model_paper,False,Post title and department are indexed from the public archive. The paper is not labelled official unless an official PPSC file is separately linked.,2026-07-16
88,Punjab Public Service Commission (PPSC),Inspector Cooperative Societies,Inspector Cooperative Societies,PPSC paper for: Inspector Cooperative Societies,Punjab Cooperatives Department,[],,,https://pacegkacademy.com/PPSC-Past-Paper-Question/88,https://pacegkacademy.com/PPSC-Past-Papers/6,candidate_recalled_or_third_party_model_paper,False,Post title and department are indexed from the public archive. The paper is not labelled official unless an official PPSC file is separately linked.,2026-07-16
48,Punjab Public Service Commission (PPSC),Inspector,Inspector,PPSC paper for: Inspector,Anti Corruption Establishment Department,[],,,https://pacegkacademy.com/PPSC-Past-Paper-Question/48,https://pacegkacademy.com/PPSC-Past-Papers/6,candidate_recalled_or_third_party_model_paper,False,Post title and department are indexed from the public archive. The paper is not labelled official unless an official PPSC file is separately linked.,2026-07-16
387,Punjab Public Service Commission (PPSC),INSTRUCTOR/LECTURER (MALE) ENGLISH (BS-17),INSTRUCTOR/LECTURER (MALE) ENGLISH (BS-17),PPSC paper for: INSTRUCTOR/LECTURER (MALE) ENGLISH (BS-17),Education Department,[17],,,https://pacegkacademy.com/PPSC-Past-Paper-Question/387,https://pacegkacademy.com/PPSC-Past-Papers/6,candidate_recalled_or_third_party_model_paper,False,Post title and department are indexed from the public archive. The paper is not labelled official unless an official PPSC file is separately linked.,2026-07-16
214,Punjab Public Service Commission (PPSC),Health Educator,Health Educator,PPSC paper for: Health Educator,Education Department,[],,,https://pacegkacademy.com/PPSC-Past-Paper-Question/214,https://pacegkacademy.com/PPSC-Past-Papers/6,candidate_recalled_or_third_party_model_paper,False,Post title and department are indexed from the public archive. The paper is not labelled official unless an official PPSC file is separately linked.,2026-07-16
271,Punjab Public Service Commission (PPSC),Head Clerk/Assistant,Head Clerk/Assistant,PPSC paper for: Head Clerk/Assistant,Planning and Development Department,[],,,https://pacegkacademy.com/PPSC-Past-Paper-Question/271,https://pacegkacademy.com/PPSC-Past-Papers/6,candidate_recalled_or_third_party_model_paper,False,Post title and department are indexed from the public archive. The paper is not labelled official unless an official PPSC file is separately linked.,2026-07-16
219,Punjab Public Service Commission (PPSC),Gender Monitoring Specialist,Gender Monitoring Specialist,PPSC paper for: Gender Monitoring Specialist,Miscellaneous Department,[],,,https://pacegkacademy.com/PPSC-Past-Paper-Question/219,https://pacegkacademy.com/PPSC-Past-Papers/6,candidate_recalled_or_third_party_model_paper,False,Post title and department are indexed from the public archive. The paper is not labelled official unless an official PPSC file is separately linked.,2026-07-16
126,Punjab Public Service Commission (PPSC),Food Safety Officer,Food Safety Officer,PPSC paper for: Food Safety Officer,Punjab Food Authority Department,[],,,https://pacegkacademy.com/PPSC-Past-Paper-Question/126,https://pacegkacademy.com/PPSC-Past-Papers/6,candidate_recalled_or_third_party_model_paper,False,Post title and department are indexed from the public archive. The paper is not labelled official unless an official PPSC file is separately linked.,2026-07-16
135,Punjab Public Service Commission (PPSC),Food Inspector,Food Inspector,PPSC paper for: Food Inspector,Punjab Food Authority Department,[],,,https://pacegkacademy.com/PPSC-Past-Paper-Question/135,https://pacegkacademy.com/PPSC-Past-Papers/6,candidate_recalled_or_third_party_model_paper,False,Post title and department are indexed from the public archive. The paper is not labelled official unless an official PPSC file is separately linked.,2026-07-16
134,Punjab Public Service Commission (PPSC),Food Inspector,Food Inspector,PPSC paper for: Food Inspector,Punjab Food Authority Department,[],,,https://pacegkacademy.com/PPSC-Past-Paper-Question/134,https://pacegkacademy.com/PPSC-Past-Papers/6,candidate_recalled_or_third_party_model_paper,False,Post title and department are indexed from the public archive. The paper is not labelled official unless an official PPSC file is separately linked.,2026-07-16
136,Punjab Public Service Commission (PPSC),Food Grains Supervisors,Food Grains Supervisors,PPSC paper for: Food Grains Supervisors,Punjab Food Authority Department,[],,,https://pacegkacademy.com/PPSC-Past-Paper-Question/136,https://pacegkacademy.com/PPSC-Past-Papers/6,candidate_recalled_or_third_party_model_paper,False,Post title and department are indexed from the public archive. The paper is not labelled official unless an official PPSC file is separately linked.,2026-07-16
344,Punjab Public Service Commission (PPSC),Food Grains Inspector,Food Grains Inspector,PPSC paper for: Food Grains Inspector,Punjab Food Authority Department,[],,,https://pacegkacademy.com/PPSC-Past-Paper-Question/344,https://pacegkacademy.com/PPSC-Past-Papers/6,candidate_recalled_or_third_party_model_paper,False,Post title and department are indexed from the public archive. The paper is not labelled official unless an official PPSC file is separately linked.,2026-07-16
132,Punjab Public Service Commission (PPSC),Food Grains Inspector,Food Grains Inspector,PPSC paper for: Food Grains Inspector,Punjab Food Authority Department,[],,,https://pacegkacademy.com/PPSC-Past-Paper-Question/132,https://pacegkacademy.com/PPSC-Past-Papers/6,candidate_recalled_or_third_party_model_paper,False,Post title and department are indexed from the public archive. The paper is not labelled official unless an official PPSC file is separately linked.,2026-07-16
133,Punjab Public Service Commission (PPSC),Food Grains Inspector,Food Grains Inspector,PPSC paper for: Food Grains Inspector,Punjab Food Authority Department,[],,,https://pacegkacademy.com/PPSC-Past-Paper-Question/133,https://pacegkacademy.com/PPSC-Past-Papers/6,candidate_recalled_or_third_party_model_paper,False,Post title and department are indexed from the public archive. The paper is not labelled official unless an official PPSC file is separately linked.,2026-07-16
347,Punjab Public Service Commission (PPSC),Food Grain Supervisor (Evening),Food Grain Supervisor (Evening),PPSC paper for: Food Grain Supervisor (Evening),Punjab Food Authority Department,[],,,https://pacegkacademy.com/PPSC-Past-Paper-Question/347,https://pacegkacademy.com/PPSC-Past-Papers/6,candidate_recalled_or_third_party_model_paper,False,Post title and department are indexed from the public archive. The paper is not labelled official unless an official PPSC file is separately linked.,2026-07-16
343,Punjab Public Service Commission (PPSC),Food Grain Supervisor,Food Grain Supervisor,PPSC paper for: Food Grain Supervisor,Punjab Food Authority Department,[],,,https://pacegkacademy.com/PPSC-Past-Paper-Question/343,https://pacegkacademy.com/PPSC-Past-Papers/6,candidate_recalled_or_third_party_model_paper,False,Post title and department are indexed from the public archive. The paper is not labelled official unless an official PPSC file is separately linked.,2026-07-16
145,Punjab Public Service Commission (PPSC),Field Assistant,Field Assistant,PPSC paper for: Field Assistant,Punjab Agriculture Department,[],,,https://pacegkacademy.com/PPSC-Past-Paper-Question/145,https://pacegkacademy.com/PPSC-Past-Papers/6,candidate_recalled_or_third_party_model_paper,False,Post title and department are indexed from the public archive. The paper is not labelled official unless an official PPSC file is separately linked.,2026-07-16
144,Punjab Public Service Commission (PPSC),Field Assistant,Field Assistant,PPSC paper for: Field Assistant,Punjab Agriculture Department,[],,,https://pacegkacademy.com/PPSC-Past-Paper-Question/144,https://pacegkacademy.com/PPSC-Past-Papers/6,candidate_recalled_or_third_party_model_paper,False,Post title and department are indexed from the public archive. The paper is not labelled official unless an official PPSC file is separately linked.,2026-07-16
54,Punjab Public Service Commission (PPSC),Excise & Taxation Inspector,Excise & Taxation Inspector,PPSC paper for: Excise & Taxation Inspector,Excise and Taxation Department,[],,,https://pacegkacademy.com/PPSC-Past-Paper-Question/54,https://pacegkacademy.com/PPSC-Past-Papers/6,candidate_recalled_or_third_party_model_paper,False,Post title and department are indexed from the public archive. The paper is not labelled official unless an official PPSC file is separately linked.,2026-07-16
53,Punjab Public Service Commission (PPSC),Excise & Taxation Inspector,Excise & Taxation Inspector,PPSC paper for: Excise & Taxation Inspector,Excise and Taxation Department,[],,,https://pacegkacademy.com/PPSC-Past-Paper-Question/53,https://pacegkacademy.com/PPSC-Past-Papers/6,candidate_recalled_or_third_party_model_paper,False,Post title and department are indexed from the public archive. The paper is not labelled official unless an official PPSC file is separately linked.,2026-07-16
52,Punjab Public Service Commission (PPSC),Excise & Taxation Inspector,Excise & Taxation Inspector,PPSC paper for: Excise & Taxation Inspector,Excise and Taxation Department,[],,,https://pacegkacademy.com/PPSC-Past-Paper-Question/52,https://pacegkacademy.com/PPSC-Past-Papers/6,candidate_recalled_or_third_party_model_paper,False,Post title and department are indexed from the public archive. The paper is not labelled official unless an official PPSC file is separately linked.,2026-07-16
51,Punjab Public Service Commission (PPSC),Excise & Taxation Inspector,Excise & Taxation Inspector,PPSC paper for: Excise & Taxation Inspector,Excise and Taxation Department,[],,,https://pacegkacademy.com/PPSC-Past-Paper-Question/51,https://pacegkacademy.com/PPSC-Past-Papers/6,candidate_recalled_or_third_party_model_paper,False,Post title and department are indexed from the public archive. The paper is not labelled official unless an official PPSC file is separately linked.,2026-07-16
55,Punjab Public Service Commission (PPSC),Excise & Taxation Inspector,Excise & Taxation Inspector,PPSC paper for: Excise & Taxation Inspector,Excise and Taxation Department,[],,,https://pacegkacademy.com/PPSC-Past-Paper-Question/55,https://pacegkacademy.com/PPSC-Past-Papers/6,candidate_recalled_or_third_party_model_paper,False,Post title and department are indexed from the public archive. The paper is not labelled official unless an official PPSC file is separately linked.,2026-07-16
56,Punjab Public Service Commission (PPSC),Excise & Taxation Inspector,Excise & Taxation Inspector,PPSC paper for: Excise & Taxation Inspector,Excise and Taxation Department,[],,,https://pacegkacademy.com/PPSC-Past-Paper-Question/56,https://pacegkacademy.com/PPSC-Past-Papers/6,candidate_recalled_or_third_party_model_paper,False,Post title and department are indexed from the public archive. The paper is not labelled official unless an official PPSC file is separately linked.,2026-07-16
57,Punjab Public Service Commission (PPSC),Excise & Taxation Inspector,Excise & Taxation Inspector,PPSC paper for: Excise & Taxation Inspector,Punjab Police Department,[],,,https://pacegkacademy.com/PPSC-Past-Paper-Question/57,https://pacegkacademy.com/PPSC-Past-Papers/6,candidate_recalled_or_third_party_model_paper,False,Post title and department are indexed from the public archive. The paper is not labelled official unless an official PPSC file is separately linked.,2026-07-16
58,Punjab Public Service Commission (PPSC),Excise & Taxation Inspector,Excise & Taxation Inspector,PPSC paper for: Excise & Taxation Inspector,Excise and Taxation Department,[],,,https://pacegkacademy.com/PPSC-Past-Paper-Question/58,https://pacegkacademy.com/PPSC-Past-Papers/6,candidate_recalled_or_third_party_model_paper,False,Post title and department are indexed from the public archive. The paper is not labelled official unless an official PPSC file is separately linked.,2026-07-16
326,Punjab Public Service Commission (PPSC),English Model Paper 6,English Model Paper 6,PPSC paper for: English Model Paper 6,Miscellaneous Department,[],,,https://pacegkacademy.com/PPSC-Past-Paper-Question/326,https://pacegkacademy.com/PPSC-Past-Papers/6,candidate_recalled_or_third_party_model_paper,False,Post title and department are indexed from the public archive. The paper is not labelled official unless an official PPSC file is separately linked.,2026-07-16
325,Punjab Public Service Commission (PPSC),English Model Paper 5,English Model Paper 5,PPSC paper for: English Model Paper 5,Miscellaneous Department,[],,,https://pacegkacademy.com/PPSC-Past-Paper-Question/325,https://pacegkacademy.com/PPSC-Past-Papers/6,candidate_recalled_or_third_party_model_paper,False,Post title and department are indexed from the public archive. The paper is not labelled official unless an official PPSC file is separately linked.,2026-07-16
324,Punjab Public Service Commission (PPSC),English Model Paper 4,English Model Paper 4,PPSC paper for: English Model Paper 4,Miscellaneous Department,[],,,https://pacegkacademy.com/PPSC-Past-Paper-Question/324,https://pacegkacademy.com/PPSC-Past-Papers/6,candidate_recalled_or_third_party_model_paper,False,Post title and department are indexed from the public archive. The paper is not labelled official unless an official PPSC file is separately linked.,2026-07-16
322,Punjab Public Service Commission (PPSC),English Model Paper 3,English Model Paper 3,PPSC paper for: English Model Paper 3,Miscellaneous Department,[],,,https://pacegkacademy.com/PPSC-Past-Paper-Question/322,https://pacegkacademy.com/PPSC-Past-Papers/6,candidate_recalled_or_third_party_model_paper,False,Post title and department are indexed from the public archive. The paper is not labelled official unless an official PPSC file is separately linked.,2026-07-16
321,Punjab Public Service Commission (PPSC),English Model Paper 2,English Model Paper 2,PPSC paper for: English Model Paper 2,Miscellaneous Department,[],,,https://pacegkacademy.com/PPSC-Past-Paper-Question/321,https://pacegkacademy.com/PPSC-Past-Papers/6,candidate_recalled_or_third_party_model_paper,False,Post title and department are indexed from the public archive. The paper is not labelled official unless an official PPSC file is separately linked.,2026-07-16
320,Punjab Public Service Commission (PPSC),English Model Paper 1,English Model Paper 1,PPSC paper for: English Model Paper 1,Miscellaneous Department,[],,,https://pacegkacademy.com/PPSC-Past-Paper-Question/320,https://pacegkacademy.com/PPSC-Past-Papers/6,candidate_recalled_or_third_party_model_paper,False,Post title and department are indexed from the public archive. The paper is not labelled official unless an official PPSC file is separately linked.,2026-07-16
208,Punjab Public Service Commission (PPSC),Elementary School Educator General,Elementary School Educator General,PPSC paper for: Elementary School Educator General,Education Department,[],,,https://pacegkacademy.com/PPSC-Past-Paper-Question/208,https://pacegkacademy.com/PPSC-Past-Papers/6,candidate_recalled_or_third_party_model_paper,False,Post title and department are indexed from the public archive. The paper is not labelled official unless an official PPSC file is separately linked.,2026-07-16
212,Punjab Public Service Commission (PPSC),Educator,Educator,PPSC paper for: Educator,Education Department,[],,,https://pacegkacademy.com/PPSC-Past-Paper-Question/212,https://pacegkacademy.com/PPSC-Past-Papers/6,candidate_recalled_or_third_party_model_paper,False,Post title and department are indexed from the public archive. The paper is not labelled official unless an official PPSC file is separately linked.,2026-07-16
213,Punjab Public Service Commission (PPSC),Educator,Educator,PPSC paper for: Educator,Education Department,[],,,https://pacegkacademy.com/PPSC-Past-Paper-Question/213,https://pacegkacademy.com/PPSC-Past-Papers/6,candidate_recalled_or_third_party_model_paper,False,Post title and department are indexed from the public archive. The paper is not labelled official unless an official PPSC file is separately linked.,2026-07-16
209,Punjab Public Service Commission (PPSC),ESE Urdu,ESE Urdu,PPSC paper for: ESE Urdu,Education Department,[],,,https://pacegkacademy.com/PPSC-Past-Paper-Question/209,https://pacegkacademy.com/PPSC-Past-Papers/6,candidate_recalled_or_third_party_model_paper,False,Post title and department are indexed from the public archive. The paper is not labelled official unless an official PPSC file is separately linked.,2026-07-16
211,Punjab Public Service Commission (PPSC),ESE General,ESE General,PPSC paper for: ESE General,Education Department,[],,,https://pacegkacademy.com/PPSC-Past-Paper-Question/211,https://pacegkacademy.com/PPSC-Past-Papers/6,candidate_recalled_or_third_party_model_paper,False,Post title and department are indexed from the public archive. The paper is not labelled official unless an official PPSC file is separately linked.,2026-07-16
210,Punjab Public Service Commission (PPSC),ESE General,ESE General,PPSC paper for: ESE General,Education Department,[],,,https://pacegkacademy.com/PPSC-Past-Paper-Question/210,https://pacegkacademy.com/PPSC-Past-Papers/6,candidate_recalled_or_third_party_model_paper,False,Post title and department are indexed from the public archive. The paper is not labelled official unless an official PPSC file is separately linked.,2026-07-16
218,Punjab Public Service Commission (PPSC),Divisional Coach,Divisional Coach,PPSC paper for: Divisional Coach,Miscellaneous Department,[],,,https://pacegkacademy.com/PPSC-Past-Paper-Question/218,https://pacegkacademy.com/PPSC-Past-Papers/6,candidate_recalled_or_third_party_model_paper,False,Post title and department are indexed from the public archive. The paper is not labelled official unless an official PPSC file is separately linked.,2026-07-16
352,Punjab Public Service Commission (PPSC),District Zakat Officer,District Zakat Officer,PPSC paper for: District Zakat Officer,Zakat and Ushr Department,[],,,https://pacegkacademy.com/PPSC-Past-Paper-Question/352,https://pacegkacademy.com/PPSC-Past-Papers/6,candidate_recalled_or_third_party_model_paper,False,Post title and department are indexed from the public archive. The paper is not labelled official unless an official PPSC file is separately linked.,2026-07-16
77,Punjab Public Service Commission (PPSC),District Zakat Officer,District Zakat Officer,PPSC paper for: District Zakat Officer,Zakat and Ushr Department,[],,,https://pacegkacademy.com/PPSC-Past-Paper-Question/77,https://pacegkacademy.com/PPSC-Past-Papers/6,candidate_recalled_or_third_party_model_paper,False,Post title and department are indexed from the public archive. The paper is not labelled official unless an official PPSC file is separately linked.,2026-07-16
78,Punjab Public Service Commission (PPSC),District Zakat Officer,District Zakat Officer,PPSC paper for: District Zakat Officer,Zakat and Ushr Department,[],,,https://pacegkacademy.com/PPSC-Past-Paper-Question/78,https://pacegkacademy.com/PPSC-Past-Papers/6,candidate_recalled_or_third_party_model_paper,False,Post title and department are indexed from the public archive. The paper is not labelled official unless an official PPSC file is separately linked.,2026-07-16
79,Punjab Public Service Commission (PPSC),District Zakat Officer,District Zakat Officer,PPSC paper for: District Zakat Officer,Zakat and Ushr Department,[],,,https://pacegkacademy.com/PPSC-Past-Paper-Question/79,https://pacegkacademy.com/PPSC-Past-Papers/6,candidate_recalled_or_third_party_model_paper,False,Post title and department are indexed from the public archive. The paper is not labelled official unless an official PPSC file is separately linked.,2026-07-16
81,Punjab Public Service Commission (PPSC),District Zakat Officer,District Zakat Officer,PPSC paper for: District Zakat Officer,Zakat and Ushr Department,[],,,https://pacegkacademy.com/PPSC-Past-Paper-Question/81,https://pacegkacademy.com/PPSC-Past-Papers/6,candidate_recalled_or_third_party_model_paper,False,Post title and department are indexed from the public archive. The paper is not labelled official unless an official PPSC file is separately linked.,2026-07-16
80,Punjab Public Service Commission (PPSC),District Zakat Officer,District Zakat Officer,PPSC paper for: District Zakat Officer,Zakat and Ushr Department,[],,,https://pacegkacademy.com/PPSC-Past-Paper-Question/80,https://pacegkacademy.com/PPSC-Past-Papers/6,candidate_recalled_or_third_party_model_paper,False,Post title and department are indexed from the public archive. The paper is not labelled official unless an official PPSC file is separately linked.,2026-07-16
340,Punjab Public Service Commission (PPSC),District Trainer,District Trainer,PPSC paper for: District Trainer,Literacy & Non Formal Basic Education Department,[],,,https://pacegkacademy.com/PPSC-Past-Paper-Question/340,https://pacegkacademy.com/PPSC-Past-Papers/6,candidate_recalled_or_third_party_model_paper,False,Post title and department are indexed from the public archive. The paper is not labelled official unless an official PPSC file is separately linked.,2026-07-16
73,Punjab Public Service Commission (PPSC),District Officer Civil Defence,District Officer Civil Defence,PPSC paper for: District Officer Civil Defence,Civil Defence In the Punjab Home Department,[],,,https://pacegkacademy.com/PPSC-Past-Paper-Question/73,https://pacegkacademy.com/PPSC-Past-Papers/6,candidate_recalled_or_third_party_model_paper,False,Post title and department are indexed from the public archive. The paper is not labelled official unless an official PPSC file is separately linked.,2026-07-16
59,Punjab Public Service Commission (PPSC),Deputy Superintendent Jail,Deputy Superintendent Jail,PPSC paper for: Deputy Superintendent Jail,Punjab Prison/Jail Department,[],,,https://pacegkacademy.com/PPSC-Past-Paper-Question/59,https://pacegkacademy.com/PPSC-Past-Papers/6,candidate_recalled_or_third_party_model_paper,False,Post title and department are indexed from the public archive. The paper is not labelled official unless an official PPSC file is separately linked.,2026-07-16
60,Punjab Public Service Commission (PPSC),Deputy Superintendent Jail,Deputy Superintendent Jail,PPSC paper for: Deputy Superintendent Jail,Punjab Prison/Jail Department,[],,,https://pacegkacademy.com/PPSC-Past-Paper-Question/60,https://pacegkacademy.com/PPSC-Past-Papers/6,candidate_recalled_or_third_party_model_paper,False,Post title and department are indexed from the public archive. The paper is not labelled official unless an official PPSC file is separately linked.,2026-07-16
61,Punjab Public Service Commission (PPSC),Deputy Superintendent Jail,Deputy Superintendent Jail,PPSC paper for: Deputy Superintendent Jail,Punjab Prison/Jail Department,[],,,https://pacegkacademy.com/PPSC-Past-Paper-Question/61,https://pacegkacademy.com/PPSC-Past-Papers/6,candidate_recalled_or_third_party_model_paper,False,Post title and department are indexed from the public archive. The paper is not labelled official unless an official PPSC file is separately linked.,2026-07-16
122,Punjab Public Service Commission (PPSC),Deputy Director,Deputy Director,PPSC paper for: Deputy Director,Punjab Population Welfare Department,[],,,https://pacegkacademy.com/PPSC-Past-Paper-Question/122,https://pacegkacademy.com/PPSC-Past-Papers/6,candidate_recalled_or_third_party_model_paper,False,Post title and department are indexed from the public archive. The paper is not labelled official unless an official PPSC file is separately linked.,2026-07-16
155,Punjab Public Service Commission (PPSC),Deputy Accountant,Deputy Accountant,PPSC paper for: Deputy Accountant,"Finance, Audit and Accounts Department",[],,,https://pacegkacademy.com/PPSC-Past-Paper-Question/155,https://pacegkacademy.com/PPSC-Past-Papers/6,candidate_recalled_or_third_party_model_paper,False,Post title and department are indexed from the public archive. The paper is not labelled official unless an official PPSC file is separately linked.,2026-07-16
154,Punjab Public Service Commission (PPSC),Deputy Accountant,Deputy Accountant,PPSC paper for: Deputy Accountant,"Finance, Audit and Accounts Department",[],,,https://pacegkacademy.com/PPSC-Past-Paper-Question/154,https://pacegkacademy.com/PPSC-Past-Papers/6,candidate_recalled_or_third_party_model_paper,False,Post title and department are indexed from the public archive. The paper is not labelled official unless an official PPSC file is separately linked.,2026-07-16
160,Punjab Public Service Commission (PPSC),Deputy Accountant,Deputy Accountant,PPSC paper for: Deputy Accountant,"Finance, Audit and Accounts Department",[],,,https://pacegkacademy.com/PPSC-Past-Paper-Question/160,https://pacegkacademy.com/PPSC-Past-Papers/6,candidate_recalled_or_third_party_model_paper,False,Post title and department are indexed from the public archive. The paper is not labelled official unless an official PPSC file is separately linked.,2026-07-16
156,Punjab Public Service Commission (PPSC),Deputy Account Officer,Deputy Account Officer,PPSC paper for: Deputy Account Officer,"Finance, Audit and Accounts Department",[],,,https://pacegkacademy.com/PPSC-Past-Paper-Question/156,https://pacegkacademy.com/PPSC-Past-Papers/6,candidate_recalled_or_third_party_model_paper,False,Post title and department are indexed from the public archive. The paper is not labelled official unless an official PPSC file is separately linked.,2026-07-16
278,Punjab Public Service Commission (PPSC),Data Entry Operator,Data Entry Operator,PPSC paper for: Data Entry Operator,Punjab Police Department,[],,,https://pacegkacademy.com/PPSC-Past-Paper-Question/278,https://pacegkacademy.com/PPSC-Past-Papers/6,candidate_recalled_or_third_party_model_paper,False,Post title and department are indexed from the public archive. The paper is not labelled official unless an official PPSC file is separately linked.,2026-07-16
187,Punjab Public Service Commission (PPSC),Data Entry Operator,Data Entry Operator,PPSC paper for: Data Entry Operator,Computer and Information Technology Department,[],,,https://pacegkacademy.com/PPSC-Past-Paper-Question/187,https://pacegkacademy.com/PPSC-Past-Papers/6,candidate_recalled_or_third_party_model_paper,False,Post title and department are indexed from the public archive. The paper is not labelled official unless an official PPSC file is separately linked.,2026-07-16
189,Punjab Public Service Commission (PPSC),Data Entry Operator,Data Entry Operator,PPSC paper for: Data Entry Operator,Computer and Information Technology Department,[],,,https://pacegkacademy.com/PPSC-Past-Paper-Question/189,https://pacegkacademy.com/PPSC-Past-Papers/6,candidate_recalled_or_third_party_model_paper,False,Post title and department are indexed from the public archive. The paper is not labelled official unless an official PPSC file is separately linked.,2026-07-16
188,Punjab Public Service Commission (PPSC),Data Entry Operator,Data Entry Operator,PPSC paper for: Data Entry Operator,Computer and Information Technology Department,[],,,https://pacegkacademy.com/PPSC-Past-Paper-Question/188,https://pacegkacademy.com/PPSC-Past-Papers/6,candidate_recalled_or_third_party_model_paper,False,Post title and department are indexed from the public archive. The paper is not labelled official unless an official PPSC file is separately linked.,2026-07-16
190,Punjab Public Service Commission (PPSC),Data Entry Operator,Data Entry Operator,PPSC paper for: Data Entry Operator,Computer and Information Technology Department,[],,,https://pacegkacademy.com/PPSC-Past-Paper-Question/190,https://pacegkacademy.com/PPSC-Past-Papers/6,candidate_recalled_or_third_party_model_paper,False,Post title and department are indexed from the public archive. The paper is not labelled official unless an official PPSC file is separately linked.,2026-07-16
186,Punjab Public Service Commission (PPSC),Computer Programmer/Data Control Officer,Computer Programmer/Data Control Officer,PPSC paper for: Computer Programmer/Data Control Officer,Computer and Information Technology Department,[],,,https://pacegkacademy.com/PPSC-Past-Paper-Question/186,https://pacegkacademy.com/PPSC-Past-Papers/6,candidate_recalled_or_third_party_model_paper,False,Post title and department are indexed from the public archive. The paper is not labelled official unless an official PPSC file is separately linked.,2026-07-16
13,Punjab Public Service Commission (PPSC),Combined Competitive Examination(PMS),Combined Competitive Examination(PMS),PPSC paper for: Combined Competitive Examination(PMS),Provincial Management Service(PMS) Department,[],,,https://pacegkacademy.com/PPSC-Past-Paper-Question/13,https://pacegkacademy.com/PPSC-Past-Papers/6,candidate_recalled_or_third_party_model_paper,False,Post title and department are indexed from the public archive. The paper is not labelled official unless an official PPSC file is separately linked.,2026-07-16
16,Punjab Public Service Commission (PPSC),Combined Competitive Examination(PMS),Combined Competitive Examination(PMS),PPSC paper for: Combined Competitive Examination(PMS),Provincial Management Service(PMS) Department,[],,,https://pacegkacademy.com/PPSC-Past-Paper-Question/16,https://pacegkacademy.com/PPSC-Past-Papers/6,candidate_recalled_or_third_party_model_paper,False,Post title and department are indexed from the public archive. The paper is not labelled official unless an official PPSC file is separately linked.,2026-07-16
348,Punjab Public Service Commission (PPSC),Combined Competitive Examination,Combined Competitive Examination,PPSC paper for: Combined Competitive Examination,Services and General Administration Department,[],,,https://pacegkacademy.com/PPSC-Past-Paper-Question/348,https://pacegkacademy.com/PPSC-Past-Papers/6,candidate_recalled_or_third_party_model_paper,False,Post title and department are indexed from the public archive. The paper is not labelled official unless an official PPSC file is separately linked.,2026-07-16
14,Punjab Public Service Commission (PPSC),Combined Competitive Examination,Combined Competitive Examination,PPSC paper for: Combined Competitive Examination,Provincial Management Service(PMS) Department,[],,,https://pacegkacademy.com/PPSC-Past-Paper-Question/14,https://pacegkacademy.com/PPSC-Past-Papers/6,candidate_recalled_or_third_party_model_paper,False,Post title and department are indexed from the public archive. The paper is not labelled official unless an official PPSC file is separately linked.,2026-07-16
379,Punjab Public Service Commission (PPSC),"Code-72 Deputy Secretary Controller of Examinations, Assistant Secretary, Assistant Controller of Examinations","Code-72 Deputy Secretary Controller of Examinations, Assistant Secretary, Assistant Controller of Examinations","PPSC paper for: Code-72 Deputy Secretary Controller of Examinations, Assistant Secretary, Assistant Controller of Examinations",Boards of Intermediate and Secondary Education Department,[],,,https://pacegkacademy.com/PPSC-Past-Paper-Question/379,https://pacegkacademy.com/PPSC-Past-Papers/6,candidate_recalled_or_third_party_model_paper,False,Post title and department are indexed from the public archive. The paper is not labelled official unless an official PPSC file is separately linked.,2026-07-16
336,Punjab Public Service Commission (PPSC),Code- 53 Assistant,Code- 53 Assistant,PPSC paper for: Code- 53 Assistant,Miscellaneous Department,[],,,https://pacegkacademy.com/PPSC-Past-Paper-Question/336,https://pacegkacademy.com/PPSC-Past-Papers/6,candidate_recalled_or_third_party_model_paper,False,Post title and department are indexed from the public archive. The paper is not labelled official unless an official PPSC file is separately linked.,2026-07-16
382,Punjab Public Service Commission (PPSC),Clubbed Case Canal Patwari Second Phase (Morning),Clubbed Case Canal Patwari Second Phase (Morning),PPSC paper for: Clubbed Case Canal Patwari Second Phase (Morning),Irrigation and Power Department,[],,,https://pacegkacademy.com/PPSC-Past-Paper-Question/382,https://pacegkacademy.com/PPSC-Past-Papers/6,candidate_recalled_or_third_party_model_paper,False,Post title and department are indexed from the public archive. The paper is not labelled official unless an official PPSC file is separately linked.,2026-07-16
383,Punjab Public Service Commission (PPSC),Clubbed Case Canal Patwari Second Phase (Evening),Clubbed Case Canal Patwari Second Phase (Evening),PPSC paper for: Clubbed Case Canal Patwari Second Phase (Evening),Irrigation and Power Department,[],,,https://pacegkacademy.com/PPSC-Past-Paper-Question/383,https://pacegkacademy.com/PPSC-Past-Papers/6,candidate_recalled_or_third_party_model_paper,False,Post title and department are indexed from the public archive. The paper is not labelled official unless an official PPSC file is separately linked.,2026-07-16
380,Punjab Public Service Commission (PPSC),Clubbed Case Canal Patwari First Phase (Morning),Clubbed Case Canal Patwari First Phase (Morning),PPSC paper for: Clubbed Case Canal Patwari First Phase (Morning),Irrigation and Power Department,[],,,https://pacegkacademy.com/PPSC-Past-Paper-Question/380,https://pacegkacademy.com/PPSC-Past-Papers/6,candidate_recalled_or_third_party_model_paper,False,Post title and department are indexed from the public archive. The paper is not labelled official unless an official PPSC file is separately linked.,2026-07-16
381,Punjab Public Service Commission (PPSC),Clubbed Case Canal Patwari First Phase (Evening),Clubbed Case Canal Patwari First Phase (Evening),PPSC paper for: Clubbed Case Canal Patwari First Phase (Evening),Irrigation and Power Department,[],,,https://pacegkacademy.com/PPSC-Past-Paper-Question/381,https://pacegkacademy.com/PPSC-Past-Papers/6,candidate_recalled_or_third_party_model_paper,False,Post title and department are indexed from the public archive. The paper is not labelled official unless an official PPSC file is separately linked.,2026-07-16
378,Punjab Public Service Commission (PPSC),Club-69 Assistant,Club-69 Assistant,PPSC paper for: Club-69 Assistant,Auqaf Department,[],,,https://pacegkacademy.com/PPSC-Past-Paper-Question/378,https://pacegkacademy.com/PPSC-Past-Papers/6,candidate_recalled_or_third_party_model_paper,False,Post title and department are indexed from the public archive. The paper is not labelled official unless an official PPSC file is separately linked.,2026-07-16
646,Punjab Public Service Commission (PPSC),Club Code-27,Club Code-27,PPSC paper for: Club Code-27,Miscellaneous Department,[],,,https://pacegkacademy.com/PPSC-Past-Paper-Question/646,https://pacegkacademy.com/PPSC-Past-Papers/6,candidate_recalled_or_third_party_model_paper,False,Post title and department are indexed from the public archive. The paper is not labelled official unless an official PPSC file is separately linked.,2026-07-16
153,Punjab Public Service Commission (PPSC),Chief of Section /Executive District Officer,Chief of Section /Executive District Officer,PPSC paper for: Chief of Section /Executive District Officer,"Finance, Audit and Accounts Department",[],,,https://pacegkacademy.com/PPSC-Past-Paper-Question/153,https://pacegkacademy.com/PPSC-Past-Papers/6,candidate_recalled_or_third_party_model_paper,False,Post title and department are indexed from the public archive. The paper is not labelled official unless an official PPSC file is separately linked.,2026-07-16
67,Punjab Public Service Commission (PPSC),Chief Warder,Chief Warder,PPSC paper for: Chief Warder,Punjab Prison/Jail Department,[],,,https://pacegkacademy.com/PPSC-Past-Paper-Question/67,https://pacegkacademy.com/PPSC-Past-Papers/6,candidate_recalled_or_third_party_model_paper,False,Post title and department are indexed from the public archive. The paper is not labelled official unless an official PPSC file is separately linked.,2026-07-16
76,Punjab Public Service Commission (PPSC),Chief Staff Officer,Chief Staff Officer,PPSC paper for: Chief Staff Officer,Civil Defence In the Punjab Home Department,[],,,https://pacegkacademy.com/PPSC-Past-Paper-Question/76,https://pacegkacademy.com/PPSC-Past-Papers/6,candidate_recalled_or_third_party_model_paper,False,Post title and department are indexed from the public archive. The paper is not labelled official unless an official PPSC file is separately linked.,2026-07-16
75,Punjab Public Service Commission (PPSC),Chief Staff Officer,Chief Staff Officer,PPSC paper for: Chief Staff Officer,Civil Defence In the Punjab Home Department,[],,,https://pacegkacademy.com/PPSC-Past-Paper-Question/75,https://pacegkacademy.com/PPSC-Past-Papers/6,candidate_recalled_or_third_party_model_paper,False,Post title and department are indexed from the public archive. The paper is not labelled official unless an official PPSC file is separately linked.,2026-07-16
74,Punjab Public Service Commission (PPSC),Chief Staff Officer,Chief Staff Officer,PPSC paper for: Chief Staff Officer,Civil Defence In the Punjab Home Department,[],,,https://pacegkacademy.com/PPSC-Past-Paper-Question/74,https://pacegkacademy.com/PPSC-Past-Papers/6,candidate_recalled_or_third_party_model_paper,False,Post title and department are indexed from the public archive. The paper is not labelled official unless an official PPSC file is separately linked.,2026-07-16
175,Punjab Public Service Commission (PPSC),Caretaker,Caretaker,PPSC paper for: Caretaker,Punjab Public Service Commission (PPSC) Department,[],,,https://pacegkacademy.com/PPSC-Past-Paper-Question/175,https://pacegkacademy.com/PPSC-Past-Papers/6,candidate_recalled_or_third_party_model_paper,False,Post title and department are indexed from the public archive. The paper is not labelled official unless an official PPSC file is separately linked.,2026-07-16
99,Punjab Public Service Commission (PPSC),Caretaker,Caretaker,PPSC paper for: Caretaker,Labour and Human Resource Department,[],,,https://pacegkacademy.com/PPSC-Past-Paper-Question/99,https://pacegkacademy.com/PPSC-Past-Papers/6,candidate_recalled_or_third_party_model_paper,False,Post title and department are indexed from the public archive. The paper is not labelled official unless an official PPSC file is separately linked.,2026-07-16
338,Punjab Public Service Commission (PPSC),CODE-41 Assistant,CODE-41 Assistant,PPSC paper for: CODE-41 Assistant,"Industries, Commerce, Investment & Skills Development Department",[],,,https://pacegkacademy.com/PPSC-Past-Paper-Question/338,https://pacegkacademy.com/PPSC-Past-Papers/6,candidate_recalled_or_third_party_model_paper,False,Post title and department are indexed from the public archive. The paper is not labelled official unless an official PPSC file is separately linked.,2026-07-16
174,Punjab Public Service Commission (PPSC),Branch Officer,Branch Officer,PPSC paper for: Branch Officer,Punjab Public Service Commission (PPSC) Department,[],,,https://pacegkacademy.com/PPSC-Past-Paper-Question/174,https://pacegkacademy.com/PPSC-Past-Papers/6,candidate_recalled_or_third_party_model_paper,False,Post title and department are indexed from the public archive. The paper is not labelled official unless an official PPSC file is separately linked.,2026-07-16
158,Punjab Public Service Commission (PPSC),Auditor,Auditor,PPSC paper for: Auditor,"Finance, Audit and Accounts Department",[],,,https://pacegkacademy.com/PPSC-Past-Paper-Question/158,https://pacegkacademy.com/PPSC-Past-Papers/6,candidate_recalled_or_third_party_model_paper,False,Post title and department are indexed from the public archive. The paper is not labelled official unless an official PPSC file is separately linked.,2026-07-16
241,Punjab Public Service Commission (PPSC),Assitant/ Head Clerk,Assitant/ Head Clerk,PPSC paper for: Assitant/ Head Clerk,Livestock & Dairy Development Department,[],,,https://pacegkacademy.com/PPSC-Past-Paper-Question/241,https://pacegkacademy.com/PPSC-Past-Papers/6,candidate_recalled_or_third_party_model_paper,False,Post title and department are indexed from the public archive. The paper is not labelled official unless an official PPSC file is separately linked.,2026-07-16
372,Punjab Public Service Commission (PPSC),Assistant professor urdu,Assistant professor urdu,PPSC paper for: Assistant professor urdu,Education Department,[],,,https://pacegkacademy.com/PPSC-Past-Paper-Question/372,https://pacegkacademy.com/PPSC-Past-Papers/6,candidate_recalled_or_third_party_model_paper,False,Post title and department are indexed from the public archive. The paper is not labelled official unless an official PPSC file is separately linked.,2026-07-16
64,Punjab Public Service Commission (PPSC),Assistant Superintendent Jail (Female),Assistant Superintendent Jail (Female),PPSC paper for: Assistant Superintendent Jail (Female),Punjab Prison/Jail Department,[],,,https://pacegkacademy.com/PPSC-Past-Paper-Question/64,https://pacegkacademy.com/PPSC-Past-Papers/6,candidate_recalled_or_third_party_model_paper,False,Post title and department are indexed from the public archive. The paper is not labelled official unless an official PPSC file is separately linked.,2026-07-16
62,Punjab Public Service Commission (PPSC),Assistant Superintendent Jail,Assistant Superintendent Jail,PPSC paper for: Assistant Superintendent Jail,Punjab Prison/Jail Department,[],,,https://pacegkacademy.com/PPSC-Past-Paper-Question/62,https://pacegkacademy.com/PPSC-Past-Papers/6,candidate_recalled_or_third_party_model_paper,False,Post title and department are indexed from the public archive. The paper is not labelled official unless an official PPSC file is separately linked.,2026-07-16
63,Punjab Public Service Commission (PPSC),Assistant Superintendent Jail,Assistant Superintendent Jail,PPSC paper for: Assistant Superintendent Jail,Punjab Prison/Jail Department,[],,,https://pacegkacademy.com/PPSC-Past-Paper-Question/63,https://pacegkacademy.com/PPSC-Past-Papers/6,candidate_recalled_or_third_party_model_paper,False,Post title and department are indexed from the public archive. The paper is not labelled official unless an official PPSC file is separately linked.,2026-07-16
65,Punjab Public Service Commission (PPSC),Assistant Superintendent Jail,Assistant Superintendent Jail,PPSC paper for: Assistant Superintendent Jail,Punjab Prison/Jail Department,[],,,https://pacegkacademy.com/PPSC-Past-Paper-Question/65,https://pacegkacademy.com/PPSC-Past-Papers/6,candidate_recalled_or_third_party_model_paper,False,Post title and department are indexed from the public archive. The paper is not labelled official unless an official PPSC file is separately linked.,2026-07-16
66,Punjab Public Service Commission (PPSC),Assistant Superintendent Jail,Assistant Superintendent Jail,PPSC paper for: Assistant Superintendent Jail,Punjab Prison/Jail Department,[],,,https://pacegkacademy.com/PPSC-Past-Paper-Question/66,https://pacegkacademy.com/PPSC-Past-Papers/6,candidate_recalled_or_third_party_model_paper,False,Post title and department are indexed from the public archive. The paper is not labelled official unless an official PPSC file is separately linked.,2026-07-16
494,Punjab Public Service Commission (PPSC),Assistant Superintendent / Deputy Superintendent Jail (GK),Assistant Superintendent / Deputy Superintendent Jail (GK),PPSC paper for: Assistant Superintendent / Deputy Superintendent Jail (GK),Punjab Prison/Jail Department,[],,,https://pacegkacademy.com/PPSC-Past-Paper-Question/494,https://pacegkacademy.com/PPSC-Past-Papers/6,candidate_recalled_or_third_party_model_paper,False,Post title and department are indexed from the public archive. The paper is not labelled official unless an official PPSC file is separately linked.,2026-07-16
50,Punjab Public Service Commission (PPSC),Assistant Sub-Inspector in (S& GAD),Assistant Sub-Inspector in (S& GAD),PPSC paper for: Assistant Sub-Inspector in (S& GAD),Anti Corruption Establishment Department,[],,,https://pacegkacademy.com/PPSC-Past-Paper-Question/50,https://pacegkacademy.com/PPSC-Past-Papers/6,candidate_recalled_or_third_party_model_paper,False,Post title and department are indexed from the public archive. The paper is not labelled official unless an official PPSC file is separately linked.,2026-07-16
31,Punjab Public Service Commission (PPSC),Assistant Sub-Inspector (Service Quota)),Assistant Sub-Inspector (Service Quota)),PPSC paper for: Assistant Sub-Inspector (Service Quota)),Punjab Police Department,[],,,https://pacegkacademy.com/PPSC-Past-Paper-Question/31,https://pacegkacademy.com/PPSC-Past-Papers/6,candidate_recalled_or_third_party_model_paper,False,Post title and department are indexed from the public archive. The paper is not labelled official unless an official PPSC file is separately linked.,2026-07-16
30,Punjab Public Service Commission (PPSC),Assistant Sub-Inspector,Assistant Sub-Inspector,PPSC paper for: Assistant Sub-Inspector,Punjab Police Department,[],,,https://pacegkacademy.com/PPSC-Past-Paper-Question/30,https://pacegkacademy.com/PPSC-Past-Papers/6,candidate_recalled_or_third_party_model_paper,False,Post title and department are indexed from the public archive. The paper is not labelled official unless an official PPSC file is separately linked.,2026-07-16
32,Punjab Public Service Commission (PPSC),Assistant Sub-Inspector,Assistant Sub-Inspector,PPSC paper for: Assistant Sub-Inspector,Punjab Police Department,[],,,https://pacegkacademy.com/PPSC-Past-Paper-Question/32,https://pacegkacademy.com/PPSC-Past-Papers/6,candidate_recalled_or_third_party_model_paper,False,Post title and department are indexed from the public archive. The paper is not labelled official unless an official PPSC file is separately linked.,2026-07-16
49,Punjab Public Service Commission (PPSC),Assistant Sub-Inspector,Assistant Sub-Inspector,PPSC paper for: Assistant Sub-Inspector,Anti Corruption Establishment Department,[],,,https://pacegkacademy.com/PPSC-Past-Paper-Question/49,https://pacegkacademy.com/PPSC-Past-Papers/6,candidate_recalled_or_third_party_model_paper,False,Post title and department are indexed from the public archive. The paper is not labelled official unless an official PPSC file is separately linked.,2026-07-16
33,Punjab Public Service Commission (PPSC),Assistant Sub-Inspector,Assistant Sub-Inspector,PPSC paper for: Assistant Sub-Inspector,Punjab Police Department,[],,,https://pacegkacademy.com/PPSC-Past-Paper-Question/33,https://pacegkacademy.com/PPSC-Past-Papers/6,candidate_recalled_or_third_party_model_paper,False,Post title and department are indexed from the public archive. The paper is not labelled official unless an official PPSC file is separately linked.,2026-07-16
34,Punjab Public Service Commission (PPSC),Assistant Sub-Inspector,Assistant Sub-Inspector,PPSC paper for: Assistant Sub-Inspector,Punjab Police Department,[],,,https://pacegkacademy.com/PPSC-Past-Paper-Question/34,https://pacegkacademy.com/PPSC-Past-Papers/6,candidate_recalled_or_third_party_model_paper,False,Post title and department are indexed from the public archive. The paper is not labelled official unless an official PPSC file is separately linked.,2026-07-16
35,Punjab Public Service Commission (PPSC),Assistant Sub-Inspector,Assistant Sub-Inspector,PPSC paper for: Assistant Sub-Inspector,Punjab Police Department,[],,,https://pacegkacademy.com/PPSC-Past-Paper-Question/35,https://pacegkacademy.com/PPSC-Past-Papers/6,candidate_recalled_or_third_party_model_paper,False,Post title and department are indexed from the public archive. The paper is not labelled official unless an official PPSC file is separately linked.,2026-07-16
37,Punjab Public Service Commission (PPSC),Assistant Sub-Inspector,Assistant Sub-Inspector,PPSC paper for: Assistant Sub-Inspector,Punjab Police Department,[],,,https://pacegkacademy.com/PPSC-Past-Paper-Question/37,https://pacegkacademy.com/PPSC-Past-Papers/6,candidate_recalled_or_third_party_model_paper,False,Post title and department are indexed from the public archive. The paper is not labelled official unless an official PPSC file is separately linked.,2026-07-16
36,Punjab Public Service Commission (PPSC),Assistant Sub-Inspector,Assistant Sub-Inspector,PPSC paper for: Assistant Sub-Inspector,Punjab Police Department,[],,,https://pacegkacademy.com/PPSC-Past-Paper-Question/36,https://pacegkacademy.com/PPSC-Past-Papers/6,candidate_recalled_or_third_party_model_paper,False,Post title and department are indexed from the public archive. The paper is not labelled official unless an official PPSC file is separately linked.,2026-07-16
38,Punjab Public Service Commission (PPSC),Assistant Sub-Inspector,Assistant Sub-Inspector,PPSC paper for: Assistant Sub-Inspector,Punjab Police Department,[],,,https://pacegkacademy.com/PPSC-Past-Paper-Question/38,https://pacegkacademy.com/PPSC-Past-Papers/6,candidate_recalled_or_third_party_model_paper,False,Post title and department are indexed from the public archive. The paper is not labelled official unless an official PPSC file is separately linked.,2026-07-16
39,Punjab Public Service Commission (PPSC),Assistant Sub-Inspector,Assistant Sub-Inspector,PPSC paper for: Assistant Sub-Inspector,Punjab Police Department,[],,,https://pacegkacademy.com/PPSC-Past-Paper-Question/39,https://pacegkacademy.com/PPSC-Past-Papers/6,candidate_recalled_or_third_party_model_paper,False,Post title and department are indexed from the public archive. The paper is not labelled official unless an official PPSC file is separately linked.,2026-07-16
40,Punjab Public Service Commission (PPSC),Assistant Sub-Inspector,Assistant Sub-Inspector,PPSC paper for: Assistant Sub-Inspector,Punjab Police Department,[],,,https://pacegkacademy.com/PPSC-Past-Paper-Question/40,https://pacegkacademy.com/PPSC-Past-Papers/6,candidate_recalled_or_third_party_model_paper,False,Post title and department are indexed from the public archive. The paper is not labelled official unless an official PPSC file is separately linked.,2026-07-16
258,Punjab Public Service Commission (PPSC),Assistant Sub Inspector (Service Quota),Assistant Sub Inspector (Service Quota),PPSC paper for: Assistant Sub Inspector (Service Quota),Punjab Police Department,[],,,https://pacegkacademy.com/PPSC-Past-Paper-Question/258,https://pacegkacademy.com/PPSC-Past-Papers/6,candidate_recalled_or_third_party_model_paper,False,Post title and department are indexed from the public archive. The paper is not labelled official unless an official PPSC file is separately linked.,2026-07-16
299,Punjab Public Service Commission (PPSC),Assistant Sub Inspector,Assistant Sub Inspector,PPSC paper for: Assistant Sub Inspector,Anti Corruption Establishment Department,[],,,https://pacegkacademy.com/PPSC-Past-Paper-Question/299,https://pacegkacademy.com/PPSC-Past-Papers/6,candidate_recalled_or_third_party_model_paper,False,Post title and department are indexed from the public archive. The paper is not labelled official unless an official PPSC file is separately linked.,2026-07-16
298,Punjab Public Service Commission (PPSC),Assistant Sub Inspector,Assistant Sub Inspector,PPSC paper for: Assistant Sub Inspector,Anti Corruption Establishment Department,[],,,https://pacegkacademy.com/PPSC-Past-Paper-Question/298,https://pacegkacademy.com/PPSC-Past-Papers/6,candidate_recalled_or_third_party_model_paper,False,Post title and department are indexed from the public archive. The paper is not labelled official unless an official PPSC file is separately linked.,2026-07-16
82,Punjab Public Service Commission (PPSC),Assistant Registrar,Assistant Registrar,PPSC paper for: Assistant Registrar,Punjab Cooperatives Department,[],,,https://pacegkacademy.com/PPSC-Past-Paper-Question/82,https://pacegkacademy.com/PPSC-Past-Papers/6,candidate_recalled_or_third_party_model_paper,False,Post title and department are indexed from the public archive. The paper is not labelled official unless an official PPSC file is separately linked.,2026-07-16
85,Punjab Public Service Commission (PPSC),Assistant Registrar,Assistant Registrar,PPSC paper for: Assistant Registrar,Punjab Cooperatives Department,[],,,https://pacegkacademy.com/PPSC-Past-Paper-Question/85,https://pacegkacademy.com/PPSC-Past-Papers/6,candidate_recalled_or_third_party_model_paper,False,Post title and department are indexed from the public archive. The paper is not labelled official unless an official PPSC file is separately linked.,2026-07-16
84,Punjab Public Service Commission (PPSC),Assistant Registrar,Assistant Registrar,PPSC paper for: Assistant Registrar,Punjab Cooperatives Department,[],,,https://pacegkacademy.com/PPSC-Past-Paper-Question/84,https://pacegkacademy.com/PPSC-Past-Papers/6,candidate_recalled_or_third_party_model_paper,False,Post title and department are indexed from the public archive. The paper is not labelled official unless an official PPSC file is separately linked.,2026-07-16
83,Punjab Public Service Commission (PPSC),Assistant Registrar,Assistant Registrar,PPSC paper for: Assistant Registrar,Punjab Cooperatives Department,[],,,https://pacegkacademy.com/PPSC-Past-Paper-Question/83,https://pacegkacademy.com/PPSC-Past-Papers/6,candidate_recalled_or_third_party_model_paper,False,Post title and department are indexed from the public archive. The paper is not labelled official unless an official PPSC file is separately linked.,2026-07-16
169,Punjab Public Service Commission (PPSC),Assistant Protocol Officer,Assistant Protocol Officer,PPSC paper for: Assistant Protocol Officer,Services and General Administration Department,[],,,https://pacegkacademy.com/PPSC-Past-Paper-Question/169,https://pacegkacademy.com/PPSC-Past-Papers/6,candidate_recalled_or_third_party_model_paper,False,Post title and department are indexed from the public archive. The paper is not labelled official unless an official PPSC file is separately linked.,2026-07-16
206,Punjab Public Service Commission (PPSC),Assistant Professor Urdu,Assistant Professor Urdu,PPSC paper for: Assistant Professor Urdu,Education Department,[],,,https://pacegkacademy.com/PPSC-Past-Paper-Question/206,https://pacegkacademy.com/PPSC-Past-Papers/6,candidate_recalled_or_third_party_model_paper,False,Post title and department are indexed from the public archive. The paper is not labelled official unless an official PPSC file is separately linked.,2026-07-16
191,Punjab Public Service Commission (PPSC),Assistant Professor Pakistan Studies,Assistant Professor Pakistan Studies,PPSC paper for: Assistant Professor Pakistan Studies,Education Department,[],,,https://pacegkacademy.com/PPSC-Past-Paper-Question/191,https://pacegkacademy.com/PPSC-Past-Papers/6,candidate_recalled_or_third_party_model_paper,False,Post title and department are indexed from the public archive. The paper is not labelled official unless an official PPSC file is separately linked.,2026-07-16
195,Punjab Public Service Commission (PPSC),Assistant Professor History,Assistant Professor History,PPSC paper for: Assistant Professor History,Education Department,[],,,https://pacegkacademy.com/PPSC-Past-Paper-Question/195,https://pacegkacademy.com/PPSC-Past-Papers/6,candidate_recalled_or_third_party_model_paper,False,Post title and department are indexed from the public archive. The paper is not labelled official unless an official PPSC file is separately linked.,2026-07-16
342,Punjab Public Service Commission (PPSC),Assistant Food Controller,Assistant Food Controller,PPSC paper for: Assistant Food Controller,Punjab Food Authority Department,[],,,https://pacegkacademy.com/PPSC-Past-Paper-Question/342,https://pacegkacademy.com/PPSC-Past-Papers/6,candidate_recalled_or_third_party_model_paper,False,Post title and department are indexed from the public archive. The paper is not labelled official unless an official PPSC file is separately linked.,2026-07-16
127,Punjab Public Service Commission (PPSC),Assistant Food Controller,Assistant Food Controller,PPSC paper for: Assistant Food Controller,Punjab Food Authority Department,[],,,https://pacegkacademy.com/PPSC-Past-Paper-Question/127,https://pacegkacademy.com/PPSC-Past-Papers/6,candidate_recalled_or_third_party_model_paper,False,Post title and department are indexed from the public archive. The paper is not labelled official unless an official PPSC file is separately linked.,2026-07-16
128,Punjab Public Service Commission (PPSC),Assistant Food Controller,Assistant Food Controller,PPSC paper for: Assistant Food Controller,Punjab Food Authority Department,[],,,https://pacegkacademy.com/PPSC-Past-Paper-Question/128,https://pacegkacademy.com/PPSC-Past-Papers/6,candidate_recalled_or_third_party_model_paper,False,Post title and department are indexed from the public archive. The paper is not labelled official unless an official PPSC file is separately linked.,2026-07-16
131,Punjab Public Service Commission (PPSC),Assistant Food Controller,Assistant Food Controller,PPSC paper for: Assistant Food Controller,Punjab Food Authority Department,[],,,https://pacegkacademy.com/PPSC-Past-Paper-Question/131,https://pacegkacademy.com/PPSC-Past-Papers/6,candidate_recalled_or_third_party_model_paper,False,Post title and department are indexed from the public archive. The paper is not labelled official unless an official PPSC file is separately linked.,2026-07-16
130,Punjab Public Service Commission (PPSC),Assistant Food Controller,Assistant Food Controller,PPSC paper for: Assistant Food Controller,Punjab Food Authority Department,[],,,https://pacegkacademy.com/PPSC-Past-Paper-Question/130,https://pacegkacademy.com/PPSC-Past-Papers/6,candidate_recalled_or_third_party_model_paper,False,Post title and department are indexed from the public archive. The paper is not labelled official unless an official PPSC file is separately linked.,2026-07-16
129,Punjab Public Service Commission (PPSC),Assistant Food Controller,Assistant Food Controller,PPSC paper for: Assistant Food Controller,Punjab Food Authority Department,[],,,https://pacegkacademy.com/PPSC-Past-Paper-Question/129,https://pacegkacademy.com/PPSC-Past-Papers/6,candidate_recalled_or_third_party_model_paper,False,Post title and department are indexed from the public archive. The paper is not labelled official unless an official PPSC file is separately linked.,2026-07-16
346,Punjab Public Service Commission (PPSC),Assistant Director Revenue,Assistant Director Revenue,PPSC paper for: Assistant Director Revenue,Board of Revenue Department,[],,,https://pacegkacademy.com/PPSC-Past-Paper-Question/346,https://pacegkacademy.com/PPSC-Past-Papers/6,candidate_recalled_or_third_party_model_paper,False,Post title and department are indexed from the public archive. The paper is not labelled official unless an official PPSC file is separately linked.,2026-07-16
305,Punjab Public Service Commission (PPSC),Assistant Director Processing,Assistant Director Processing,PPSC paper for: Assistant Director Processing,Punjab Agriculture Department,[],,,https://pacegkacademy.com/PPSC-Past-Paper-Question/305,https://pacegkacademy.com/PPSC-Past-Papers/6,candidate_recalled_or_third_party_model_paper,False,Post title and department are indexed from the public archive. The paper is not labelled official unless an official PPSC file is separately linked.,2026-07-16
163,Punjab Public Service Commission (PPSC),Assistant Director Planning,Assistant Director Planning,PPSC paper for: Assistant Director Planning,Planning and Development Department,[],,,https://pacegkacademy.com/PPSC-Past-Paper-Question/163,https://pacegkacademy.com/PPSC-Past-Papers/6,candidate_recalled_or_third_party_model_paper,False,Post title and department are indexed from the public archive. The paper is not labelled official unless an official PPSC file is separately linked.,2026-07-16
335,Punjab Public Service Commission (PPSC),Assistant Director Labour Welfare,Assistant Director Labour Welfare,PPSC paper for: Assistant Director Labour Welfare,Labour and Human Resource Department,[],,,https://pacegkacademy.com/PPSC-Past-Paper-Question/335,https://pacegkacademy.com/PPSC-Past-Papers/6,candidate_recalled_or_third_party_model_paper,False,Post title and department are indexed from the public archive. The paper is not labelled official unless an official PPSC file is separately linked.,2026-07-16
337,Punjab Public Service Commission (PPSC),Assistant Director Intelligence,Assistant Director Intelligence,PPSC paper for: Assistant Director Intelligence,Punjab Police Department,[],,,https://pacegkacademy.com/PPSC-Past-Paper-Question/337,https://pacegkacademy.com/PPSC-Past-Papers/6,candidate_recalled_or_third_party_model_paper,False,Post title and department are indexed from the public archive. The paper is not labelled official unless an official PPSC file is separately linked.,2026-07-16
270,Punjab Public Service Commission (PPSC),Assistant Director Administration,Assistant Director Administration,PPSC paper for: Assistant Director Administration,Planning and Development Department,[],,,https://pacegkacademy.com/PPSC-Past-Paper-Question/270,https://pacegkacademy.com/PPSC-Past-Papers/6,candidate_recalled_or_third_party_model_paper,False,Post title and department are indexed from the public archive. The paper is not labelled official unless an official PPSC file is separately linked.,2026-07-16
221,Punjab Public Service Commission (PPSC),Assistant Director Admin/General Transport,Assistant Director Admin/General Transport,PPSC paper for: Assistant Director Admin/General Transport,Miscellaneous Department,[],,,https://pacegkacademy.com/PPSC-Past-Paper-Question/221,https://pacegkacademy.com/PPSC-Past-Papers/6,candidate_recalled_or_third_party_model_paper,False,Post title and department are indexed from the public archive. The paper is not labelled official unless an official PPSC file is separately linked.,2026-07-16
345,Punjab Public Service Commission (PPSC),Assistant Director Accounts / Budget and Accounts Officer / Accounts Officer / Audit Officer,Assistant Director Accounts / Budget and Accounts Officer / Accounts Officer / Audit Officer,PPSC paper for: Assistant Director Accounts / Budget and Accounts Officer / Accounts Officer / Audit Officer,"Finance, Audit and Accounts Department",[],,,https://pacegkacademy.com/PPSC-Past-Paper-Question/345,https://pacegkacademy.com/PPSC-Past-Papers/6,candidate_recalled_or_third_party_model_paper,False,Post title and department are indexed from the public archive. The paper is not labelled official unless an official PPSC file is separately linked.,2026-07-16
300,Punjab Public Service Commission (PPSC),Assistant Director (Investigation),Assistant Director (Investigation),PPSC paper for: Assistant Director (Investigation),Anti Corruption Establishment Department,[],,,https://pacegkacademy.com/PPSC-Past-Paper-Question/300,https://pacegkacademy.com/PPSC-Past-Papers/6,candidate_recalled_or_third_party_model_paper,False,Post title and department are indexed from the public archive. The paper is not labelled official unless an official PPSC file is separately linked.,2026-07-16
46,Punjab Public Service Commission (PPSC),Assistant Director (Investigation),Assistant Director (Investigation),PPSC paper for: Assistant Director (Investigation),Anti Corruption Establishment Department,[],,,https://pacegkacademy.com/PPSC-Past-Paper-Question/46,https://pacegkacademy.com/PPSC-Past-Papers/6,candidate_recalled_or_third_party_model_paper,False,Post title and department are indexed from the public archive. The paper is not labelled official unless an official PPSC file is separately linked.,2026-07-16
479,Punjab Public Service Commission (PPSC),Assistant Director (HR and ADMIN) BS-17,Assistant Director (HR and ADMIN) BS-17,PPSC paper for: Assistant Director (HR and ADMIN) BS-17,"Punjab Council of the arts, Information and Culture Department Department",[17],,,https://pacegkacademy.com/PPSC-Past-Paper-Question/479,https://pacegkacademy.com/PPSC-Past-Papers/6,candidate_recalled_or_third_party_model_paper,False,Post title and department are indexed from the public archive. The paper is not labelled official unless an official PPSC file is separately linked.,2026-07-16
240,Punjab Public Service Commission (PPSC),Assistant Director,Assistant Director,PPSC paper for: Assistant Director,Civil Defence In the Punjab Home Department,[],,,https://pacegkacademy.com/PPSC-Past-Paper-Question/240,https://pacegkacademy.com/PPSC-Past-Papers/6,candidate_recalled_or_third_party_model_paper,False,Post title and department are indexed from the public archive. The paper is not labelled official unless an official PPSC file is separately linked.,2026-07-16
293,Punjab Public Service Commission (PPSC),Assistant Director,Assistant Director,PPSC paper for: Assistant Director,Local Government Department,[],,,https://pacegkacademy.com/PPSC-Past-Paper-Question/293,https://pacegkacademy.com/PPSC-Past-Papers/6,candidate_recalled_or_third_party_model_paper,False,Post title and department are indexed from the public archive. The paper is not labelled official unless an official PPSC file is separately linked.,2026-07-16
277,Punjab Public Service Commission (PPSC),Assistant Director,Assistant Director,PPSC paper for: Assistant Director,Punjab Public Service Commission (PPSC) Department,[],,,https://pacegkacademy.com/PPSC-Past-Paper-Question/277,https://pacegkacademy.com/PPSC-Past-Papers/6,candidate_recalled_or_third_party_model_paper,False,Post title and department are indexed from the public archive. The paper is not labelled official unless an official PPSC file is separately linked.,2026-07-16
120,Punjab Public Service Commission (PPSC),Assistant Director,Assistant Director,PPSC paper for: Assistant Director,Punjab Population Welfare Department,[],,,https://pacegkacademy.com/PPSC-Past-Paper-Question/120,https://pacegkacademy.com/PPSC-Past-Papers/6,candidate_recalled_or_third_party_model_paper,False,Post title and department are indexed from the public archive. The paper is not labelled official unless an official PPSC file is separately linked.,2026-07-16
95,Punjab Public Service Commission (PPSC),Assistant Director,Assistant Director,PPSC paper for: Assistant Director,Labour and Human Resource Department,[],,,https://pacegkacademy.com/PPSC-Past-Paper-Question/95,https://pacegkacademy.com/PPSC-Past-Papers/6,candidate_recalled_or_third_party_model_paper,False,Post title and department are indexed from the public archive. The paper is not labelled official unless an official PPSC file is separately linked.,2026-07-16
149,Punjab Public Service Commission (PPSC),Assistant Director,Assistant Director,PPSC paper for: Assistant Director,Land Record Authority Department,[],,,https://pacegkacademy.com/PPSC-Past-Paper-Question/149,https://pacegkacademy.com/PPSC-Past-Papers/6,candidate_recalled_or_third_party_model_paper,False,Post title and department are indexed from the public archive. The paper is not labelled official unless an official PPSC file is separately linked.,2026-07-16
147,Punjab Public Service Commission (PPSC),Assistant Director,Assistant Director,PPSC paper for: Assistant Director,Local Government Department,[],,,https://pacegkacademy.com/PPSC-Past-Paper-Question/147,https://pacegkacademy.com/PPSC-Past-Papers/6,candidate_recalled_or_third_party_model_paper,False,Post title and department are indexed from the public archive. The paper is not labelled official unless an official PPSC file is separately linked.,2026-07-16
121,Punjab Public Service Commission (PPSC),Assistant Director,Assistant Director,PPSC paper for: Assistant Director,Punjab Population Welfare Department,[],,,https://pacegkacademy.com/PPSC-Past-Paper-Question/121,https://pacegkacademy.com/PPSC-Past-Papers/6,candidate_recalled_or_third_party_model_paper,False,Post title and department are indexed from the public archive. The paper is not labelled official unless an official PPSC file is separately linked.,2026-07-16
96,Punjab Public Service Commission (PPSC),Assistant Director,Assistant Director,PPSC paper for: Assistant Director,Labour and Human Resource Department,[],,,https://pacegkacademy.com/PPSC-Past-Paper-Question/96,https://pacegkacademy.com/PPSC-Past-Papers/6,candidate_recalled_or_third_party_model_paper,False,Post title and department are indexed from the public archive. The paper is not labelled official unless an official PPSC file is separately linked.,2026-07-16
148,Punjab Public Service Commission (PPSC),Assistant Director,Assistant Director,PPSC paper for: Assistant Director,Local Government Department,[],,,https://pacegkacademy.com/PPSC-Past-Paper-Question/148,https://pacegkacademy.com/PPSC-Past-Papers/6,candidate_recalled_or_third_party_model_paper,False,Post title and department are indexed from the public archive. The paper is not labelled official unless an official PPSC file is separately linked.,2026-07-16
97,Punjab Public Service Commission (PPSC),Assistant Director,Assistant Director,PPSC paper for: Assistant Director,Labour and Human Resource Department,[],,,https://pacegkacademy.com/PPSC-Past-Paper-Question/97,https://pacegkacademy.com/PPSC-Past-Papers/6,candidate_recalled_or_third_party_model_paper,False,Post title and department are indexed from the public archive. The paper is not labelled official unless an official PPSC file is separately linked.,2026-07-16
150,Punjab Public Service Commission (PPSC),Assistant Director,Assistant Director,PPSC paper for: Assistant Director,Land Record Authority Department,[],,,https://pacegkacademy.com/PPSC-Past-Paper-Question/150,https://pacegkacademy.com/PPSC-Past-Papers/6,candidate_recalled_or_third_party_model_paper,False,Post title and department are indexed from the public archive. The paper is not labelled official unless an official PPSC file is separately linked.,2026-07-16
98,Punjab Public Service Commission (PPSC),Assistant Director,Assistant Director,PPSC paper for: Assistant Director,Labour and Human Resource Department,[],,,https://pacegkacademy.com/PPSC-Past-Paper-Question/98,https://pacegkacademy.com/PPSC-Past-Papers/6,candidate_recalled_or_third_party_model_paper,False,Post title and department are indexed from the public archive. The paper is not labelled official unless an official PPSC file is separately linked.,2026-07-16
341,Punjab Public Service Commission (PPSC),Assistant Administrative Officer,Assistant Administrative Officer,PPSC paper for: Assistant Administrative Officer,Information & Culture (Punjab Council of the Arts) Department,[],,,https://pacegkacademy.com/PPSC-Past-Paper-Question/341,https://pacegkacademy.com/PPSC-Past-Papers/6,candidate_recalled_or_third_party_model_paper,False,Post title and department are indexed from the public archive. The paper is not labelled official unless an official PPSC file is separately linked.,2026-07-16
231,Punjab Public Service Commission (PPSC),Assistant (Ext) AH,Assistant (Ext) AH,PPSC paper for: Assistant (Ext) AH,Miscellaneous Department,[],,,https://pacegkacademy.com/PPSC-Past-Paper-Question/231,https://pacegkacademy.com/PPSC-Past-Papers/6,candidate_recalled_or_third_party_model_paper,False,Post title and department are indexed from the public archive. The paper is not labelled official unless an official PPSC file is separately linked.,2026-07-16
232,Punjab Public Service Commission (PPSC),Assistant (Ext) AH,Assistant (Ext) AH,PPSC paper for: Assistant (Ext) AH,Miscellaneous Department,[],,,https://pacegkacademy.com/PPSC-Past-Paper-Question/232,https://pacegkacademy.com/PPSC-Past-Papers/6,candidate_recalled_or_third_party_model_paper,False,Post title and department are indexed from the public archive. The paper is not labelled official unless an official PPSC file is separately linked.,2026-07-16
269,Punjab Public Service Commission (PPSC),Assistant,Assistant,PPSC paper for: Assistant,Education Department,[],,,https://pacegkacademy.com/PPSC-Past-Paper-Question/269,https://pacegkacademy.com/PPSC-Past-Papers/6,candidate_recalled_or_third_party_model_paper,False,Post title and department are indexed from the public archive. The paper is not labelled official unless an official PPSC file is separately linked.,2026-07-16
248,Punjab Public Service Commission (PPSC),Assistant,Assistant,PPSC paper for: Assistant,"Industries, Commerce, Investment & Skills Development Department",[],,,https://pacegkacademy.com/PPSC-Past-Paper-Question/248,https://pacegkacademy.com/PPSC-Past-Papers/6,candidate_recalled_or_third_party_model_paper,False,Post title and department are indexed from the public archive. The paper is not labelled official unless an official PPSC file is separately linked.,2026-07-16
246,Punjab Public Service Commission (PPSC),Assistant,Assistant,PPSC paper for: Assistant,Center for Professional Development of Public Prosecutors Department,[],,,https://pacegkacademy.com/PPSC-Past-Paper-Question/246,https://pacegkacademy.com/PPSC-Past-Papers/6,candidate_recalled_or_third_party_model_paper,False,Post title and department are indexed from the public archive. The paper is not labelled official unless an official PPSC file is separately linked.,2026-07-16
245,Punjab Public Service Commission (PPSC),Assistant,Assistant,PPSC paper for: Assistant,Punjab Public Service Commission (PPSC) Department,[],,,https://pacegkacademy.com/PPSC-Past-Paper-Question/245,https://pacegkacademy.com/PPSC-Past-Papers/6,candidate_recalled_or_third_party_model_paper,False,Post title and department are indexed from the public archive. The paper is not labelled official unless an official PPSC file is separately linked.,2026-07-16
244,Punjab Public Service Commission (PPSC),Assistant,Assistant,PPSC paper for: Assistant,Services and General Administration Department,[],,,https://pacegkacademy.com/PPSC-Past-Paper-Question/244,https://pacegkacademy.com/PPSC-Past-Papers/6,candidate_recalled_or_third_party_model_paper,False,Post title and department are indexed from the public archive. The paper is not labelled official unless an official PPSC file is separately linked.,2026-07-16
243,Punjab Public Service Commission (PPSC),Assistant,Assistant,PPSC paper for: Assistant,Punjab Employees Social Security Institution (PESSI) Department,[],,,https://pacegkacademy.com/PPSC-Past-Paper-Question/243,https://pacegkacademy.com/PPSC-Past-Papers/6,candidate_recalled_or_third_party_model_paper,False,Post title and department are indexed from the public archive. The paper is not labelled official unless an official PPSC file is separately linked.,2026-07-16
275,Punjab Public Service Commission (PPSC),Assistant,Assistant,PPSC paper for: Assistant,Board of Revenue Department,[],,,https://pacegkacademy.com/PPSC-Past-Paper-Question/275,https://pacegkacademy.com/PPSC-Past-Papers/6,candidate_recalled_or_third_party_model_paper,False,Post title and department are indexed from the public archive. The paper is not labelled official unless an official PPSC file is separately linked.,2026-07-16
274,Punjab Public Service Commission (PPSC),Assistant,Assistant,PPSC paper for: Assistant,Planning and Development Department,[],,,https://pacegkacademy.com/PPSC-Past-Paper-Question/274,https://pacegkacademy.com/PPSC-Past-Papers/6,candidate_recalled_or_third_party_model_paper,False,Post title and department are indexed from the public archive. The paper is not labelled official unless an official PPSC file is separately linked.,2026-07-16
272,Punjab Public Service Commission (PPSC),Assistant,Assistant,PPSC paper for: Assistant,Planning and Development Department,[],,,https://pacegkacademy.com/PPSC-Past-Paper-Question/272,https://pacegkacademy.com/PPSC-Past-Papers/6,candidate_recalled_or_third_party_model_paper,False,Post title and department are indexed from the public archive. The paper is not labelled official unless an official PPSC file is separately linked.,2026-07-16
264,Punjab Public Service Commission (PPSC),Assistant,Assistant,PPSC paper for: Assistant,Board of Revenue Department,[],,,https://pacegkacademy.com/PPSC-Past-Paper-Question/264,https://pacegkacademy.com/PPSC-Past-Papers/6,candidate_recalled_or_third_party_model_paper,False,Post title and department are indexed from the public archive. The paper is not labelled official unless an official PPSC file is separately linked.,2026-07-16
263,Punjab Public Service Commission (PPSC),Assistant,Assistant,PPSC paper for: Assistant,Board of Revenue Department,[],,,https://pacegkacademy.com/PPSC-Past-Paper-Question/263,https://pacegkacademy.com/PPSC-Past-Papers/6,candidate_recalled_or_third_party_model_paper,False,Post title and department are indexed from the public archive. The paper is not labelled official unless an official PPSC file is separately linked.,2026-07-16
255,Punjab Public Service Commission (PPSC),Assistant,Assistant,PPSC paper for: Assistant,Livestock & Dairy Development Department,[],,,https://pacegkacademy.com/PPSC-Past-Paper-Question/255,https://pacegkacademy.com/PPSC-Past-Papers/6,candidate_recalled_or_third_party_model_paper,False,Post title and department are indexed from the public archive. The paper is not labelled official unless an official PPSC file is separately linked.,2026-07-16
301,Punjab Public Service Commission (PPSC),Assistant,Assistant,PPSC paper for: Assistant,Punjab Police Department,[],,,https://pacegkacademy.com/PPSC-Past-Paper-Question/301,https://pacegkacademy.com/PPSC-Past-Papers/6,candidate_recalled_or_third_party_model_paper,False,Post title and department are indexed from the public archive. The paper is not labelled official unless an official PPSC file is separately linked.,2026-07-16
297,Punjab Public Service Commission (PPSC),Assistant,Assistant,PPSC paper for: Assistant,Anti Corruption Establishment Department,[],,,https://pacegkacademy.com/PPSC-Past-Paper-Question/297,https://pacegkacademy.com/PPSC-Past-Papers/6,candidate_recalled_or_third_party_model_paper,False,Post title and department are indexed from the public archive. The paper is not labelled official unless an official PPSC file is separately linked.,2026-07-16
292,Punjab Public Service Commission (PPSC),Assistant,Assistant,PPSC paper for: Assistant,Local Government Department,[],,,https://pacegkacademy.com/PPSC-Past-Paper-Question/292,https://pacegkacademy.com/PPSC-Past-Papers/6,candidate_recalled_or_third_party_model_paper,False,Post title and department are indexed from the public archive. The paper is not labelled official unless an official PPSC file is separately linked.,2026-07-16
291,Punjab Public Service Commission (PPSC),Assistant,Assistant,PPSC paper for: Assistant,Punjab Agriculture Department,[],,,https://pacegkacademy.com/PPSC-Past-Paper-Question/291,https://pacegkacademy.com/PPSC-Past-Papers/6,candidate_recalled_or_third_party_model_paper,False,Post title and department are indexed from the public archive. The paper is not labelled official unless an official PPSC file is separately linked.,2026-07-16
290,Punjab Public Service Commission (PPSC),Assistant,Assistant,PPSC paper for: Assistant,Livestock & Dairy Development Department,[],,,https://pacegkacademy.com/PPSC-Past-Paper-Question/290,https://pacegkacademy.com/PPSC-Past-Papers/6,candidate_recalled_or_third_party_model_paper,False,Post title and department are indexed from the public archive. The paper is not labelled official unless an official PPSC file is separately linked.,2026-07-16
289,Punjab Public Service Commission (PPSC),Assistant,Assistant,PPSC paper for: Assistant,Zakat and Ushr Department,[],,,https://pacegkacademy.com/PPSC-Past-Paper-Question/289,https://pacegkacademy.com/PPSC-Past-Papers/6,candidate_recalled_or_third_party_model_paper,False,Post title and department are indexed from the public archive. The paper is not labelled official unless an official PPSC file is separately linked.,2026-07-16
284,Punjab Public Service Commission (PPSC),Assistant,Assistant,PPSC paper for: Assistant,Land Record Authority Department,[],,,https://pacegkacademy.com/PPSC-Past-Paper-Question/284,https://pacegkacademy.com/PPSC-Past-Papers/6,candidate_recalled_or_third_party_model_paper,False,Post title and department are indexed from the public archive. The paper is not labelled official unless an official PPSC file is separately linked.,2026-07-16
282,Punjab Public Service Commission (PPSC),Assistant,Assistant,PPSC paper for: Assistant,Land Record Authority Department,[],,,https://pacegkacademy.com/PPSC-Past-Paper-Question/282,https://pacegkacademy.com/PPSC-Past-Papers/6,candidate_recalled_or_third_party_model_paper,False,Post title and department are indexed from the public archive. The paper is not labelled official unless an official PPSC file is separately linked.,2026-07-16
281,Punjab Public Service Commission (PPSC),Assistant,Assistant,PPSC paper for: Assistant,"Finance, Audit and Accounts Department",[],,,https://pacegkacademy.com/PPSC-Past-Paper-Question/281,https://pacegkacademy.com/PPSC-Past-Papers/6,candidate_recalled_or_third_party_model_paper,False,Post title and department are indexed from the public archive. The paper is not labelled official unless an official PPSC file is separately linked.,2026-07-16
230,Punjab Public Service Commission (PPSC),Assistant,Assistant,PPSC paper for: Assistant,Miscellaneous Department,[],,,https://pacegkacademy.com/PPSC-Past-Paper-Question/230,https://pacegkacademy.com/PPSC-Past-Papers/6,candidate_recalled_or_third_party_model_paper,False,Post title and department are indexed from the public archive. The paper is not labelled official unless an official PPSC file is separately linked.,2026-07-16
116,Punjab Public Service Commission (PPSC),Assistant,Assistant,PPSC paper for: Assistant,Punjab Employees Social Security Institution (PESSI) Department,[],,,https://pacegkacademy.com/PPSC-Past-Paper-Question/116,https://pacegkacademy.com/PPSC-Past-Papers/6,candidate_recalled_or_third_party_model_paper,False,Post title and department are indexed from the public archive. The paper is not labelled official unless an official PPSC file is separately linked.,2026-07-16
105,Punjab Public Service Commission (PPSC),Assistant,Assistant,PPSC paper for: Assistant,Labour and Human Resource Department,[],,,https://pacegkacademy.com/PPSC-Past-Paper-Question/105,https://pacegkacademy.com/PPSC-Past-Papers/6,candidate_recalled_or_third_party_model_paper,False,Post title and department are indexed from the public archive. The paper is not labelled official unless an official PPSC file is separately linked.,2026-07-16
225,Punjab Public Service Commission (PPSC),Assistant,Assistant,PPSC paper for: Assistant,Miscellaneous Department,[],,,https://pacegkacademy.com/PPSC-Past-Paper-Question/225,https://pacegkacademy.com/PPSC-Past-Papers/6,candidate_recalled_or_third_party_model_paper,False,Post title and department are indexed from the public archive. The paper is not labelled official unless an official PPSC file is separately linked.,2026-07-16
177,Punjab Public Service Commission (PPSC),Assistant,Assistant,PPSC paper for: Assistant,Punjab Public Service Commission (PPSC) Department,[],,,https://pacegkacademy.com/PPSC-Past-Paper-Question/177,https://pacegkacademy.com/PPSC-Past-Papers/6,candidate_recalled_or_third_party_model_paper,False,Post title and department are indexed from the public archive. The paper is not labelled official unless an official PPSC file is separately linked.,2026-07-16
176,Punjab Public Service Commission (PPSC),Assistant,Assistant,PPSC paper for: Assistant,Punjab Public Service Commission (PPSC) Department,[],,,https://pacegkacademy.com/PPSC-Past-Paper-Question/176,https://pacegkacademy.com/PPSC-Past-Papers/6,candidate_recalled_or_third_party_model_paper,False,Post title and department are indexed from the public archive. The paper is not labelled official unless an official PPSC file is separately linked.,2026-07-16
165,Punjab Public Service Commission (PPSC),Assistant,Assistant,PPSC paper for: Assistant,Planning and Development Department,[],,,https://pacegkacademy.com/PPSC-Past-Paper-Question/165,https://pacegkacademy.com/PPSC-Past-Papers/6,candidate_recalled_or_third_party_model_paper,False,Post title and department are indexed from the public archive. The paper is not labelled official unless an official PPSC file is separately linked.,2026-07-16
125,Punjab Public Service Commission (PPSC),Assistant,Assistant,PPSC paper for: Assistant,Punjab Population Welfare Department,[],,,https://pacegkacademy.com/PPSC-Past-Paper-Question/125,https://pacegkacademy.com/PPSC-Past-Papers/6,candidate_recalled_or_third_party_model_paper,False,Post title and department are indexed from the public archive. The paper is not labelled official unless an official PPSC file is separately linked.,2026-07-16
107,Punjab Public Service Commission (PPSC),Assistant,Assistant,PPSC paper for: Assistant,Labour and Human Resource Department,[],,,https://pacegkacademy.com/PPSC-Past-Paper-Question/107,https://pacegkacademy.com/PPSC-Past-Papers/6,candidate_recalled_or_third_party_model_paper,False,Post title and department are indexed from the public archive. The paper is not labelled official unless an official PPSC file is separately linked.,2026-07-16
106,Punjab Public Service Commission (PPSC),Assistant,Assistant,PPSC paper for: Assistant,Labour and Human Resource Department,[],,,https://pacegkacademy.com/PPSC-Past-Paper-Question/106,https://pacegkacademy.com/PPSC-Past-Papers/6,candidate_recalled_or_third_party_model_paper,False,Post title and department are indexed from the public archive. The paper is not labelled official unless an official PPSC file is separately linked.,2026-07-16
220,Punjab Public Service Commission (PPSC),Assistant,Assistant,PPSC paper for: Assistant,Miscellaneous Department,[],,,https://pacegkacademy.com/PPSC-Past-Paper-Question/220,https://pacegkacademy.com/PPSC-Past-Papers/6,candidate_recalled_or_third_party_model_paper,False,Post title and department are indexed from the public archive. The paper is not labelled official unless an official PPSC file is separately linked.,2026-07-16
178,Punjab Public Service Commission (PPSC),Assistant,Assistant,PPSC paper for: Assistant,Punjab Public Service Commission (PPSC) Department,[],,,https://pacegkacademy.com/PPSC-Past-Paper-Question/178,https://pacegkacademy.com/PPSC-Past-Papers/6,candidate_recalled_or_third_party_model_paper,False,Post title and department are indexed from the public archive. The paper is not labelled official unless an official PPSC file is separately linked.,2026-07-16
170,Punjab Public Service Commission (PPSC),Assistant,Assistant,PPSC paper for: Assistant,Services and General Administration Department,[],,,https://pacegkacademy.com/PPSC-Past-Paper-Question/170,https://pacegkacademy.com/PPSC-Past-Papers/6,candidate_recalled_or_third_party_model_paper,False,Post title and department are indexed from the public archive. The paper is not labelled official unless an official PPSC file is separately linked.,2026-07-16
146,Punjab Public Service Commission (PPSC),Assistant,Assistant,PPSC paper for: Assistant,Punjab Agriculture Department,[],,,https://pacegkacademy.com/PPSC-Past-Paper-Question/146,https://pacegkacademy.com/PPSC-Past-Papers/6,candidate_recalled_or_third_party_model_paper,False,Post title and department are indexed from the public archive. The paper is not labelled official unless an official PPSC file is separately linked.,2026-07-16
41,Punjab Public Service Commission (PPSC),Assistant,Assistant,PPSC paper for: Assistant,Punjab Police Department,[],,,https://pacegkacademy.com/PPSC-Past-Paper-Question/41,https://pacegkacademy.com/PPSC-Past-Papers/6,candidate_recalled_or_third_party_model_paper,False,Post title and department are indexed from the public archive. The paper is not labelled official unless an official PPSC file is separately linked.,2026-07-16
233,Punjab Public Service Commission (PPSC),Assistant,Assistant,PPSC paper for: Assistant,Miscellaneous Department,[],,,https://pacegkacademy.com/PPSC-Past-Paper-Question/233,https://pacegkacademy.com/PPSC-Past-Papers/6,candidate_recalled_or_third_party_model_paper,False,Post title and department are indexed from the public archive. The paper is not labelled official unless an official PPSC file is separately linked.,2026-07-16
228,Punjab Public Service Commission (PPSC),Assistant,Assistant,PPSC paper for: Assistant,Miscellaneous Department,[],,,https://pacegkacademy.com/PPSC-Past-Paper-Question/228,https://pacegkacademy.com/PPSC-Past-Papers/6,candidate_recalled_or_third_party_model_paper,False,Post title and department are indexed from the public archive. The paper is not labelled official unless an official PPSC file is separately linked.,2026-07-16
179,Punjab Public Service Commission (PPSC),Assistant,Assistant,PPSC paper for: Assistant,Punjab Public Service Commission (PPSC) Department,[],,,https://pacegkacademy.com/PPSC-Past-Paper-Question/179,https://pacegkacademy.com/PPSC-Past-Papers/6,candidate_recalled_or_third_party_model_paper,False,Post title and department are indexed from the public archive. The paper is not labelled official unless an official PPSC file is separately linked.,2026-07-16
166,Punjab Public Service Commission (PPSC),Assistant,Assistant,PPSC paper for: Assistant,Planning and Development Department,[],,,https://pacegkacademy.com/PPSC-Past-Paper-Question/166,https://pacegkacademy.com/PPSC-Past-Papers/6,candidate_recalled_or_third_party_model_paper,False,Post title and department are indexed from the public archive. The paper is not labelled official unless an official PPSC file is separately linked.,2026-07-16
180,Punjab Public Service Commission (PPSC),Assistant,Assistant,PPSC paper for: Assistant,Punjab Public Service Commission (PPSC) Department,[],,,https://pacegkacademy.com/PPSC-Past-Paper-Question/180,https://pacegkacademy.com/PPSC-Past-Papers/6,candidate_recalled_or_third_party_model_paper,False,Post title and department are indexed from the public archive. The paper is not labelled official unless an official PPSC file is separately linked.,2026-07-16
42,Punjab Public Service Commission (PPSC),Assistant,Assistant,PPSC paper for: Assistant,Punjab Police Department,[],,,https://pacegkacademy.com/PPSC-Past-Paper-Question/42,https://pacegkacademy.com/PPSC-Past-Papers/6,candidate_recalled_or_third_party_model_paper,False,Post title and department are indexed from the public archive. The paper is not labelled official unless an official PPSC file is separately linked.,2026-07-16
162,Punjab Public Service Commission (PPSC),Assistant,Assistant,PPSC paper for: Assistant,"Finance, Audit and Accounts Department",[],,,https://pacegkacademy.com/PPSC-Past-Paper-Question/162,https://pacegkacademy.com/PPSC-Past-Papers/6,candidate_recalled_or_third_party_model_paper,False,Post title and department are indexed from the public archive. The paper is not labelled official unless an official PPSC file is separately linked.,2026-07-16
43,Punjab Public Service Commission (PPSC),Assistant,Assistant,PPSC paper for: Assistant,Punjab Police Department,[],,,https://pacegkacademy.com/PPSC-Past-Paper-Question/43,https://pacegkacademy.com/PPSC-Past-Papers/6,candidate_recalled_or_third_party_model_paper,False,Post title and department are indexed from the public archive. The paper is not labelled official unless an official PPSC file is separately linked.,2026-07-16
124,Punjab Public Service Commission (PPSC),Accounts Officer,Accounts Officer,PPSC paper for: Accounts Officer,Punjab Population Welfare Department,[],,,https://pacegkacademy.com/PPSC-Past-Paper-Question/124,https://pacegkacademy.com/PPSC-Past-Papers/6,candidate_recalled_or_third_party_model_paper,False,Post title and department are indexed from the public archive. The paper is not labelled official unless an official PPSC file is separately linked.,2026-07-16
161,Punjab Public Service Commission (PPSC),Accounts Officer,Accounts Officer,PPSC paper for: Accounts Officer,"Finance, Audit and Accounts Department",[],,,https://pacegkacademy.com/PPSC-Past-Paper-Question/161,https://pacegkacademy.com/PPSC-Past-Papers/6,candidate_recalled_or_third_party_model_paper,False,Post title and department are indexed from the public archive. The paper is not labelled official unless an official PPSC file is separately linked.,2026-07-16
280,Punjab Public Service Commission (PPSC),Accountant,Accountant,PPSC paper for: Accountant,Local Government Department,[],,,https://pacegkacademy.com/PPSC-Past-Paper-Question/280,https://pacegkacademy.com/PPSC-Past-Papers/6,candidate_recalled_or_third_party_model_paper,False,Post title and department are indexed from the public archive. The paper is not labelled official unless an official PPSC file is separately linked.,2026-07-16
114,Punjab Public Service Commission (PPSC),Accountant,Accountant,PPSC paper for: Accountant,Labour and Human Resource Department,[],,,https://pacegkacademy.com/PPSC-Past-Paper-Question/114,https://pacegkacademy.com/PPSC-Past-Papers/6,candidate_recalled_or_third_party_model_paper,False,Post title and department are indexed from the public archive. The paper is not labelled official unless an official PPSC file is separately linked.,2026-07-16
480,Punjab Public Service Commission (PPSC),ASSISTANT EXECUTIVE ENGINEERS / SUB DIVISIONAL OFFICER / ASSISTANT DESIGN ENGINEER / ASSISTANT DESIGN OFFICER / ASSISTANT DIRECTOR FLOOD MONITORING / ASSISTANT DIRECTOR (BS-17),ASSISTANT EXECUTIVE ENGINEERS / SUB DIVISIONAL OFFICER / ASSISTANT DESIGN ENGINEER / ASSISTANT DESIGN OFFICER / ASSISTANT DIRECTOR FLOOD MONITORING / ASSISTANT DIRECTOR (BS-17),PPSC paper for: ASSISTANT EXECUTIVE ENGINEERS / SUB DIVISIONAL OFFICER / ASSISTANT DESIGN ENGINEER / ASSISTANT DESIGN OFFICER / ASSISTANT DIRECTOR FLOOD MONITORING / ASSISTANT DIRECTOR (BS-17),Irrigation and Power Department,[17],,,https://pacegkacademy.com/PPSC-Past-Paper-Question/480,https://pacegkacademy.com/PPSC-Past-Papers/6,candidate_recalled_or_third_party_model_paper,False,Post title and department are indexed from the public archive. The paper is not labelled official unless an official PPSC file is separately linked.,2026-07-16
463,Punjab Public Service Commission (PPSC),AD Attorney,AD Attorney,PPSC paper for: AD Attorney,Law and Parliamentary Affairs Department,[],,,https://pacegkacademy.com/PPSC-Past-Paper-Question/463,https://pacegkacademy.com/PPSC-Past-Papers/6,candidate_recalled_or_third_party_model_paper,False,Post title and department are indexed from the public archive. The paper is not labelled official unless an official PPSC file is separately linked.,2026-07-16
