id,word,pronunciation_arpabet,primary_part_of_speech,primary_definition,synonyms,examples,source_list_count,priority_tier,source,ranking_source_url,verified_on
"vocab-0001","audacious","AA0 D EY1 SH AH0 S","adjective","disposed to venture or take risks","[""daring"",""venturesome"",""venturous"",""barefaced"",""bodacious"",""bald-faced"",""brassy"",""brazen"",""brazen-faced"",""insolent""]","[""audacious visions of the total conquest of space"",""an audacious interpretation of two Jacobean dramas"",""the most daring of contemporary fiction writers"",""a venturesome investor""]","13","very_high","WordNet 3.1; CMU Pronouncing Dictionary; cross-list GRE frequency ranking","https://github.com/Xatta-Trone/gre-words-collection","2026-07-16"
"vocab-0002","cogent","K OW1 JH AH0 N T","adjective","powerfully persuasive","[""telling"",""weighty""]","[""a cogent argument"",""a telling presentation"",""a weighty argument""]","13","very_high","WordNet 3.1; CMU Pronouncing Dictionary; cross-list GRE frequency ranking","https://github.com/Xatta-Trone/gre-words-collection","2026-07-16"
"vocab-0003","malleable","M AE1 L IY0 AH0 B AH0 L","adjective","capable of being shaped or bent or drawn out","[""ductile"",""pliable"",""pliant"",""tensile"",""tractile""]","[""ductile copper"",""malleable metals such as gold"",""they soaked the leather to made it pliable"",""pliant molten glass""]","13","very_high","WordNet 3.1; CMU Pronouncing Dictionary; cross-list GRE frequency ranking","https://github.com/Xatta-Trone/gre-words-collection","2026-07-16"
"vocab-0004","reticent","R EH1 T IH0 S AH0 N T","adjective","reluctant to draw attention to yourself  ","[""self-effacing"",""retiring"",""untalkative""]","[]","13","very_high","WordNet 3.1; CMU Pronouncing Dictionary; cross-list GRE frequency ranking","https://github.com/Xatta-Trone/gre-words-collection","2026-07-16"
"vocab-0005","admonish","AE0 D M AA1 N IH0 SH","verb","take to task","[""reprove"",""reproof""]","[""He admonished the child for his bad behavior""]","12","very_high","WordNet 3.1; CMU Pronouncing Dictionary; cross-list GRE frequency ranking","https://github.com/Xatta-Trone/gre-words-collection","2026-07-16"
"vocab-0006","alacrity","AH0 L AE1 K R AH0 T IY0","noun","liveliness and eagerness","[""briskness"",""smartness""]","[""he accepted with alacrity"",""the smartness of the pace soon exhausted him""]","12","very_high","WordNet 3.1; CMU Pronouncing Dictionary; cross-list GRE frequency ranking","https://github.com/Xatta-Trone/gre-words-collection","2026-07-16"
"vocab-0007","amenable","AH0 M EH1 N AH0 B AH0 L","adjective","liable to answer to a higher authority","[""tractable""]","[""the president is amenable to the constitutional court"",""an amenable hospitalization should not result in untimely death"",""the tumor was not amenable to surgical treatment"",""a tractable student""]","12","very_high","WordNet 3.1; CMU Pronouncing Dictionary; cross-list GRE frequency ranking","https://github.com/Xatta-Trone/gre-words-collection","2026-07-16"
"vocab-0008","austere","AO0 S T IH1 R","adjective","of a stern or strict bearing or demeanor","[""stern"",""severe"",""stark""]","[""forbidding in aspect"",""an austere expression"",""a stern face"",""a stark interior""]","12","very_high","WordNet 3.1; CMU Pronouncing Dictionary; cross-list GRE frequency ranking","https://github.com/Xatta-Trone/gre-words-collection","2026-07-16"
"vocab-0009","banal","B AH0 N AA1 L","adjective","repeated too often","[""commonplace"",""hackneyed"",""old-hat"",""shopworn"",""stock(a)"",""threadbare"",""timeworn"",""tired"",""trite"",""well-worn""]","[""overfamiliar through overuse"",""bromidic sermons"",""his remarks were trite and commonplace"",""hackneyed phrases""]","12","very_high","WordNet 3.1; CMU Pronouncing Dictionary; cross-list GRE frequency ranking","https://github.com/Xatta-Trone/gre-words-collection","2026-07-16"
"vocab-0010","belie","B IH0 L AY1","verb","represent falsely","[""misrepresent"",""contradict"",""negate""]","[""This statement misrepresents my intentions""]","12","very_high","WordNet 3.1; CMU Pronouncing Dictionary; cross-list GRE frequency ranking","https://github.com/Xatta-Trone/gre-words-collection","2026-07-16"
"vocab-0011","burgeon","B ER1 JH AH0 N","verb","grow and flourish","[]","[""The burgeoning administration"",""The burgeoning population""]","12","very_high","WordNet 3.1; CMU Pronouncing Dictionary; cross-list GRE frequency ranking","https://github.com/Xatta-Trone/gre-words-collection","2026-07-16"
"vocab-0012","contrite","K AH0 N T R AY1 T","adjective","feeling or expressing pain or sorrow for sins or offenses  ","[""remorseful"",""rueful"",""ruthful""]","[]","12","very_high","WordNet 3.1; CMU Pronouncing Dictionary; cross-list GRE frequency ranking","https://github.com/Xatta-Trone/gre-words-collection","2026-07-16"
"vocab-0013","deride","D IH0 R AY1 D","verb","treat or speak of with contempt","[]","[""He derided his student's attempt to solve the biggest problem in mathematics""]","12","very_high","WordNet 3.1; CMU Pronouncing Dictionary; cross-list GRE frequency ranking","https://github.com/Xatta-Trone/gre-words-collection","2026-07-16"
"vocab-0014","emulate","EH1 M Y AH0 L EY2 T","verb","compete with successfully","[]","[""approach or reach equality with"",""This artist's drawings cannot emulate his water colors"",""He is emulating the skating skills of his older sister""]","12","very_high","WordNet 3.1; CMU Pronouncing Dictionary; cross-list GRE frequency ranking","https://github.com/Xatta-Trone/gre-words-collection","2026-07-16"
"vocab-0015","enervate","","verb","weaken mentally or morally  ","[]","[]","12","very_high","WordNet 3.1; CMU Pronouncing Dictionary; cross-list GRE frequency ranking","https://github.com/Xatta-Trone/gre-words-collection","2026-07-16"
"vocab-0016","engender","EH0 N JH EH1 N D ER0","verb","call forth  ","[""breed"",""spawn""]","[]","12","very_high","WordNet 3.1; CMU Pronouncing Dictionary; cross-list GRE frequency ranking","https://github.com/Xatta-Trone/gre-words-collection","2026-07-16"
"vocab-0017","exacerbate","IH0 G Z AE1 S ER0 B EY2 T","verb","exasperate or irritate  ","[""exasperate"",""aggravate""]","[]","12","very_high","WordNet 3.1; CMU Pronouncing Dictionary; cross-list GRE frequency ranking","https://github.com/Xatta-Trone/gre-words-collection","2026-07-16"
"vocab-0018","facetious","F AH0 S IY1 SH AH0 S","adjective","cleverly amusing in tone","[""bantering"",""tongue-in-cheek""]","[""a bantering tone"",""facetious remarks"",""tongue-in-cheek advice""]","12","very_high","WordNet 3.1; CMU Pronouncing Dictionary; cross-list GRE frequency ranking","https://github.com/Xatta-Trone/gre-words-collection","2026-07-16"
"vocab-0019","immutable","IH2 M Y UW1 T AH0 B AH0 L","adjective","constant and unchanging","[""changeless""]","[""the immutable laws of nature"",""the view of that time was that all species were immutable, created by God""]","12","very_high","WordNet 3.1; CMU Pronouncing Dictionary; cross-list GRE frequency ranking","https://github.com/Xatta-Trone/gre-words-collection","2026-07-16"
"vocab-0020","implacable","IH2 M P L AE1 K AH0 B AH0 L","adjective","incapable of being placated","[]","[""an implacable enemy""]","12","very_high","WordNet 3.1; CMU Pronouncing Dictionary; cross-list GRE frequency ranking","https://github.com/Xatta-Trone/gre-words-collection","2026-07-16"
"vocab-0021","innocuous","IH2 N AA1 K Y UW0 AH0 S","adjective","not causing disapproval","[""unobjectionable""]","[""it was an innocuous remark"",""confined himself to innocuous generalities"",""unobjectionable behavior""]","12","very_high","WordNet 3.1; CMU Pronouncing Dictionary; cross-list GRE frequency ranking","https://github.com/Xatta-Trone/gre-words-collection","2026-07-16"
"vocab-0022","insipid","IH2 N S IH1 P AH0 D","adjective","lacking interest or significance or impact","[""jejune""]","[""an insipid personality"",""jejune novel""]","12","very_high","WordNet 3.1; CMU Pronouncing Dictionary; cross-list GRE frequency ranking","https://github.com/Xatta-Trone/gre-words-collection","2026-07-16"
"vocab-0023","irascible","IH2 R AE1 S IH0 B AH0 L","adjective","characterized by anger","[""choleric"",""hotheaded"",""hot-tempered"",""quick-tempered"",""short-tempered""]","[""a choleric outburst"",""an irascible response"",""a hotheaded commander""]","12","very_high","WordNet 3.1; CMU Pronouncing Dictionary; cross-list GRE frequency ranking","https://github.com/Xatta-Trone/gre-words-collection","2026-07-16"
"vocab-0024","lucid","L UW1 S AH0 D","adjective","having a clear mind","[]","[""a lucid moment in his madness""]","12","very_high","WordNet 3.1; CMU Pronouncing Dictionary; cross-list GRE frequency ranking","https://github.com/Xatta-Trone/gre-words-collection","2026-07-16"
"vocab-0025","mitigate","M IH1 T AH0 G EY2 T","verb","make less severe or harsh","[]","[""mitigating circumstances""]","12","very_high","WordNet 3.1; CMU Pronouncing Dictionary; cross-list GRE frequency ranking","https://github.com/Xatta-Trone/gre-words-collection","2026-07-16"
"vocab-0026","mundane","M AH0 N D EY1 N","adjective","belonging to this earth or world","[""terrene"",""terrestrial""]","[""not ideal or heavenly"",""not a fairy palace"",""yet a mundane wonder of unimagined kind"",""so terrene a being as himself""]","12","very_high","WordNet 3.1; CMU Pronouncing Dictionary; cross-list GRE frequency ranking","https://github.com/Xatta-Trone/gre-words-collection","2026-07-16"
"vocab-0027","obdurate","AA1 B D ER0 AH0 T","adjective","showing unfeeling resistance to tender feelings","[""flinty"",""flint"",""granitic"",""stony"",""cussed"",""obstinate"",""unrepentant""]","[""his flinty gaze"",""the child's misery would move even the most obdurate heart""]","12","very_high","WordNet 3.1; CMU Pronouncing Dictionary; cross-list GRE frequency ranking","https://github.com/Xatta-Trone/gre-words-collection","2026-07-16"
"vocab-0028","obsequious","AH0 B S IY1 K W IY0 AH0 S","adjective","attentive in an ingratiating or servile manner","[]","[""obsequious shop assistants""]","12","very_high","WordNet 3.1; CMU Pronouncing Dictionary; cross-list GRE frequency ranking","https://github.com/Xatta-Trone/gre-words-collection","2026-07-16"
"vocab-0029","phlegmatic","F L EH0 G M AE1 T IH0 K","adjective","showing little emotion","[""phlegmatical""]","[""a phlegmatic...and certainly undemonstrative man""]","12","very_high","WordNet 3.1; CMU Pronouncing Dictionary; cross-list GRE frequency ranking","https://github.com/Xatta-Trone/gre-words-collection","2026-07-16"
"vocab-0030","placate","P L EY1 K EY0 T","verb","cause to be more favorably inclined","[""pacify"",""lenify"",""conciliate"",""assuage"",""appease"",""mollify"",""gentle"",""gruntle""]","[""gain the good will of"",""She managed to mollify the angry customer""]","12","very_high","WordNet 3.1; CMU Pronouncing Dictionary; cross-list GRE frequency ranking","https://github.com/Xatta-Trone/gre-words-collection","2026-07-16"
"vocab-0031","platitude","P L AE1 T IH0 T UW2 D","noun","a trite or obvious remark  ","[""cliche"",""banality"",""commonplace"",""bromide""]","[]","12","very_high","WordNet 3.1; CMU Pronouncing Dictionary; cross-list GRE frequency ranking","https://github.com/Xatta-Trone/gre-words-collection","2026-07-16"
"vocab-0032","pristine","P R IH1 S T IY0 N","adjective","immaculately clean and unused","[]","[""handed her his pristine white handkerchief"",""pristine mountain snow""]","12","very_high","WordNet 3.1; CMU Pronouncing Dictionary; cross-list GRE frequency ranking","https://github.com/Xatta-Trone/gre-words-collection","2026-07-16"
"vocab-0033","prodigal","P R AA1 D IH0 G AH0 L","noun","a recklessly extravagant consumer  ","[""profligate"",""squanderer""]","[]","12","very_high","WordNet 3.1; CMU Pronouncing Dictionary; cross-list GRE frequency ranking","https://github.com/Xatta-Trone/gre-words-collection","2026-07-16"
"vocab-0034","repudiate","R IY0 P Y UW1 D IY0 EY2 T","verb","reject as untrue, unfounded, or unjust","[]","[""She repudiated the accusations"",""repudiate a debt"",""The woman repudiated the divorce settlement""]","12","very_high","WordNet 3.1; CMU Pronouncing Dictionary; cross-list GRE frequency ranking","https://github.com/Xatta-Trone/gre-words-collection","2026-07-16"
"vocab-0035","sanction","S AE1 NG K SH AH0 N","verb","give religious sanction to, such as through on oath","[]","[""sanctify the marriage"",""it had the sanction of the church""]","12","very_high","WordNet 3.1; CMU Pronouncing Dictionary; cross-list GRE frequency ranking","https://github.com/Xatta-Trone/gre-words-collection","2026-07-16"
"vocab-0036","specious","S P IY1 SH AH0 S","adjective","plausible but false","[""spurious""]","[""a specious claim"",""spurious inferences""]","12","very_high","WordNet 3.1; CMU Pronouncing Dictionary; cross-list GRE frequency ranking","https://github.com/Xatta-Trone/gre-words-collection","2026-07-16"
"vocab-0037","whimsical","W IH1 M Z IH0 K AH0 L","adjective","determined by chance or impulse or whim rather than by necessity or reason","[""capricious"",""impulsive""]","[""a capricious refusal"",""authoritarian rulers are frequently capricious"",""the victim of whimsical persecutions""]","12","very_high","WordNet 3.1; CMU Pronouncing Dictionary; cross-list GRE frequency ranking","https://github.com/Xatta-Trone/gre-words-collection","2026-07-16"
"vocab-0038","aberrant","AE0 B EH1 R AH0 N T","adjective","markedly different from an accepted norm","[""deviant"",""deviate""]","[""aberrant behavior"",""deviant ideas""]","11","very_high","WordNet 3.1; CMU Pronouncing Dictionary; cross-list GRE frequency ranking","https://github.com/Xatta-Trone/gre-words-collection","2026-07-16"
"vocab-0039","abjure","","verb","formally reject or disavow a formerly held belief, usually under pressure","[""recant"",""forswear"",""retract"",""resile""]","[""He retracted his earlier statements about his religion"",""She abjured her beliefs""]","11","very_high","WordNet 3.1; CMU Pronouncing Dictionary; cross-list GRE frequency ranking","https://github.com/Xatta-Trone/gre-words-collection","2026-07-16"
"vocab-0040","advocate","AE1 D V AH0 K AH0 T","noun","a lawyer who pleads cases in court  ","[""counsel"",""counselor"",""counsellor"",""counselor-at-law"",""pleader"",""advocator"",""proponent"",""exponent""]","[]","11","very_high","WordNet 3.1; CMU Pronouncing Dictionary; cross-list GRE frequency ranking","https://github.com/Xatta-Trone/gre-words-collection","2026-07-16"
"vocab-0041","aesthetic","EH0 S TH EH1 T IH0 K","adjective","aesthetically pleasing","[""esthetic"",""artistic"",""aesthetical"",""esthetical""]","[""an artistic flower arrangement"",""the aesthetic faculties"",""an aesthetic person"",""aesthetic feeling""]","11","very_high","WordNet 3.1; CMU Pronouncing Dictionary; cross-list GRE frequency ranking","https://github.com/Xatta-Trone/gre-words-collection","2026-07-16"
"vocab-0042","ameliorate","AH0 M IY1 L Y ER0 EY2 T","verb","get better","[""better"",""improve"",""meliorate"",""amend""]","[""The weather improved toward evening"",""The editor improved the manuscript with his changes""]","11","very_high","WordNet 3.1; CMU Pronouncing Dictionary; cross-list GRE frequency ranking","https://github.com/Xatta-Trone/gre-words-collection","2026-07-16"
"vocab-0043","apathy","AE1 P AH0 TH IY0","noun","the trait of lacking enthusiasm for or interest in things generally  ","[""indifference"",""numbness"",""spiritlessness""]","[]","11","very_high","WordNet 3.1; CMU Pronouncing Dictionary; cross-list GRE frequency ranking","https://github.com/Xatta-Trone/gre-words-collection","2026-07-16"
"vocab-0044","ascetic","AH0 S EH1 T IH0 K","adjective","practicing great self-denial","[""ascetical"",""austere"",""spartan""]","[""Be systematically ascetic...do...something for no other reason than that you would rather not do it- William James"",""a desert nomad's austere life"",""a spartan diet"",""a spartan existence""]","11","very_high","WordNet 3.1; CMU Pronouncing Dictionary; cross-list GRE frequency ranking","https://github.com/Xatta-Trone/gre-words-collection","2026-07-16"
"vocab-0045","assuage","AH0 S W EY1 JH","verb","provide physical relief, as from pain","[""relieve"",""alleviate"",""palliate"",""quench"",""slake"",""allay"",""pacify"",""lenify"",""conciliate"",""appease""]","[""This pill will relieve your headaches"",""The cold water quenched his thirst"",""gain the good will of"",""She managed to mollify the angry customer""]","11","very_high","WordNet 3.1; CMU Pronouncing Dictionary; cross-list GRE frequency ranking","https://github.com/Xatta-Trone/gre-words-collection","2026-07-16"
"vocab-0046","bolster","B OW1 L S T ER0","verb","prop up with a pillow or bolster  ","[""bolster up"",""long pillow""]","[""bolster morale""]","11","very_high","WordNet 3.1; CMU Pronouncing Dictionary; cross-list GRE frequency ranking","https://github.com/Xatta-Trone/gre-words-collection","2026-07-16"
"vocab-0047","capricious","K AH0 P R IH1 SH AH0 S","adjective","determined by chance or impulse or whim rather than by necessity or reason","[""impulsive"",""whimsical"",""freakish""]","[""a capricious refusal"",""authoritarian rulers are frequently capricious"",""the victim of whimsical persecutions"",""a capricious summer breeze""]","11","very_high","WordNet 3.1; CMU Pronouncing Dictionary; cross-list GRE frequency ranking","https://github.com/Xatta-Trone/gre-words-collection","2026-07-16"
"vocab-0048","craven","K R EY1 V AH0 N","adjective","lacking even the rudiments of courage","[""recreant""]","[""abjectly fearful"",""the craven fellow turned and ran"",""a craven proposal to raise the white flag"",""this recreant knight- Spenser""]","11","very_high","WordNet 3.1; CMU Pronouncing Dictionary; cross-list GRE frequency ranking","https://github.com/Xatta-Trone/gre-words-collection","2026-07-16"
"vocab-0049","derivative","D ER0 IH1 V AH0 T IH0 V","adjective","resulting from or employing derivation","[]","[""a derivative process"",""a highly derivative prose style"",""`electricity' is a derivative of `electric'""]","11","very_high","WordNet 3.1; CMU Pronouncing Dictionary; cross-list GRE frequency ranking","https://github.com/Xatta-Trone/gre-words-collection","2026-07-16"
"vocab-0050","diatribe","D AY1 AH0 T R AY2 B","noun","thunderous verbal attack  ","[""fulmination""]","[]","11","very_high","WordNet 3.1; CMU Pronouncing Dictionary; cross-list GRE frequency ranking","https://github.com/Xatta-Trone/gre-words-collection","2026-07-16"
"vocab-0051","didactic","D AY0 D AE1 K T IH0 K","adjective","instructive (especially excessively)  ","[""didactical""]","[]","11","very_high","WordNet 3.1; CMU Pronouncing Dictionary; cross-list GRE frequency ranking","https://github.com/Xatta-Trone/gre-words-collection","2026-07-16"
"vocab-0052","dilettante","","adjective","showing frivolous or superficial interest","[""dilettantish"",""dilettanteish"",""sciolistic""]","[""amateurish"",""his dilettantish efforts at painting""]","11","very_high","WordNet 3.1; CMU Pronouncing Dictionary; cross-list GRE frequency ranking","https://github.com/Xatta-Trone/gre-words-collection","2026-07-16"
"vocab-0053","dissemble","D IH0 S EH1 M B AH0 L","verb","behave unnaturally or affectedly","[""pretend"",""act"",""cloak"",""mask""]","[""She's just acting"",""He masked his disappointment""]","11","very_high","WordNet 3.1; CMU Pronouncing Dictionary; cross-list GRE frequency ranking","https://github.com/Xatta-Trone/gre-words-collection","2026-07-16"
"vocab-0054","disseminate","D IH0 S EH1 M AH0 N EY2 T","verb","cause to become widely known","[""circulate"",""circularize"",""circularise"",""distribute"",""propagate"",""broadcast"",""spread"",""diffuse"",""disperse"",""pass around""]","[""spread information"",""circulate a rumor"",""broadcast the news""]","11","very_high","WordNet 3.1; CMU Pronouncing Dictionary; cross-list GRE frequency ranking","https://github.com/Xatta-Trone/gre-words-collection","2026-07-16"
"vocab-0055","ebullient","IH2 B AH1 L Y AH0 N T","adjective","joyously unrestrained  ","[""exuberant"",""high-spirited""]","[]","11","very_high","WordNet 3.1; CMU Pronouncing Dictionary; cross-list GRE frequency ranking","https://github.com/Xatta-Trone/gre-words-collection","2026-07-16"
"vocab-0056","elicit","IH0 L IH1 S IH0 T","verb","derive by reason","[]","[""elicit a solution""]","11","very_high","WordNet 3.1; CMU Pronouncing Dictionary; cross-list GRE frequency ranking","https://github.com/Xatta-Trone/gre-words-collection","2026-07-16"
"vocab-0057","endemic","EH0 N D EH1 M IH0 K","adjective","native to or confined to a certain region","[""endemical""]","[""the islands have a number of interesting endemic species"",""diseases endemic to the tropics"",""endemic malaria"",""food shortages and starvation are endemic in certain parts of the world""]","11","very_high","WordNet 3.1; CMU Pronouncing Dictionary; cross-list GRE frequency ranking","https://github.com/Xatta-Trone/gre-words-collection","2026-07-16"
"vocab-0058","ephemeral","IH0 F EH1 M ER0 AH0 L","adjective","lasting a very short time","[""passing"",""short-lived"",""transient"",""transitory"",""fugacious""]","[""the ephemeral joys of childhood"",""a passing fancy"",""youth's transient beauty"",""love is transitory but it is eternal""]","11","very_high","WordNet 3.1; CMU Pronouncing Dictionary; cross-list GRE frequency ranking","https://github.com/Xatta-Trone/gre-words-collection","2026-07-16"
"vocab-0059","equivocate","IH0 K W IH1 V AH0 K EY2 T","verb","be deliberately ambiguous or unclear in order to mislead or withhold information  ","[""beat around the bush"",""tergiversate"",""prevaricate"",""palter""]","[]","11","very_high","WordNet 3.1; CMU Pronouncing Dictionary; cross-list GRE frequency ranking","https://github.com/Xatta-Trone/gre-words-collection","2026-07-16"
"vocab-0060","eschew","EH0 S CH UW1","verb","avoid and stay away from deliberately","[""shun""]","[""stay clear of""]","11","very_high","WordNet 3.1; CMU Pronouncing Dictionary; cross-list GRE frequency ranking","https://github.com/Xatta-Trone/gre-words-collection","2026-07-16"
"vocab-0061","exonerate","IH0 G Z AA1 N ER0 EY2 T","verb","pronounce not guilty of criminal charges","[""acquit"",""assoil"",""clear"",""discharge"",""exculpate""]","[""The suspect was cleared of the murder charges""]","11","very_high","WordNet 3.1; CMU Pronouncing Dictionary; cross-list GRE frequency ranking","https://github.com/Xatta-Trone/gre-words-collection","2026-07-16"
"vocab-0062","garrulous","G EH1 R AH0 L AH0 S","adjective","full of trivial conversation","[""chatty"",""gabby"",""loquacious"",""talkative"",""talky""]","[""kept from her housework by gabby neighbors""]","11","very_high","WordNet 3.1; CMU Pronouncing Dictionary; cross-list GRE frequency ranking","https://github.com/Xatta-Trone/gre-words-collection","2026-07-16"
"vocab-0063","glib","G L IH1 B","adjective","artfully persuasive in speech","[""glib-tongued"",""smooth-tongued"",""pat"",""slick""]","[""a glib tongue"",""a smooth-tongued hypocrite"",""glib promises"",""a slick commercial""]","11","very_high","WordNet 3.1; CMU Pronouncing Dictionary; cross-list GRE frequency ranking","https://github.com/Xatta-Trone/gre-words-collection","2026-07-16"
"vocab-0064","gregarious","G R AH0 G EH1 R IY0 AH0 S","adjective","(of plants) growing in groups that are close together  ","[]","[""he is a gregarious person who avoids solitude"",""gregarious bird species""]","11","very_high","WordNet 3.1; CMU Pronouncing Dictionary; cross-list GRE frequency ranking","https://github.com/Xatta-Trone/gre-words-collection","2026-07-16"
"vocab-0065","harangue","HH ER0 AE1 NG","verb","deliver a harangue to","[""rant"",""ranting""]","[""address forcefully""]","11","very_high","WordNet 3.1; CMU Pronouncing Dictionary; cross-list GRE frequency ranking","https://github.com/Xatta-Trone/gre-words-collection","2026-07-16"
"vocab-0066","imperturbable","","adjective","not easily perturbed or excited or upset","[""unflappable""]","[""marked by extreme calm and composure"",""hitherto imperturbable, he now showed signs of alarm"",""an imperturbable self-possession"",""unflappable in a crisis""]","11","very_high","WordNet 3.1; CMU Pronouncing Dictionary; cross-list GRE frequency ranking","https://github.com/Xatta-Trone/gre-words-collection","2026-07-16"
"vocab-0067","inimical","IH2 N IH1 M IH0 K AH0 L","adjective","not friendly","[""unfriendly""]","[""an unfriendly act of aggression"",""an inimical critic""]","11","very_high","WordNet 3.1; CMU Pronouncing Dictionary; cross-list GRE frequency ranking","https://github.com/Xatta-Trone/gre-words-collection","2026-07-16"
"vocab-0068","intrepid","IH0 N T R EH1 P AH0 D","adjective","invulnerable to fear or intimidation","[""audacious"",""brave"",""dauntless"",""fearless"",""hardy"",""unfearing""]","[""audacious explorers"",""fearless reporters and photographers"",""intrepid pioneers""]","11","very_high","WordNet 3.1; CMU Pronouncing Dictionary; cross-list GRE frequency ranking","https://github.com/Xatta-Trone/gre-words-collection","2026-07-16"
"vocab-0069","inundate","IH1 N AH0 N D EY2 T","verb","fill or cover completely, usually with water  ","[""deluge"",""submerge""]","[]","11","very_high","WordNet 3.1; CMU Pronouncing Dictionary; cross-list GRE frequency ranking","https://github.com/Xatta-Trone/gre-words-collection","2026-07-16"
"vocab-0070","meticulous","M AH0 T IH1 K Y AH0 L AH0 S","adjective","marked by extreme care in treatment of details","[""punctilious""]","[""a meticulous craftsman"",""almost worryingly meticulous in his business formalities"",""meticulous research"",""punctilious in his attention to rules of etiquette""]","11","very_high","WordNet 3.1; CMU Pronouncing Dictionary; cross-list GRE frequency ranking","https://github.com/Xatta-Trone/gre-words-collection","2026-07-16"
"vocab-0071","misanthrope","M IH1 S AH0 N TH R OW2 P","noun","someone who dislikes people in general  ","[""misanthropist""]","[]","11","very_high","WordNet 3.1; CMU Pronouncing Dictionary; cross-list GRE frequency ranking","https://github.com/Xatta-Trone/gre-words-collection","2026-07-16"
"vocab-0072","mollify","M AA1 L AH0 F AY2","verb","make less rigid or softer  ","[]","[]","11","very_high","WordNet 3.1; CMU Pronouncing Dictionary; cross-list GRE frequency ranking","https://github.com/Xatta-Trone/gre-words-collection","2026-07-16"
"vocab-0073","morose","M ER0 OW1 S","adjective","showing a brooding ill humor","[""dark"",""dour"",""glowering"",""glum"",""moody"",""saturnine"",""sour"",""sullen""]","[""a dark scowl"",""the proverbially dour New England Puritan"",""a glum, hopeless shrug"",""he sat in moody silence""]","11","very_high","WordNet 3.1; CMU Pronouncing Dictionary; cross-list GRE frequency ranking","https://github.com/Xatta-Trone/gre-words-collection","2026-07-16"
"vocab-0074","munificent","","adjective","very generous","[""lavish"",""overgenerous"",""too-generous"",""unsparing"",""unstinted"",""unstinting""]","[""distributed gifts with a lavish hand"",""the critics were lavish in their praise"",""a munificent gift"",""his father gave him a half-dollar and his mother a quarter and he thought them munificent""]","11","very_high","WordNet 3.1; CMU Pronouncing Dictionary; cross-list GRE frequency ranking","https://github.com/Xatta-Trone/gre-words-collection","2026-07-16"
"vocab-0075","obviate","AA1 B V IY0 EY2 T","verb","do away with  ","[""rid of"",""eliminate""]","[]","11","very_high","WordNet 3.1; CMU Pronouncing Dictionary; cross-list GRE frequency ranking","https://github.com/Xatta-Trone/gre-words-collection","2026-07-16"
"vocab-0076","opaque","OW0 P EY1 K","adjective","hard or impossible to understand  ","[""unintelligible""]","[""impenetrable to sight"",""opaque windows of the jail"",""opaque to X-rays""]","11","very_high","WordNet 3.1; CMU Pronouncing Dictionary; cross-list GRE frequency ranking","https://github.com/Xatta-Trone/gre-words-collection","2026-07-16"
"vocab-0077","pedantic","P AH0 D AE1 N T IH0 K","adjective","marked by a narrow focus on or display of learning especially its trivial aspects  ","[""academic"",""donnish""]","[]","11","very_high","WordNet 3.1; CMU Pronouncing Dictionary; cross-list GRE frequency ranking","https://github.com/Xatta-Trone/gre-words-collection","2026-07-16"
"vocab-0078","perfunctory","P ER0 F AH1 NG K T ER0 IY0","adjective","done or produced as a formality only","[""pro forma"",""casual"",""cursory"",""passing(a)"",""superficial""]","[""a one-candidate pro forma election"",""not thorough"",""a casual (or cursory) inspection failed to reveal the house's structural flaws"",""a passing glance""]","11","very_high","WordNet 3.1; CMU Pronouncing Dictionary; cross-list GRE frequency ranking","https://github.com/Xatta-Trone/gre-words-collection","2026-07-16"
"vocab-0079","precarious","P R IY0 K EH1 R IY0 AH0 S","adjective","not secure","[""shaky"",""unstable""]","[""beset with difficulties"",""a shaky marriage"",""a precarious truce""]","11","very_high","WordNet 3.1; CMU Pronouncing Dictionary; cross-list GRE frequency ranking","https://github.com/Xatta-Trone/gre-words-collection","2026-07-16"
"vocab-0080","precipitate","P R IH0 S IH1 P IH0 T EY2 T","verb","hurl or throw violently","[""come down"",""fall""]","[""The bridge broke and precipitated the train into the river below"",""Our economy precipitated into complete ruin"",""rain, snow and sleet were falling"",""Vesuvius precipitated its fiery, destructive rage on Herculaneum""]","11","very_high","WordNet 3.1; CMU Pronouncing Dictionary; cross-list GRE frequency ranking","https://github.com/Xatta-Trone/gre-words-collection","2026-07-16"
"vocab-0081","presumptuous","P R IH0 Z AH1 M P CH AH0 W AH0 S","adjective","excessively forward","[""assumptive"",""assuming""]","[""an assumptive person"",""on a subject like this it would be too assuming for me to decide"",""the duchess would not put up with presumptuous servants""]","11","very_high","WordNet 3.1; CMU Pronouncing Dictionary; cross-list GRE frequency ranking","https://github.com/Xatta-Trone/gre-words-collection","2026-07-16"
"vocab-0082","prevaricate","P R AH0 V EH1 R AH0 K EY0 T","verb","be deliberately ambiguous or unclear in order to mislead or withhold information  ","[""beat around the bush"",""equivocate"",""tergiversate"",""palter""]","[]","11","very_high","WordNet 3.1; CMU Pronouncing Dictionary; cross-list GRE frequency ranking","https://github.com/Xatta-Trone/gre-words-collection","2026-07-16"
"vocab-0083","probity","P R OW1 B AH0 T IY0","noun","complete and confirmed integrity","[]","[""having strong moral principles"",""in a world where financial probity may not be widespread"",""he enjoys an exaggerated reputation for probity""]","11","very_high","WordNet 3.1; CMU Pronouncing Dictionary; cross-list GRE frequency ranking","https://github.com/Xatta-Trone/gre-words-collection","2026-07-16"
"vocab-0084","recondite","R EH1 K AH0 N D AY2 T","adjective","difficult to penetrate","[""abstruse"",""deep""]","[""incomprehensible to one of ordinary understanding or knowledge"",""the professor's lectures were so abstruse that students tended to avoid them"",""a deep metaphysical theory"",""some recondite problem in historiography""]","11","very_high","WordNet 3.1; CMU Pronouncing Dictionary; cross-list GRE frequency ranking","https://github.com/Xatta-Trone/gre-words-collection","2026-07-16"
"vocab-0085","refute","R IH0 F Y UW1 T","verb","prove to be false or incorrect  ","[""rebut"",""controvert""]","[""The speaker refuted his opponent's arguments""]","11","very_high","WordNet 3.1; CMU Pronouncing Dictionary; cross-list GRE frequency ranking","https://github.com/Xatta-Trone/gre-words-collection","2026-07-16"
"vocab-0086","reproach","R IY0 P R OW1 CH","verb","express criticism towards","[""upbraid""]","[""The president reproached the general for his irresponsible behavior"",""he brought reproach upon his family"",""words of reproach""]","11","very_high","WordNet 3.1; CMU Pronouncing Dictionary; cross-list GRE frequency ranking","https://github.com/Xatta-Trone/gre-words-collection","2026-07-16"
"vocab-0087","rescind","R IH0 S IH1 N D","verb","cancel officially","[""revoke"",""annul"",""lift"",""countermand"",""reverse"",""repeal"",""overturn"",""vacate""]","[""He revoked the ban on smoking"",""lift an embargo"",""vacate a death sentence""]","11","very_high","WordNet 3.1; CMU Pronouncing Dictionary; cross-list GRE frequency ranking","https://github.com/Xatta-Trone/gre-words-collection","2026-07-16"
"vocab-0088","sedulous","","adjective","marked by care and persistent effort","[""assiduous""]","[""her assiduous attempts to learn French"",""assiduous research"",""sedulous pursuit of legal and moral principles""]","11","very_high","WordNet 3.1; CMU Pronouncing Dictionary; cross-list GRE frequency ranking","https://github.com/Xatta-Trone/gre-words-collection","2026-07-16"
"vocab-0089","stolid","S T AA1 L AH0 D","adjective","having or revealing little emotion or sensibility","[""impassive""]","[""not easily aroused or excited"",""her impassive remoteness"",""he remained impassive, showing neither interest in nor concern for our plight- Nordhoff & Hall"",""a silent stolid creature who took it all as a matter of course-Virginia Woolf""]","11","very_high","WordNet 3.1; CMU Pronouncing Dictionary; cross-list GRE frequency ranking","https://github.com/Xatta-Trone/gre-words-collection","2026-07-16"
"vocab-0090","supplant","S AH0 P L AE1 N T","verb","take the place or move into the position of","[""replace"",""supersede"",""supervene upon""]","[""Smith replaced Miller as CEO after Miller left"",""the computer has supplanted the slide rule"",""Mary replaced Susan as the team's captain and the highest-ranked player in the school""]","11","very_high","WordNet 3.1; CMU Pronouncing Dictionary; cross-list GRE frequency ranking","https://github.com/Xatta-Trone/gre-words-collection","2026-07-16"
"vocab-0091","taciturn","T AE1 S IH0 T ER2 N","adjective","habitually reserved and uncommunicative  ","[]","[]","11","very_high","WordNet 3.1; CMU Pronouncing Dictionary; cross-list GRE frequency ranking","https://github.com/Xatta-Trone/gre-words-collection","2026-07-16"
"vocab-0092","tirade","T AY0 R EY1 D","noun","a speech of violent denunciation  ","[""philippic"",""broadside""]","[]","11","very_high","WordNet 3.1; CMU Pronouncing Dictionary; cross-list GRE frequency ranking","https://github.com/Xatta-Trone/gre-words-collection","2026-07-16"
"vocab-0093","vacillate","V AE1 S AH0 L EY2 T","verb","move or sway in a rising and falling or wavelike pattern","[""fluctuate"",""waver"",""hover"",""vibrate"",""oscillate""]","[""the line on the monitor vacillated"",""waver between conflicting positions or courses of action"",""He oscillates between accepting the new position and retirement""]","11","very_high","WordNet 3.1; CMU Pronouncing Dictionary; cross-list GRE frequency ranking","https://github.com/Xatta-Trone/gre-words-collection","2026-07-16"
"vocab-0094","abstain","AH0 B S T EY1 N","verb","choose not to consume","[""refrain"",""desist""]","[""I abstain from alcohol""]","10","very_high","WordNet 3.1; CMU Pronouncing Dictionary; cross-list GRE frequency ranking","https://github.com/Xatta-Trone/gre-words-collection","2026-07-16"
"vocab-0095","adulterate","AH0 D AH1 L T ER0 EY2 T","adjective","mixed with impurities  ","[""adulterated"",""debased""]","[]","10","very_high","WordNet 3.1; CMU Pronouncing Dictionary; cross-list GRE frequency ranking","https://github.com/Xatta-Trone/gre-words-collection","2026-07-16"
"vocab-0096","affable","AE1 F AH0 B AH0 L","adjective","diffusing warmth and friendliness","[""amiable"",""cordial"",""genial""]","[""an affable smile"",""an amiable gathering"",""cordial relations"",""a cordial greeting""]","10","very_high","WordNet 3.1; CMU Pronouncing Dictionary; cross-list GRE frequency ranking","https://github.com/Xatta-Trone/gre-words-collection","2026-07-16"
"vocab-0097","amalgamate","AH0 M AE1 L G AH0 M EY2 T","adjective","joined together into a whole","[""amalgamated"",""coalesced"",""consolidated"",""fused""]","[""United Industries"",""the amalgamated colleges constituted a university"",""a consolidated school""]","10","very_high","WordNet 3.1; CMU Pronouncing Dictionary; cross-list GRE frequency ranking","https://github.com/Xatta-Trone/gre-words-collection","2026-07-16"
"vocab-0098","ambiguous","AE0 M B IH1 G Y UW0 AH0 S","adjective","having no intrinsic or objective meaning","[]","[""not organized in conventional patterns"",""an ambiguous situation with no frame of reference"",""ambiguous inkblots"",""ambiguous words""]","10","very_high","WordNet 3.1; CMU Pronouncing Dictionary; cross-list GRE frequency ranking","https://github.com/Xatta-Trone/gre-words-collection","2026-07-16"
"vocab-0099","antipathy","AE0 N T IH1 P AH0 TH IY0","noun","the object of a feeling of intense aversion","[""aversion"",""distaste""]","[""something to be avoided"",""cats were his greatest antipathy""]","10","very_high","WordNet 3.1; CMU Pronouncing Dictionary; cross-list GRE frequency ranking","https://github.com/Xatta-Trone/gre-words-collection","2026-07-16"
"vocab-0100","archaic","AA0 R K EY1 IH0 K","adjective","little evolved from or characteristic of an earlier ancestral type","[""primitive""]","[""archaic forms of life"",""primitive mammals"",""the okapi is a short-necked primitive cousin of the giraffe""]","10","very_high","WordNet 3.1; CMU Pronouncing Dictionary; cross-list GRE frequency ranking","https://github.com/Xatta-Trone/gre-words-collection","2026-07-16"
"vocab-0101","arduous","AA1 R JH UW0 AH0 S","adjective","difficult to accomplish","[""straining"",""strenuous"",""backbreaking"",""grueling"",""gruelling"",""hard"",""heavy"",""laborious"",""operose"",""punishing""]","[""demanding considerable mental effort and skill"",""the arduous work of preparing a dictionary"",""testing powers of endurance"",""his final, straining burst of speed""]","10","very_high","WordNet 3.1; CMU Pronouncing Dictionary; cross-list GRE frequency ranking","https://github.com/Xatta-Trone/gre-words-collection","2026-07-16"
"vocab-0102","avarice","AE1 V ER0 AH0 S","noun","extreme greed for material wealth  ","[""avariciousness"",""covetousness"",""cupidity"",""greed"",""rapacity"",""avaritia""]","[""insatiable desire for wealth (personified as one of the deadly sins)""]","10","very_high","WordNet 3.1; CMU Pronouncing Dictionary; cross-list GRE frequency ranking","https://github.com/Xatta-Trone/gre-words-collection","2026-07-16"
"vocab-0103","benign","B IH0 N AY1 N","adjective","kindness of disposition or manner","[""benignant""]","[""the benign ruler of millions"",""benign intentions"",""a benign smile"",""the benign sky""]","10","very_high","WordNet 3.1; CMU Pronouncing Dictionary; cross-list GRE frequency ranking","https://github.com/Xatta-Trone/gre-words-collection","2026-07-16"
"vocab-0104","burnish","B ER1 N IH0 SH","verb","polish and make shiny","[""buff"",""furbish"",""polish"",""gloss"",""glossiness""]","[""buff the wooden floors"",""buff my shoes""]","10","very_high","WordNet 3.1; CMU Pronouncing Dictionary; cross-list GRE frequency ranking","https://github.com/Xatta-Trone/gre-words-collection","2026-07-16"
"vocab-0105","caustic","K AA1 S T IH0 K","adjective","of a substance, especially a strong acid","[""corrosive"",""erosive"",""vitriolic"",""mordant""]","[""capable of destroying or eating away by chemical action""]","10","very_high","WordNet 3.1; CMU Pronouncing Dictionary; cross-list GRE frequency ranking","https://github.com/Xatta-Trone/gre-words-collection","2026-07-16"
"vocab-0106","censure","S EH1 N SH ER0","noun","harsh criticism or disapproval  ","[""animadversion""]","[]","10","very_high","WordNet 3.1; CMU Pronouncing Dictionary; cross-list GRE frequency ranking","https://github.com/Xatta-Trone/gre-words-collection","2026-07-16"
"vocab-0107","coalesce","K OW2 AH0 L EH1 S","verb","fuse or cause to grow together  ","[]","[]","10","very_high","WordNet 3.1; CMU Pronouncing Dictionary; cross-list GRE frequency ranking","https://github.com/Xatta-Trone/gre-words-collection","2026-07-16"
"vocab-0108","contentious","K AH0 N T EH1 N SH AH0 S","adjective","involving or likely to cause controversy","[""combative"",""disputatious"",""disputative"",""litigious""]","[""a central and contentious element of the book- Tim W.Ferfuson"",""a style described as abrasive and contentious"",""a disputatious lawyer"",""a litigious and acrimonious spirit""]","10","very_high","WordNet 3.1; CMU Pronouncing Dictionary; cross-list GRE frequency ranking","https://github.com/Xatta-Trone/gre-words-collection","2026-07-16"
"vocab-0109","convoluted","K AA1 N V AH0 L UW2 T AH0 D","adjective","highly complex or intricate and occasionally devious","[""Byzantine"",""involved"",""knotty"",""tangled"",""tortuous"",""convolute""]","[""the Byzantine tax structure"",""Byzantine methods for holding on to his chairmanship"",""convoluted legal language"",""convoluted reasoning""]","10","very_high","WordNet 3.1; CMU Pronouncing Dictionary; cross-list GRE frequency ranking","https://github.com/Xatta-Trone/gre-words-collection","2026-07-16"
"vocab-0110","copious","K OW1 P IY0 AH0 S","adjective","large in number or quantity (especially of discourse)","[""voluminous""]","[""she took copious notes"",""a subject of voluminous legislation""]","10","very_high","WordNet 3.1; CMU Pronouncing Dictionary; cross-list GRE frequency ranking","https://github.com/Xatta-Trone/gre-words-collection","2026-07-16"
"vocab-0111","corroborate","K ER0 AA1 B ER0 EY2 T","verb","support with evidence or authority or make more certain or confirm","[""underpin"",""bear out"",""support""]","[""The stories and claims were born out by the evidence""]","10","very_high","WordNet 3.1; CMU Pronouncing Dictionary; cross-list GRE frequency ranking","https://github.com/Xatta-Trone/gre-words-collection","2026-07-16"
"vocab-0112","dearth","D ER1 TH","noun","an insufficient quantity or number  ","[""paucity"",""famine"",""shortage""]","[]","10","very_high","WordNet 3.1; CMU Pronouncing Dictionary; cross-list GRE frequency ranking","https://github.com/Xatta-Trone/gre-words-collection","2026-07-16"
"vocab-0113","decorum","D IH0 K AO1 R AH0 M","noun","propriety in manners and conduct  ","[""decorousness""]","[]","10","very_high","WordNet 3.1; CMU Pronouncing Dictionary; cross-list GRE frequency ranking","https://github.com/Xatta-Trone/gre-words-collection","2026-07-16"
"vocab-0114","deference","D EH1 F ER0 AH0 N S","noun","courteous regard for people's feelings","[""respect"",""respectfulness""]","[""in deference to your wishes"",""out of respect for his privacy"",""his deference to her wishes was very flattering"",""be sure to give my respects to the dean""]","10","very_high","WordNet 3.1; CMU Pronouncing Dictionary; cross-list GRE frequency ranking","https://github.com/Xatta-Trone/gre-words-collection","2026-07-16"
"vocab-0115","deleterious","D EH2 L AH0 T IH1 R IY0 AH0 S","adjective","harmful to living things","[""hurtful"",""injurious""]","[""deleterious chemical additives""]","10","very_high","WordNet 3.1; CMU Pronouncing Dictionary; cross-list GRE frequency ranking","https://github.com/Xatta-Trone/gre-words-collection","2026-07-16"
"vocab-0116","delineate","D IH0 L IH1 N IY0 EY2 T","verb","describe in vivid detail  ","[""limn"",""outline""]","[]","10","very_high","WordNet 3.1; CMU Pronouncing Dictionary; cross-list GRE frequency ranking","https://github.com/Xatta-Trone/gre-words-collection","2026-07-16"
"vocab-0117","denigrate","D EH1 N AH0 G R EY2 T","verb","charge falsely or with malicious intent","[""defame"",""slander"",""smirch"",""asperse"",""calumniate"",""smear"",""sully"",""besmirch"",""minimize"",""belittle""]","[""attack the good name and reputation of someone"",""The journalists have defamed me!"",""The article in the paper sullied my reputation"",""play down""]","10","very_high","WordNet 3.1; CMU Pronouncing Dictionary; cross-list GRE frequency ranking","https://github.com/Xatta-Trone/gre-words-collection","2026-07-16"
"vocab-0118","disabuse","D IH0 S AH0 B Y UW1 S","verb","free somebody (from an erroneous belief)  ","[]","[]","10","very_high","WordNet 3.1; CMU Pronouncing Dictionary; cross-list GRE frequency ranking","https://github.com/Xatta-Trone/gre-words-collection","2026-07-16"
"vocab-0119","disinterested","D IH0 S IH1 N T R IH0 S T IH0 D","adjective","unaffected by self-interest  ","[]","[]","10","very_high","WordNet 3.1; CMU Pronouncing Dictionary; cross-list GRE frequency ranking","https://github.com/Xatta-Trone/gre-words-collection","2026-07-16"
"vocab-0120","disparate","D IH1 S P ER0 IH0 T","adjective","including markedly dissimilar elements","[]","[""a disparate aggregate of creeds and songs and prayers"",""such disparate attractions as grand opera and game fishing"",""disparate ideas""]","10","very_high","WordNet 3.1; CMU Pronouncing Dictionary; cross-list GRE frequency ranking","https://github.com/Xatta-Trone/gre-words-collection","2026-07-16"
"vocab-0121","dupe","D UW1 P","verb","fool or hoax","[""gull"",""slang"",""befool"",""cod"",""fool"",""put on"",""take in"",""put one over"",""put one across"",""victim""]","[""The immigrant was duped because he trusted everyone"",""You can't fool me!""]","10","very_high","WordNet 3.1; CMU Pronouncing Dictionary; cross-list GRE frequency ranking","https://github.com/Xatta-Trone/gre-words-collection","2026-07-16"
"vocab-0122","eccentric","IH0 K S EH1 N T R IH0 K","adjective","not having a common center","[""nonconcentric"",""eccentric person"",""flake"",""oddball"",""geek""]","[""not concentric"",""eccentric circles""]","10","very_high","WordNet 3.1; CMU Pronouncing Dictionary; cross-list GRE frequency ranking","https://github.com/Xatta-Trone/gre-words-collection","2026-07-16"
"vocab-0123","eclectic","IH0 K L EH1 K T IH0 K","adjective","selecting what seems best of various styles or ideas  ","[]","[]","10","very_high","WordNet 3.1; CMU Pronouncing Dictionary; cross-list GRE frequency ranking","https://github.com/Xatta-Trone/gre-words-collection","2026-07-16"
"vocab-0124","effrontery","IH0 F R AH1 N T ER0 IY0","noun","audacious (even arrogant) behavior that you have no right to","[""presumption"",""presumptuousness"",""assumption""]","[""he despised them for their presumptuousness""]","10","very_high","WordNet 3.1; CMU Pronouncing Dictionary; cross-list GRE frequency ranking","https://github.com/Xatta-Trone/gre-words-collection","2026-07-16"
"vocab-0125","erudite","EH1 R AH0 D AY2 T","adjective","having or showing profound knowledge","[""learned""]","[""a learned jurist"",""an erudite professor""]","10","very_high","WordNet 3.1; CMU Pronouncing Dictionary; cross-list GRE frequency ranking","https://github.com/Xatta-Trone/gre-words-collection","2026-07-16"
"vocab-0126","esoteric","EH2 S AH0 T EH1 R IH0 K","adjective","confined to and understandable by only an enlightened inner circle","[]","[""a compilation of esoteric philosophical theories""]","10","very_high","WordNet 3.1; CMU Pronouncing Dictionary; cross-list GRE frequency ranking","https://github.com/Xatta-Trone/gre-words-collection","2026-07-16"
"vocab-0127","estimable","EH1 S T AH0 M AH0 B AH0 L","adjective","deserving of esteem and respect","[""good"",""honorable"",""respectable""]","[""all respectable companies give guarantees"",""ruined the family's good name""]","10","very_high","WordNet 3.1; CMU Pronouncing Dictionary; cross-list GRE frequency ranking","https://github.com/Xatta-Trone/gre-words-collection","2026-07-16"
"vocab-0128","evanescent","EH2 V AH0 N EH1 S AH0 N T","adjective","tending to vanish like vapor","[]","[""evanescent beauty""]","10","very_high","WordNet 3.1; CMU Pronouncing Dictionary; cross-list GRE frequency ranking","https://github.com/Xatta-Trone/gre-words-collection","2026-07-16"
"vocab-0129","fastidious","F AE0 S T IH1 D IY0 AH0 S","adjective","having complicated nutritional requirements","[""exacting""]","[""especially growing only in special artificial cultures"",""fastidious microorganisms"",""certain highly specialized xerophytes are extremely exacting in their requirements"",""hard to please""]","10","very_high","WordNet 3.1; CMU Pronouncing Dictionary; cross-list GRE frequency ranking","https://github.com/Xatta-Trone/gre-words-collection","2026-07-16"
"vocab-0130","furtive","F ER1 T IH0 V","adjective","marked by quiet and caution and secrecy","[""sneak(a)"",""sneaky"",""stealthy"",""surreptitious""]","[""taking pains to avoid being observed"",""a furtive manner"",""a sneak attack"",""stealthy footsteps""]","10","very_high","WordNet 3.1; CMU Pronouncing Dictionary; cross-list GRE frequency ranking","https://github.com/Xatta-Trone/gre-words-collection","2026-07-16"
"vocab-0131","gainsay","G EY1 N S EY2","verb","take exception to","[""challenge"",""dispute""]","[""She challenged his claims""]","10","very_high","WordNet 3.1; CMU Pronouncing Dictionary; cross-list GRE frequency ranking","https://github.com/Xatta-Trone/gre-words-collection","2026-07-16"
"vocab-0132","hackneyed","HH AE1 K N IY0 D","adjective","repeated too often","[""banal"",""commonplace"",""old-hat"",""shopworn"",""stock(a)"",""threadbare"",""timeworn"",""tired"",""trite"",""well-worn""]","[""overfamiliar through overuse"",""bromidic sermons"",""his remarks were trite and commonplace"",""hackneyed phrases""]","10","very_high","WordNet 3.1; CMU Pronouncing Dictionary; cross-list GRE frequency ranking","https://github.com/Xatta-Trone/gre-words-collection","2026-07-16"
"vocab-0133","impetuous","IH2 M P EH1 CH W AH0 S","adjective","marked by violent force","[]","[""impetuous heaving waves""]","10","very_high","WordNet 3.1; CMU Pronouncing Dictionary; cross-list GRE frequency ranking","https://github.com/Xatta-Trone/gre-words-collection","2026-07-16"
"vocab-0134","inchoate","IH2 N K OW1 AH0 T","adjective","only partly in existence","[""incipient""]","[""imperfectly formed"",""incipient civil disorder"",""an incipient tumor"",""a vague inchoate idea""]","10","very_high","WordNet 3.1; CMU Pronouncing Dictionary; cross-list GRE frequency ranking","https://github.com/Xatta-Trone/gre-words-collection","2026-07-16"
"vocab-0135","indolent","IH1 N D AH0 L AH0 N T","adjective","(of tumors, e.g.) slow to heal or develop and usually painless","[]","[""an indolent ulcer"",""leprosy is an indolent infectious disease""]","10","very_high","WordNet 3.1; CMU Pronouncing Dictionary; cross-list GRE frequency ranking","https://github.com/Xatta-Trone/gre-words-collection","2026-07-16"
"vocab-0136","ingenuous","IH2 N JH EH1 N Y UW0 AH0 S","adjective","characterized by an inability to mask your feelings","[""artless""]","[""not devious"",""an ingenuous admission of responsibility""]","10","very_high","WordNet 3.1; CMU Pronouncing Dictionary; cross-list GRE frequency ranking","https://github.com/Xatta-Trone/gre-words-collection","2026-07-16"
"vocab-0137","invidious","IH2 N V IH1 D IY0 AH0 S","adjective","containing or implying a slight or showing prejudice","[""discriminatory""]","[""discriminatory attitudes and practices"",""invidious comparisons""]","10","very_high","WordNet 3.1; CMU Pronouncing Dictionary; cross-list GRE frequency ranking","https://github.com/Xatta-Trone/gre-words-collection","2026-07-16"
"vocab-0138","laconic","L AA0 K AA1 N IH0 K","adjective","brief and to the point","[""crisp"",""curt"",""terse""]","[""effectively cut short"",""a crisp retort"",""a response so curt as to be almost rude"",""the laconic reply""]","10","very_high","WordNet 3.1; CMU Pronouncing Dictionary; cross-list GRE frequency ranking","https://github.com/Xatta-Trone/gre-words-collection","2026-07-16"
"vocab-0139","languid","L AE1 NG G W AH0 D","adjective","lacking spirit or liveliness","[""dreamy"",""lackadaisical"",""languorous""]","[""a lackadaisical attempt"",""a languid mood"",""a languid wave of the hand"",""a hot languorous afternoon""]","10","very_high","WordNet 3.1; CMU Pronouncing Dictionary; cross-list GRE frequency ranking","https://github.com/Xatta-Trone/gre-words-collection","2026-07-16"
"vocab-0140","loquacious","L OW0 K W EY1 SH AH0 S","adjective","full of trivial conversation","[""chatty"",""gabby"",""garrulous"",""talkative"",""talky""]","[""kept from her housework by gabby neighbors""]","10","very_high","WordNet 3.1; CMU Pronouncing Dictionary; cross-list GRE frequency ranking","https://github.com/Xatta-Trone/gre-words-collection","2026-07-16"
"vocab-0141","maverick","M AE1 V ER0 IH0 K","noun","an unbranded range animal (especially a stray calf)","[""rebel""]","[""belongs to the first person who puts a brand on it""]","10","very_high","WordNet 3.1; CMU Pronouncing Dictionary; cross-list GRE frequency ranking","https://github.com/Xatta-Trone/gre-words-collection","2026-07-16"
"vocab-0142","mercurial","M ER0 K Y UH1 R IY0 AH0 L","adjective","relating to or containing or caused by mercury","[]","[""mercurial preparations"",""mercurial sore mouth""]","10","very_high","WordNet 3.1; CMU Pronouncing Dictionary; cross-list GRE frequency ranking","https://github.com/Xatta-Trone/gre-words-collection","2026-07-16"
"vocab-0143","nuance","N UW1 AA0 N S","noun","a subtle difference in meaning or opinion or attitude","[""nicety"",""shade"",""subtlety"",""refinement""]","[""without understanding the finer nuances you can't enjoy the humor"",""don't argue about shades of meaning""]","10","very_high","WordNet 3.1; CMU Pronouncing Dictionary; cross-list GRE frequency ranking","https://github.com/Xatta-Trone/gre-words-collection","2026-07-16"
"vocab-0144","obstinate","AA1 B S T AH0 N AH0 T","verb","persist stubbornly","[]","[""he obstinates himself against all rational arguments""]","10","very_high","WordNet 3.1; CMU Pronouncing Dictionary; cross-list GRE frequency ranking","https://github.com/Xatta-Trone/gre-words-collection","2026-07-16"
"vocab-0145","officious","","adjective","intrusive in a meddling or offensive manner","[""interfering"",""meddlesome"",""meddling"",""busy"",""busybodied""]","[""an interfering old woman"",""bustling about self-importantly making an officious nuisance of himself"",""busy about other people's business""]","10","very_high","WordNet 3.1; CMU Pronouncing Dictionary; cross-list GRE frequency ranking","https://github.com/Xatta-Trone/gre-words-collection","2026-07-16"
"vocab-0146","onerous","OW1 N ER0 AH0 S","adjective","not easily borne","[""burdensome"",""taxing""]","[""wearing"",""the burdensome task of preparing the income tax return"",""my duties weren't onerous"",""I only had to greet the guests""]","10","very_high","WordNet 3.1; CMU Pronouncing Dictionary; cross-list GRE frequency ranking","https://github.com/Xatta-Trone/gre-words-collection","2026-07-16"
"vocab-0147","ostentatious","AA2 S T AH0 N T EY1 SH AH0 S","adjective","(of a display) tawdry or vulgar  ","[""pretentious""]","[""an ostentatious sable coat""]","10","very_high","WordNet 3.1; CMU Pronouncing Dictionary; cross-list GRE frequency ranking","https://github.com/Xatta-Trone/gre-words-collection","2026-07-16"
"vocab-0148","paragon","P EH1 R AH0 G AA2 N","noun","an ideal instance","[""idol"",""perfection"",""beau ideal""]","[""a perfect embodiment of a concept""]","10","very_high","WordNet 3.1; CMU Pronouncing Dictionary; cross-list GRE frequency ranking","https://github.com/Xatta-Trone/gre-words-collection","2026-07-16"
"vocab-0149","partisan","P AA1 R T AH0 Z AH0 N","adjective","devoted to a cause or party  ","[""partizan"",""zealot"",""drumbeater""]","[""16th and 17th centuries""]","10","very_high","WordNet 3.1; CMU Pronouncing Dictionary; cross-list GRE frequency ranking","https://github.com/Xatta-Trone/gre-words-collection","2026-07-16"
"vocab-0150","paucity","P AO1 S AH0 T IY2","noun","an insufficient quantity or number  ","[""dearth""]","[]","10","very_high","WordNet 3.1; CMU Pronouncing Dictionary; cross-list GRE frequency ranking","https://github.com/Xatta-Trone/gre-words-collection","2026-07-16"
"vocab-0151","penchant","P EH1 N CH AH0 N T","noun","a strong liking","[""preference"",""predilection"",""taste""]","[""my own preference is for good literature"",""the Irish have a penchant for blarney""]","10","very_high","WordNet 3.1; CMU Pronouncing Dictionary; cross-list GRE frequency ranking","https://github.com/Xatta-Trone/gre-words-collection","2026-07-16"
"vocab-0152","profligate","P R AO1 F L IH0 G EY2 T","adjective","unrestrained by convention or morality","[""debauched"",""degenerate"",""degraded"",""dissipated"",""dissolute"",""libertine"",""riotous"",""fast"",""extravagant"",""prodigal""]","[""Congreve draws a debauched aristocratic society"",""deplorably dissipated and degraded"",""riotous living"",""fast women""]","10","very_high","WordNet 3.1; CMU Pronouncing Dictionary; cross-list GRE frequency ranking","https://github.com/Xatta-Trone/gre-words-collection","2026-07-16"
"vocab-0153","propitiate","","verb","make peace with  ","[""appease""]","[]","10","very_high","WordNet 3.1; CMU Pronouncing Dictionary; cross-list GRE frequency ranking","https://github.com/Xatta-Trone/gre-words-collection","2026-07-16"
"vocab-0154","propriety","P R AH0 P R AY1 AH0 T IY0","noun","correct or appropriate behavior  ","[""properness"",""correctitude""]","[]","10","very_high","WordNet 3.1; CMU Pronouncing Dictionary; cross-list GRE frequency ranking","https://github.com/Xatta-Trone/gre-words-collection","2026-07-16"
"vocab-0155","relegate","R EH1 L AH0 G EY2 T","verb","assign to a class or kind","[""classify"",""pass on"",""submit""]","[""How should algae be classified?"",""People argue about how to relegate certain mushrooms"",""She likes to relegate difficult questions to her colleagues""]","10","very_high","WordNet 3.1; CMU Pronouncing Dictionary; cross-list GRE frequency ranking","https://github.com/Xatta-Trone/gre-words-collection","2026-07-16"
"vocab-0156","sinecure","","noun","an office that involves minimal duties  ","[]","[]","10","very_high","WordNet 3.1; CMU Pronouncing Dictionary; cross-list GRE frequency ranking","https://github.com/Xatta-Trone/gre-words-collection","2026-07-16"
"vocab-0157","soporific","","adjective","sleep inducing  ","[""soporiferous"",""somniferous"",""somnific"",""hypnogogic"",""hypnagogic"",""hypnotic""]","[]","10","very_high","WordNet 3.1; CMU Pronouncing Dictionary; cross-list GRE frequency ranking","https://github.com/Xatta-Trone/gre-words-collection","2026-07-16"
"vocab-0158","sporadic","S P ER0 AE1 D IH0 K","adjective","recurring in scattered and irregular or unpredictable instances","[]","[""a city subjected to sporadic bombing raids""]","10","very_high","WordNet 3.1; CMU Pronouncing Dictionary; cross-list GRE frequency ranking","https://github.com/Xatta-Trone/gre-words-collection","2026-07-16"
"vocab-0159","spurious","S P Y UH1 R IY0 AH0 S","adjective","ostensibly valid, but not actually valid","[]","[""a spurious argument""]","10","very_high","WordNet 3.1; CMU Pronouncing Dictionary; cross-list GRE frequency ranking","https://github.com/Xatta-Trone/gre-words-collection","2026-07-16"
"vocab-0160","surreptitious","S ER2 AH0 P T IH1 SH AH0 S","adjective","conducted with or marked by hidden aims or methods","[""clandestine"",""cloak-and-dagger"",""hole-and-corner(a)"",""hugger-mugger"",""hush-hush"",""secret"",""undercover"",""underground"",""furtive"",""sneak(a)""]","[""clandestine intelligence operations"",""cloak-and-dagger activities behind enemy lines"",""hole-and-corner intrigue"",""secret missions""]","10","very_high","WordNet 3.1; CMU Pronouncing Dictionary; cross-list GRE frequency ranking","https://github.com/Xatta-Trone/gre-words-collection","2026-07-16"
"vocab-0161","tacit","T AE1 S IH0 T","adjective","implied by or inferred from actions or statements","[""silent"",""understood""]","[""gave silent consent"",""a tacit agreement"",""the understood provisos of a custody agreement""]","10","very_high","WordNet 3.1; CMU Pronouncing Dictionary; cross-list GRE frequency ranking","https://github.com/Xatta-Trone/gre-words-collection","2026-07-16"
"vocab-0162","tortuous","T AO1 R CH AH0 W AH0 S","adjective","not straightforward","[""twisting"",""twisty"",""winding"",""voluminous""]","[""his tortuous reasoning"",""a tortuous road up the mountain"",""winding roads are full of surprises"",""had to steer the car down a twisty track""]","10","very_high","WordNet 3.1; CMU Pronouncing Dictionary; cross-list GRE frequency ranking","https://github.com/Xatta-Trone/gre-words-collection","2026-07-16"
"vocab-0163","tractable","T R AE1 K T AH0 B AH0 L","adjective","easily managed (controlled or taught or molded)","[""manipulable""]","[""tractable young minds"",""the natives...being...of an intelligent tractable disposition- Samuel Butler""]","10","very_high","WordNet 3.1; CMU Pronouncing Dictionary; cross-list GRE frequency ranking","https://github.com/Xatta-Trone/gre-words-collection","2026-07-16"
"vocab-0164","trenchant","T R EH1 N CH AH0 N T","adjective","clearly or sharply defined to the mind","[""clear-cut"",""distinct"",""hard-hitting"",""searching""]","[""clear-cut evidence of tampering"",""Claudius was the first to invade Britain with distinct...intentions of conquest"",""trenchant distinctions between right and wrong"",""a hard-hitting expose""]","10","very_high","WordNet 3.1; CMU Pronouncing Dictionary; cross-list GRE frequency ranking","https://github.com/Xatta-Trone/gre-words-collection","2026-07-16"
"vocab-0165","turgid","T ER1 JH IH0 D","adjective","abnormally distended especially by fluids or gas","[""puffy"",""intumescent"",""tumescent"",""tumid"",""bombastic"",""declamatory"",""large"",""orotund""]","[""hungry children with bloated stomachs"",""he had a grossly distended stomach"",""eyes with puffed (or puffy) lids"",""swollen hands""]","10","very_high","WordNet 3.1; CMU Pronouncing Dictionary; cross-list GRE frequency ranking","https://github.com/Xatta-Trone/gre-words-collection","2026-07-16"
"vocab-0166","upbraid","AH1 P B R EY2 D","verb","express criticism towards","[""reproach""]","[""The president reproached the general for his irresponsible behavior""]","10","very_high","WordNet 3.1; CMU Pronouncing Dictionary; cross-list GRE frequency ranking","https://github.com/Xatta-Trone/gre-words-collection","2026-07-16"
"vocab-0167","venerate","V EH1 N ER0 EY2 T","verb","regard with feelings of respect and reverence","[""reverence"",""fear"",""revere""]","[""consider hallowed or exalted or be in awe of"",""Fear God as your father"",""We venerate genius""]","10","very_high","WordNet 3.1; CMU Pronouncing Dictionary; cross-list GRE frequency ranking","https://github.com/Xatta-Trone/gre-words-collection","2026-07-16"
"vocab-0168","zenith","Z IY1 N AH0 TH","noun","the point above the observer that is directly opposite the nadir on the imaginary sphere against which celestial bodies appear to be projected  ","[]","[]","10","very_high","WordNet 3.1; CMU Pronouncing Dictionary; cross-list GRE frequency ranking","https://github.com/Xatta-Trone/gre-words-collection","2026-07-16"
"vocab-0169","abeyance","AH0 B EY1 AH0 N S","noun","temporary cessation or suspension  ","[""suspension""]","[]","9","very_high","WordNet 3.1; CMU Pronouncing Dictionary; cross-list GRE frequency ranking","https://github.com/Xatta-Trone/gre-words-collection","2026-07-16"
"vocab-0170","abscond","AE0 B S K AA1 N D","verb","run away","[""bolt"",""absquatulate"",""decamp"",""run off"",""go off"",""make off""]","[""usually includes taking something or somebody along"",""The thief made off with our silver"",""the accountant absconded with the cash from the safe""]","9","very_high","WordNet 3.1; CMU Pronouncing Dictionary; cross-list GRE frequency ranking","https://github.com/Xatta-Trone/gre-words-collection","2026-07-16"
"vocab-0171","acme","AE1 K M IY0","noun","the highest level or degree attainable","[""height"",""elevation"",""peak"",""pinnacle"",""summit"",""superlative"",""meridian"",""tiptop"",""top""]","[""the highest stage of development"",""his landscapes were deemed the acme of beauty"",""the artist's gifts are at their acme"",""at the height of her career""]","9","very_high","WordNet 3.1; CMU Pronouncing Dictionary; cross-list GRE frequency ranking","https://github.com/Xatta-Trone/gre-words-collection","2026-07-16"
"vocab-0172","amorphous","AH0 M AO1 R F AH0 S","adjective","without real or apparent crystalline form","[""uncrystallized"",""uncrystallised""]","[""an amorphous mineral"",""amorphous structure"",""Her vague, amorphous statement of her predicament was part of what made it so hard for her to solve it"",""A mob is an amorphous crowd of people without ideals, a sum of individuals in which each lives for himself""]","9","very_high","WordNet 3.1; CMU Pronouncing Dictionary; cross-list GRE frequency ranking","https://github.com/Xatta-Trone/gre-words-collection","2026-07-16"
"vocab-0173","analogous","AH0 N AE1 L AH0 G AH0 S","adjective","corresponding in function but not in evolutionary origin","[""correspondent""]","[""the wings of a bee and those of a hummingbird are analogous"",""brains and computers are often considered analogous"",""salmon roe is marketed as analogous to caviar""]","9","very_high","WordNet 3.1; CMU Pronouncing Dictionary; cross-list GRE frequency ranking","https://github.com/Xatta-Trone/gre-words-collection","2026-07-16"
"vocab-0174","anomalous","AH0 N AA1 M AH0 L AH0 S","adjective","deviating from the general or common order or type","[]","[""advanced forms of life may be anomalous in the universe""]","9","very_high","WordNet 3.1; CMU Pronouncing Dictionary; cross-list GRE frequency ranking","https://github.com/Xatta-Trone/gre-words-collection","2026-07-16"
"vocab-0175","appease","AH0 P IY1 Z","verb","make peace with  ","[""propitiate"",""quell"",""stay"",""pacify"",""lenify"",""conciliate"",""assuage"",""mollify"",""placate"",""gentle""]","[""quell my hunger"",""gain the good will of"",""She managed to mollify the angry customer""]","9","very_high","WordNet 3.1; CMU Pronouncing Dictionary; cross-list GRE frequency ranking","https://github.com/Xatta-Trone/gre-words-collection","2026-07-16"
"vocab-0176","approbation","AE2 P R AH0 B EY1 SH AH0 N","noun","official recognition or approval  ","[]","[]","9","very_high","WordNet 3.1; CMU Pronouncing Dictionary; cross-list GRE frequency ranking","https://github.com/Xatta-Trone/gre-words-collection","2026-07-16"
"vocab-0177","arbitrary","AA1 R B AH0 T R EH2 R IY0","adjective","based on or subject to individual discretion or preference or sometimes impulse or caprice","[]","[""an arbitrary decision"",""the arbitrary rule of a dictator"",""an arbitrary penalty"",""of arbitrary size and shape""]","9","very_high","WordNet 3.1; CMU Pronouncing Dictionary; cross-list GRE frequency ranking","https://github.com/Xatta-Trone/gre-words-collection","2026-07-16"
"vocab-0178","artless","","adjective","(of persons) lacking art or knowledge  ","[""uncultivated"",""uncultured""]","[""an artless translation"",""without cunning or deceit"",""an artless manner"",""artless elegance""]","9","very_high","WordNet 3.1; CMU Pronouncing Dictionary; cross-list GRE frequency ranking","https://github.com/Xatta-Trone/gre-words-collection","2026-07-16"
"vocab-0179","attenuate","AH0 T EH1 N Y UW0 EY2 T","adjective","reduced in strength","[""attenuated"",""faded"",""weakened""]","[""the faded tones of an old recording""]","9","very_high","WordNet 3.1; CMU Pronouncing Dictionary; cross-list GRE frequency ranking","https://github.com/Xatta-Trone/gre-words-collection","2026-07-16"
"vocab-0180","augment","AO0 G M EH1 N T","verb","grow or intensify","[]","[""The pressure augmented"",""The recent speech of the president augmented tensions in the Near East""]","9","very_high","WordNet 3.1; CMU Pronouncing Dictionary; cross-list GRE frequency ranking","https://github.com/Xatta-Trone/gre-words-collection","2026-07-16"
"vocab-0181","aver","EY1 V ER0","verb","to declare or affirm solemnly and formally as true","[""affirm"",""verify"",""assert"",""avow"",""swan"",""swear"",""allege"",""say""]","[""Before God I swear I am innocent"",""He alleged that he was the victim of a crime"",""He said it was too late to intervene in the war"",""The registrar says that I owe the school money""]","9","very_high","WordNet 3.1; CMU Pronouncing Dictionary; cross-list GRE frequency ranking","https://github.com/Xatta-Trone/gre-words-collection","2026-07-16"
"vocab-0182","bucolic","B Y UW0 K AA1 L IH0 K","adjective","relating to shepherds or herdsmen or devoted to raising sheep or cattle","[""pastoral""]","[""pastoral seminomadic people"",""pastoral land"",""a pastoral economy""]","9","very_high","WordNet 3.1; CMU Pronouncing Dictionary; cross-list GRE frequency ranking","https://github.com/Xatta-Trone/gre-words-collection","2026-07-16"
"vocab-0183","buttress","B AH1 T R AH0 S","verb","make stronger or defensible","[""buttressing""]","[""buttress your thesis"",""Buttress the church"",""supports the wall of a building""]","9","very_high","WordNet 3.1; CMU Pronouncing Dictionary; cross-list GRE frequency ranking","https://github.com/Xatta-Trone/gre-words-collection","2026-07-16"
"vocab-0184","calumny","K AE1 L AH0 M N IY0","noun","an abusive attack on a person's character or good name  ","[""aspersion"",""slander"",""defamation"",""denigration"",""calumniation"",""obloquy"",""traducement"",""hatchet job""]","[]","9","very_high","WordNet 3.1; CMU Pronouncing Dictionary; cross-list GRE frequency ranking","https://github.com/Xatta-Trone/gre-words-collection","2026-07-16"
"vocab-0185","cardinal","K AA1 R D AH0 N AH0 L","adjective","being or denoting a numerical quantity but not order","[""central"",""fundamental"",""key"",""primal"",""cardinal grosbeak"",""Richmondena Cardinalis"",""Cardinalis cardinalis"",""redbird""]","[""cardinal numbers"",""a cardinal rule"",""the central cause of the problem"",""an example that was fundamental to the argument""]","9","very_high","WordNet 3.1; CMU Pronouncing Dictionary; cross-list GRE frequency ranking","https://github.com/Xatta-Trone/gre-words-collection","2026-07-16"
"vocab-0186","castigate","K AE1 S T AH0 G EY2 T","verb","inflict severe punishment on  ","[]","[]","9","very_high","WordNet 3.1; CMU Pronouncing Dictionary; cross-list GRE frequency ranking","https://github.com/Xatta-Trone/gre-words-collection","2026-07-16"
"vocab-0187","circumspect","S ER1 K AH0 M S P EH2 K T","adjective","heedful of potential consequences","[""discreet""]","[""circumspect actions"",""physicians are now more circumspect about recommending its use"",""a discreet investor""]","9","very_high","WordNet 3.1; CMU Pronouncing Dictionary; cross-list GRE frequency ranking","https://github.com/Xatta-Trone/gre-words-collection","2026-07-16"
"vocab-0188","confound","K AA0 N F AW1 N D","verb","mistake one thing for another","[""confuse"",""throw"",""fox"",""befuddle"",""fuddle"",""bedevil"",""discombobulate""]","[""you are confusing me with the other candidate"",""I mistook her for the secretary"",""cause to be unable to think clearly"",""These questions confuse even the experts""]","9","very_high","WordNet 3.1; CMU Pronouncing Dictionary; cross-list GRE frequency ranking","https://github.com/Xatta-Trone/gre-words-collection","2026-07-16"
"vocab-0189","connoisseur","K AA2 N AH0 S ER1","noun","an expert able to appreciate a field","[""cognoscente""]","[""especially in the fine arts""]","9","very_high","WordNet 3.1; CMU Pronouncing Dictionary; cross-list GRE frequency ranking","https://github.com/Xatta-Trone/gre-words-collection","2026-07-16"
"vocab-0190","conspicuous","K AH0 N S P IH1 K Y UW0 AH0 S","adjective","obvious to the eye or mind","[]","[""a tower conspicuous at a great distance"",""wore conspicuous neckties"",""made herself conspicuous by her exhibitionistic preening""]","9","very_high","WordNet 3.1; CMU Pronouncing Dictionary; cross-list GRE frequency ranking","https://github.com/Xatta-Trone/gre-words-collection","2026-07-16"
"vocab-0191","curmudgeon","K ER0 M AH1 JH IH0 N","noun","a crusty irascible cantankerous old person full of stubborn ideas  ","[]","[]","9","very_high","WordNet 3.1; CMU Pronouncing Dictionary; cross-list GRE frequency ranking","https://github.com/Xatta-Trone/gre-words-collection","2026-07-16"
"vocab-0192","demur","D IH0 M ER1","verb","enter a demurrer  ","[""except"",""demurral"",""demurrer""]","[""he demurred at my suggestion to work on Saturday""]","9","very_high","WordNet 3.1; CMU Pronouncing Dictionary; cross-list GRE frequency ranking","https://github.com/Xatta-Trone/gre-words-collection","2026-07-16"
"vocab-0193","desultory","D EH1 S AH0 L T AO2 R IY0","adjective","marked by lack of definite plan or regularity or purpose","[]","[""jumping from one thing to another"",""desultory thoughts"",""the desultory conversation characteristic of cocktail parties""]","9","very_high","WordNet 3.1; CMU Pronouncing Dictionary; cross-list GRE frequency ranking","https://github.com/Xatta-Trone/gre-words-collection","2026-07-16"
"vocab-0194","diffident","","adjective","lacking self-confidence","[""shy"",""timid"",""unsure""]","[""stood in the doorway diffident and abashed"",""problems that call for bold not timid responses"",""a very unsure young man"",""she was diffident when offering a comment on the professor's lecture""]","9","very_high","WordNet 3.1; CMU Pronouncing Dictionary; cross-list GRE frequency ranking","https://github.com/Xatta-Trone/gre-words-collection","2026-07-16"
"vocab-0195","dilatory","D IH1 L AH0 T AO2 R IY0","adjective","wasting time  ","[""laggard"",""poky"",""pokey""]","[]","9","very_high","WordNet 3.1; CMU Pronouncing Dictionary; cross-list GRE frequency ranking","https://github.com/Xatta-Trone/gre-words-collection","2026-07-16"
"vocab-0196","disingenuous","D IH0 S IH0 N JH EH1 N Y UW0 AH0 S","adjective","not straightforward or candid","[""artful""]","[""giving a false appearance of frankness"",""an ambitious, disingenuous, philistine, and hypocritical operator, who...exemplified...the most disagreeable traits of his time- David Cannadine"",""a disingenuous excuse""]","9","very_high","WordNet 3.1; CMU Pronouncing Dictionary; cross-list GRE frequency ranking","https://github.com/Xatta-Trone/gre-words-collection","2026-07-16"
"vocab-0197","disparage","D IH0 S P EH1 R IH0 JH","verb","express a negative opinion of","[""belittle"",""pick at""]","[""She disparaged her student's efforts""]","9","very_high","WordNet 3.1; CMU Pronouncing Dictionary; cross-list GRE frequency ranking","https://github.com/Xatta-Trone/gre-words-collection","2026-07-16"
"vocab-0198","dogmatic","D AA0 G M AE1 T IH0 K","adjective","relating to or involving dogma","[""dogmatical""]","[""dogmatic writings""]","9","very_high","WordNet 3.1; CMU Pronouncing Dictionary; cross-list GRE frequency ranking","https://github.com/Xatta-Trone/gre-words-collection","2026-07-16"
"vocab-0199","egregious","IH0 G R IY1 JH AH0 S","adjective","conspicuously and outrageously bad or reprehensible","[""crying(a)"",""flagrant"",""glaring"",""gross"",""rank""]","[""a crying shame"",""an egregious lie"",""flagrant violation of human rights"",""a glaring error""]","9","very_high","WordNet 3.1; CMU Pronouncing Dictionary; cross-list GRE frequency ranking","https://github.com/Xatta-Trone/gre-words-collection","2026-07-16"
"vocab-0200","elucidate","IH0 L UW1 S AH0 D EY2 T","verb","make free from confusion or ambiguity","[""clear"",""clear up"",""shed light on"",""crystallize"",""crystallise"",""crystalize"",""crystalise"",""straighten out"",""sort out"",""enlighten""]","[""make clear"",""Could you clarify these remarks?"",""Clear up the question of who is at fault"",""clarify the mystery surrounding her death""]","9","very_high","WordNet 3.1; CMU Pronouncing Dictionary; cross-list GRE frequency ranking","https://github.com/Xatta-Trone/gre-words-collection","2026-07-16"
"vocab-0201","euphemism","Y UW1 F AH0 M IH2 Z AH0 M","noun","an inoffensive or indirect expression that is substituted for one that is considered offensive or too harsh  ","[]","[]","9","very_high","WordNet 3.1; CMU Pronouncing Dictionary; cross-list GRE frequency ranking","https://github.com/Xatta-Trone/gre-words-collection","2026-07-16"
"vocab-0202","exculpate","EH2 K S K AH1 L P EY0 T","verb","pronounce not guilty of criminal charges","[""acquit"",""assoil"",""clear"",""discharge"",""exonerate""]","[""The suspect was cleared of the murder charges""]","9","very_high","WordNet 3.1; CMU Pronouncing Dictionary; cross-list GRE frequency ranking","https://github.com/Xatta-Trone/gre-words-collection","2026-07-16"
"vocab-0203","exorbitant","IH0 G Z AO1 R B IH0 T AH0 N T","adjective","greatly exceeding bounds of reason or moderation","[""extortionate"",""outrageous"",""steep"",""unconscionable"",""usurious""]","[""exorbitant rent"",""extortionate prices"",""spends an outrageous amount on entertainment"",""usurious interest rate""]","9","very_high","WordNet 3.1; CMU Pronouncing Dictionary; cross-list GRE frequency ranking","https://github.com/Xatta-Trone/gre-words-collection","2026-07-16"
"vocab-0204","extraneous","EH0 K S T R EY1 N IY0 AH0 S","adjective","not belonging to that in which it is contained","[""foreign"",""immaterial"",""impertinent"",""orthogonal""]","[""introduced from an outside source"",""water free of extraneous matter"",""foreign particles in milk"",""the ballet struck me as extraneous and somewhat out of keeping with the rest of the play""]","9","very_high","WordNet 3.1; CMU Pronouncing Dictionary; cross-list GRE frequency ranking","https://github.com/Xatta-Trone/gre-words-collection","2026-07-16"
"vocab-0205","fallacious","F AH0 L EY1 SH AH0 S","adjective","based on an incorrect or misleading notion or information","[""unsound""]","[""fallacious hope"",""fallacious reasoning"",""an unsound argument""]","9","very_high","WordNet 3.1; CMU Pronouncing Dictionary; cross-list GRE frequency ranking","https://github.com/Xatta-Trone/gre-words-collection","2026-07-16"
"vocab-0206","fawn","F AO1 N","verb","have fawns","[""toady"",""truckle"",""bootlick"",""kowtow"",""kotow"",""suck up"",""crawl"",""creep"",""cringe"",""cower""]","[""deer fawn"",""He is always kowtowing to his boss""]","9","very_high","WordNet 3.1; CMU Pronouncing Dictionary; cross-list GRE frequency ranking","https://github.com/Xatta-Trone/gre-words-collection","2026-07-16"
"vocab-0207","flag","F L AE1 G","verb","decorate with flags","[]","[""the building was flagged for the holiday"",""Flag this file so that I can recognize it immediately""]","9","very_high","WordNet 3.1; CMU Pronouncing Dictionary; cross-list GRE frequency ranking","https://github.com/Xatta-Trone/gre-words-collection","2026-07-16"
"vocab-0208","foment","F OW1 M EH0 N T","verb","bathe with warm water or medicated lotions","[]","[""His legs should be fomented""]","9","very_high","WordNet 3.1; CMU Pronouncing Dictionary; cross-list GRE frequency ranking","https://github.com/Xatta-Trone/gre-words-collection","2026-07-16"
"vocab-0209","fortuitous","F AO0 R T UW1 IH0 T AH0 S","adjective","occurring by happy chance","[]","[""profits were enhanced by a fortuitous drop in the cost of raw materials""]","9","very_high","WordNet 3.1; CMU Pronouncing Dictionary; cross-list GRE frequency ranking","https://github.com/Xatta-Trone/gre-words-collection","2026-07-16"
"vocab-0210","futile","F Y UW1 T AH0 L","adjective","producing no result or effect","[""ineffectual"",""otiose"",""unavailing"",""meaningless""]","[""a futile effort"",""the therapy was ineffectual"",""an otiose undertaking"",""an unavailing attempt""]","9","very_high","WordNet 3.1; CMU Pronouncing Dictionary; cross-list GRE frequency ranking","https://github.com/Xatta-Trone/gre-words-collection","2026-07-16"
"vocab-0211","germane","JH ER0 M EY1 N","adjective","relevant and appropriate","[""germane(p)""]","[""he asks questions that are germane and central to the issue""]","9","very_high","WordNet 3.1; CMU Pronouncing Dictionary; cross-list GRE frequency ranking","https://github.com/Xatta-Trone/gre-words-collection","2026-07-16"
"vocab-0212","goad","G OW1 D","verb","stab or urge on as if with a pointed stick  ","[""prick"",""goading"",""prod"",""prodding"",""urging"",""spur"",""spurring""]","[""the ceaseless prodding got on his nerves""]","9","very_high","WordNet 3.1; CMU Pronouncing Dictionary; cross-list GRE frequency ranking","https://github.com/Xatta-Trone/gre-words-collection","2026-07-16"
"vocab-0213","grandiloquent","G R AE0 N D IH1 L AH0 K W AH0 N T","adjective","puffed up with vanity","[""overblown"",""pompous"",""pontifical"",""portentous"",""magniloquent"",""tall""]","[""a grandiloquent and boastful manner"",""overblown oratory"",""a pompous speech"",""pseudo-scientific gobbledygook and pontifical hooey- Newsweek""]","9","very_high","WordNet 3.1; CMU Pronouncing Dictionary; cross-list GRE frequency ranking","https://github.com/Xatta-Trone/gre-words-collection","2026-07-16"
"vocab-0214","grovel","G R AA1 V AH0 L","verb","show submission or fear  ","[""fawn"",""crawl"",""creep"",""cringe"",""cower""]","[]","9","very_high","WordNet 3.1; CMU Pronouncing Dictionary; cross-list GRE frequency ranking","https://github.com/Xatta-Trone/gre-words-collection","2026-07-16"
"vocab-0215","halcyon","HH AE1 L S IY0 AH0 N","adjective","idyllically calm and peaceful","[]","[""suggesting happy tranquillity"",""a halcyon atmosphere""]","9","very_high","WordNet 3.1; CMU Pronouncing Dictionary; cross-list GRE frequency ranking","https://github.com/Xatta-Trone/gre-words-collection","2026-07-16"
"vocab-0216","iconoclast","AY2 K AA1 N AH0 K L AE2 S T","noun","someone who attacks cherished ideas or traditional institutions  ","[""image breaker""]","[]","9","very_high","WordNet 3.1; CMU Pronouncing Dictionary; cross-list GRE frequency ranking","https://github.com/Xatta-Trone/gre-words-collection","2026-07-16"
"vocab-0217","idiosyncrasy","IH2 D IY0 OW0 S IH1 N K R AH0 S IY2","noun","a behavioral attribute that is distinctive and peculiar to an individual  ","[""foible"",""mannerism""]","[]","9","very_high","WordNet 3.1; CMU Pronouncing Dictionary; cross-list GRE frequency ranking","https://github.com/Xatta-Trone/gre-words-collection","2026-07-16"
"vocab-0218","impede","IH2 M P IY1 D","verb","be a hindrance or obstacle to","[""hinder""]","[""She is impeding the progress of our project""]","9","very_high","WordNet 3.1; CMU Pronouncing Dictionary; cross-list GRE frequency ranking","https://github.com/Xatta-Trone/gre-words-collection","2026-07-16"
"vocab-0219","impervious","IH2 M P ER1 V IY0 AH0 S","adjective","not admitting of passage or capable of being affected","[""imperviable""]","[""a material impervious to water"",""someone impervious to argument""]","9","very_high","WordNet 3.1; CMU Pronouncing Dictionary; cross-list GRE frequency ranking","https://github.com/Xatta-Trone/gre-words-collection","2026-07-16"
"vocab-0220","impugn","IH2 M P Y UW1 N","verb","attack as false or wrong  ","[]","[]","9","very_high","WordNet 3.1; CMU Pronouncing Dictionary; cross-list GRE frequency ranking","https://github.com/Xatta-Trone/gre-words-collection","2026-07-16"
"vocab-0221","inscrutable","IH2 N S K R UW1 T AH0 B AH0 L","adjective","of an obscure nature","[""cryptic"",""cryptical"",""deep"",""mysterious"",""mystifying""]","[""the new insurance policy is written without cryptic or mysterious terms"",""a deep dark secret"",""the inscrutable workings of Providence"",""in its mysterious past it encompasses all the dim origins of life- Rachel Carson""]","9","very_high","WordNet 3.1; CMU Pronouncing Dictionary; cross-list GRE frequency ranking","https://github.com/Xatta-Trone/gre-words-collection","2026-07-16"
"vocab-0222","intimate","IH1 N T AH0 M AH0 T","adjective","thoroughly acquainted through study or experience","[""knowledgeable"",""versed"",""sexual""]","[""this girl, so intimate with nature-W.H.Hudson"",""knowledgeable about the technique of painting- Herbert Read"",""the intimate (or sexual) relations between husband and wife"",""she had been intimate with many men""]","9","very_high","WordNet 3.1; CMU Pronouncing Dictionary; cross-list GRE frequency ranking","https://github.com/Xatta-Trone/gre-words-collection","2026-07-16"
"vocab-0223","intransigent","IH2 N T R AE1 N S AH0 JH AH0 N T","adjective","impervious to pleas, persuasion, requests, reason","[""adamant"",""adamantine"",""inexorable""]","[""he is adamant in his refusal to change his mind"",""Cynthia was inexorable"",""she would have none of him- W.Churchill"",""an intransigent conservative opposed to every liberal tendency""]","9","very_high","WordNet 3.1; CMU Pronouncing Dictionary; cross-list GRE frequency ranking","https://github.com/Xatta-Trone/gre-words-collection","2026-07-16"
"vocab-0224","invective","IH2 N V EH1 K T IH0 V","noun","abusive or venomous language used to express blame or censure or bitter deep-seated ill will  ","[""vituperation"",""vitriol""]","[]","9","very_high","WordNet 3.1; CMU Pronouncing Dictionary; cross-list GRE frequency ranking","https://github.com/Xatta-Trone/gre-words-collection","2026-07-16"
"vocab-0225","irresolute","","adjective","uncertain how to act or proceed","[]","[""the committee was timid and mediocre and irresolute""]","9","very_high","WordNet 3.1; CMU Pronouncing Dictionary; cross-list GRE frequency ranking","https://github.com/Xatta-Trone/gre-words-collection","2026-07-16"
"vocab-0226","itinerant","AY0 T IH1 N ER0 AH0 N T","adjective","traveling from place to place to work","[""gypsy"",""gipsy""]","[""itinerant labor"",""an itinerant judge"",""itinerant traders""]","9","very_high","WordNet 3.1; CMU Pronouncing Dictionary; cross-list GRE frequency ranking","https://github.com/Xatta-Trone/gre-words-collection","2026-07-16"
"vocab-0227","lethargic","L AH0 TH AA1 R JH IH0 K","adjective","deficient in alertness or activity","[""unenergetic""]","[""bullfrogs became lethargic with the first cold nights""]","9","very_high","WordNet 3.1; CMU Pronouncing Dictionary; cross-list GRE frequency ranking","https://github.com/Xatta-Trone/gre-words-collection","2026-07-16"
"vocab-0228","levity","L EH1 V IH0 T IY0","noun","a manner lacking seriousness  ","[]","[]","9","very_high","WordNet 3.1; CMU Pronouncing Dictionary; cross-list GRE frequency ranking","https://github.com/Xatta-Trone/gre-words-collection","2026-07-16"
"vocab-0229","malevolent","M AH0 L EH1 V AH0 L AH0 N T","adjective","wishing or appearing to wish evil to others","[]","[""arising from intense ill will or hatred"",""a gossipy malevolent old woman"",""failure made him malevolent toward those who were successful""]","9","very_high","WordNet 3.1; CMU Pronouncing Dictionary; cross-list GRE frequency ranking","https://github.com/Xatta-Trone/gre-words-collection","2026-07-16"
"vocab-0230","miscreant","M IH1 S K R IY0 AH0 N T","noun","a person without moral scruples  ","[""reprobate""]","[]","9","very_high","WordNet 3.1; CMU Pronouncing Dictionary; cross-list GRE frequency ranking","https://github.com/Xatta-Trone/gre-words-collection","2026-07-16"
"vocab-0231","nominal","N AA1 M AH0 N AH0 L","adjective","existing in name only","[""titular""]","[""the nominal (or titular) head of his party"",""the nominal GDP"",""nominal interest rates"",""nominal phrase""]","9","very_high","WordNet 3.1; CMU Pronouncing Dictionary; cross-list GRE frequency ranking","https://github.com/Xatta-Trone/gre-words-collection","2026-07-16"
"vocab-0232","oblique","AH0 B L IY1 K","adjective","slanting or inclined in direction or course or position--neither parallel nor perpendicular nor right-angled","[""oblique case""]","[""the oblique rays of the winter sun"",""acute and obtuse angles are oblique angles"",""the axis of an oblique cone is not perpendicular to its base""]","9","very_high","WordNet 3.1; CMU Pronouncing Dictionary; cross-list GRE frequency ranking","https://github.com/Xatta-Trone/gre-words-collection","2026-07-16"
"vocab-0233","ossify","AA1 S AH0 F AY2","verb","cause to become hard and bony","[]","[""The disease ossified the tissue"",""The tissue ossified""]","9","very_high","WordNet 3.1; CMU Pronouncing Dictionary; cross-list GRE frequency ranking","https://github.com/Xatta-Trone/gre-words-collection","2026-07-16"
"vocab-0234","patent","P AE1 T AH0 N T","adjective","(of a bodily tube or passageway) open","[]","[""affording free passage"",""patent ductus arteriosus"",""His behavior has patented an embarrassing fact about him"",""grant a patent for""]","9","very_high","WordNet 3.1; CMU Pronouncing Dictionary; cross-list GRE frequency ranking","https://github.com/Xatta-Trone/gre-words-collection","2026-07-16"
"vocab-0235","pedestrian","P AH0 D EH1 S T R IY0 AH0 N","adjective","lacking wit or imagination","[""prosaic"",""prosy"",""earthbound"",""walker"",""footer""]","[""a pedestrian movie plot""]","9","very_high","WordNet 3.1; CMU Pronouncing Dictionary; cross-list GRE frequency ranking","https://github.com/Xatta-Trone/gre-words-collection","2026-07-16"
"vocab-0236","pellucid","","adjective","(of language) transparently clear","[""limpid"",""lucid"",""luculent"",""crystal clear"",""perspicuous"",""crystalline"",""transparent""]","[""easily understandable"",""writes in a limpid style"",""lucid directions"",""a luculent oration- Robert Burton""]","9","very_high","WordNet 3.1; CMU Pronouncing Dictionary; cross-list GRE frequency ranking","https://github.com/Xatta-Trone/gre-words-collection","2026-07-16"
"vocab-0237","perennial","P ER0 EH1 N IY0 AH0 L","adjective","recurring again and again","[""recurrent"",""repeated""]","[""perennial efforts to stipulate the requirements"",""suggesting self-renewal"",""perennial happiness"",""the common buttercup is a popular perennial plant""]","9","very_high","WordNet 3.1; CMU Pronouncing Dictionary; cross-list GRE frequency ranking","https://github.com/Xatta-Trone/gre-words-collection","2026-07-16"
"vocab-0238","pernicious","P ER0 N IH1 SH AH0 S","adjective","working or spreading in a hidden and usually injurious way","[""insidious"",""subtle"",""baneful"",""deadly"",""pestilent""]","[""glaucoma is an insidious disease"",""a subtle poison""]","9","very_high","WordNet 3.1; CMU Pronouncing Dictionary; cross-list GRE frequency ranking","https://github.com/Xatta-Trone/gre-words-collection","2026-07-16"
"vocab-0239","pervasive","P ER0 V EY1 S IH0 V","adjective","spreading or spread throughout","[""permeant"",""permeating"",""permeative""]","[""armed with permeative irony...he punctures affectations"",""the pervasive odor of garlic"",""an error is pervasive if it is material to more than one conclusion""]","9","very_high","WordNet 3.1; CMU Pronouncing Dictionary; cross-list GRE frequency ranking","https://github.com/Xatta-Trone/gre-words-collection","2026-07-16"
"vocab-0240","petulant","P EH1 CH AH0 L AH0 N T","adjective","easily irritated or annoyed","[""cranky"",""fractious"",""irritable"",""nettlesome"",""peevish"",""peckish"",""pettish"",""scratchy"",""testy"",""tetchy""]","[""an incorrigibly fractious young man"",""not the least nettlesome of his countrymen""]","9","very_high","WordNet 3.1; CMU Pronouncing Dictionary; cross-list GRE frequency ranking","https://github.com/Xatta-Trone/gre-words-collection","2026-07-16"
"vocab-0241","pithy","P IH1 TH IY0","adjective","concise and full of meaning","[""sententious""]","[""welcomed her pithy comments"",""the peculiarly sardonic and sententious style in which Don Luis composed his epigrams- Hervey Allen""]","9","very_high","WordNet 3.1; CMU Pronouncing Dictionary; cross-list GRE frequency ranking","https://github.com/Xatta-Trone/gre-words-collection","2026-07-16"
"vocab-0242","pragmatic","P R AE0 G M AE1 T IH0 K","adjective","of or concerning the theory of pragmatism  ","[""pragmatical""]","[]","9","very_high","WordNet 3.1; CMU Pronouncing Dictionary; cross-list GRE frequency ranking","https://github.com/Xatta-Trone/gre-words-collection","2026-07-16"
"vocab-0243","prodigious","P R AH0 D IH1 JH AH0 S","adjective","far beyond what is usual in magnitude or degree","[""exceeding"",""exceptional"",""olympian"",""surpassing"",""portentous"",""colossal"",""stupendous""]","[""a night of exceeding darkness"",""an exceptional memory"",""olympian efforts to save the city from bankruptcy"",""the young Mozart's prodigious talents""]","9","very_high","WordNet 3.1; CMU Pronouncing Dictionary; cross-list GRE frequency ranking","https://github.com/Xatta-Trone/gre-words-collection","2026-07-16"
"vocab-0244","proliferate","P R OW0 L IH1 F ER0 EY2 T","verb","cause to grow or increase rapidly","[]","[""We must not proliferate nuclear arms"",""Pizza parlors proliferate in this area""]","9","very_high","WordNet 3.1; CMU Pronouncing Dictionary; cross-list GRE frequency ranking","https://github.com/Xatta-Trone/gre-words-collection","2026-07-16"
"vocab-0245","propensity","P R AH0 P EH1 N S IH0 T IY0","noun","a disposition to behave in a certain way","[""aptness"",""proclivity"",""leaning"",""tendency""]","[""the aptness of iron to rust"",""the propensity of disease to spread"",""he has a proclivity for exaggeration"",""he felt leanings toward frivolity""]","9","very_high","WordNet 3.1; CMU Pronouncing Dictionary; cross-list GRE frequency ranking","https://github.com/Xatta-Trone/gre-words-collection","2026-07-16"
"vocab-0246","propitious","P R AH0 P IH1 SH AH0 S","adjective","presenting favorable circumstances","[]","[""likely to result in or show signs of success"",""propitious omens"",""propitious gales speeded us along"",""a propitious alignment of planets for space exploration""]","9","very_high","WordNet 3.1; CMU Pronouncing Dictionary; cross-list GRE frequency ranking","https://github.com/Xatta-Trone/gre-words-collection","2026-07-16"
"vocab-0247","prosaic","P R OW0 Z EY1 IH0 K","adjective","not challenging","[""commonplace"",""humdrum"",""unglamorous"",""unglamourous"",""pedestrian"",""prosy"",""earthbound"",""matter-of-fact""]","[""dull and lacking excitement"",""an unglamorous job greasing engines"",""a pedestrian movie plot"",""local guides describe the history of various places in matter-of-fact tones""]","9","very_high","WordNet 3.1; CMU Pronouncing Dictionary; cross-list GRE frequency ranking","https://github.com/Xatta-Trone/gre-words-collection","2026-07-16"
"vocab-0248","provincial","P R AH0 V IH1 N SH AH0 L","noun","(Roman Catholic Church) an official in charge of an ecclesiastical province acting under the superior general of a religious order","[]","[""the general of the Jesuits receives monthly reports from the provincials""]","9","very_high","WordNet 3.1; CMU Pronouncing Dictionary; cross-list GRE frequency ranking","https://github.com/Xatta-Trone/gre-words-collection","2026-07-16"
"vocab-0249","puerile","P Y UW0 R IY1 L","adjective","of or characteristic of a child","[]","[""puerile breathing""]","9","very_high","WordNet 3.1; CMU Pronouncing Dictionary; cross-list GRE frequency ranking","https://github.com/Xatta-Trone/gre-words-collection","2026-07-16"
"vocab-0250","querulous","K W EH1 R AH0 L AH0 S","adjective","habitually complaining","[""fretful"",""whiney"",""whiny""]","[""a whiny child""]","9","very_high","WordNet 3.1; CMU Pronouncing Dictionary; cross-list GRE frequency ranking","https://github.com/Xatta-Trone/gre-words-collection","2026-07-16"
"vocab-0251","quixotic","K W IH0 K S AA1 T IH0 K","adjective","not sensible about practical matters","[""romantic"",""wild-eyed""]","[""idealistic and unrealistic"",""as quixotic as a restoration of medieval knighthood"",""a romantic disregard for money"",""a wild-eyed dream of a world state""]","9","very_high","WordNet 3.1; CMU Pronouncing Dictionary; cross-list GRE frequency ranking","https://github.com/Xatta-Trone/gre-words-collection","2026-07-16"
"vocab-0252","redoubtable","R IY0 D AW1 T AH0 B AH0 L","adjective","worthy of respect or honor","[]","[""born of a redoubtable family""]","9","very_high","WordNet 3.1; CMU Pronouncing Dictionary; cross-list GRE frequency ranking","https://github.com/Xatta-Trone/gre-words-collection","2026-07-16"
"vocab-0253","refractory","R AH0 F R AE1 K T ER0 IY0","adjective","temporarily unresponsive or not fully responsive to a process or stimulus","[""stubborn""]","[""the refractory period of a muscle fiber"",""a stubborn infection"",""a refractory case of acne"",""stubborn rust stains""]","9","very_high","WordNet 3.1; CMU Pronouncing Dictionary; cross-list GRE frequency ranking","https://github.com/Xatta-Trone/gre-words-collection","2026-07-16"
"vocab-0254","reprobate","R EH1 P R AO0 B EY0 T","verb","abandon to eternal damnation","[""miscreant""]","[""God reprobated the unrepenting sinner""]","9","very_high","WordNet 3.1; CMU Pronouncing Dictionary; cross-list GRE frequency ranking","https://github.com/Xatta-Trone/gre-words-collection","2026-07-16"
"vocab-0255","reverent","R EH1 V ER0 AH0 N T","adjective","feeling or showing profound respect or veneration","[]","[""maintained a reverent silence""]","9","very_high","WordNet 3.1; CMU Pronouncing Dictionary; cross-list GRE frequency ranking","https://github.com/Xatta-Trone/gre-words-collection","2026-07-16"
"vocab-0256","rhetoric","R EH1 T ER0 IH0 K","noun","study of the technique and rules for using language effectively (especially in public speaking)  ","[]","[]","9","very_high","WordNet 3.1; CMU Pronouncing Dictionary; cross-list GRE frequency ranking","https://github.com/Xatta-Trone/gre-words-collection","2026-07-16"
"vocab-0257","sanguine","S AE1 NG G W IH0 N","adjective","confidently optimistic and cheerful  ","[""sanguineous""]","[]","9","very_high","WordNet 3.1; CMU Pronouncing Dictionary; cross-list GRE frequency ranking","https://github.com/Xatta-Trone/gre-words-collection","2026-07-16"
"vocab-0258","scrupulous","S K R UW1 P Y AH0 L AH0 S","adjective","having scruples","[]","[""arising from a sense of right and wrong"",""principled"",""less scrupulous producers sent bundles that were deceptive in appearance""]","9","very_high","WordNet 3.1; CMU Pronouncing Dictionary; cross-list GRE frequency ranking","https://github.com/Xatta-Trone/gre-words-collection","2026-07-16"
"vocab-0259","spartan","S P AA1 R T AH0 N","adjective","resolute in the face of pain or danger or adversity","[]","[""spartan courage""]","9","very_high","WordNet 3.1; CMU Pronouncing Dictionary; cross-list GRE frequency ranking","https://github.com/Xatta-Trone/gre-words-collection","2026-07-16"
"vocab-0260","superfluous","S UW1 P ER0 F L W AH2 S","adjective","more than is needed, desired, or required","[""excess"",""extra"",""redundant"",""spare"",""supererogatory"",""supernumerary"",""surplus"",""otiose"",""pointless"",""purposeless""]","[""trying to lose excess weight"",""found some extra change lying on the dresser"",""yet another book on heraldry might be thought redundant"",""skills made redundant by technological advance""]","9","very_high","WordNet 3.1; CMU Pronouncing Dictionary; cross-list GRE frequency ranking","https://github.com/Xatta-Trone/gre-words-collection","2026-07-16"
"vocab-0261","surfeit","S ER1 F AH0 T","verb","indulge (one's appetite) to satiety  ","[""cloy"",""excess"",""overabundance""]","[]","9","very_high","WordNet 3.1; CMU Pronouncing Dictionary; cross-list GRE frequency ranking","https://github.com/Xatta-Trone/gre-words-collection","2026-07-16"
"vocab-0262","sycophant","","noun","a person who tries to please someone in order to gain a personal advantage  ","[""toady"",""crawler"",""lackey"",""ass-kisser""]","[]","9","very_high","WordNet 3.1; CMU Pronouncing Dictionary; cross-list GRE frequency ranking","https://github.com/Xatta-Trone/gre-words-collection","2026-07-16"
"vocab-0263","timorous","T IH1 M ER0 AH0 S","adjective","timid by nature or revealing timidity","[""fearful"",""trepid""]","[""timorous little mouse"",""in a timorous tone"",""cast fearful glances at the large dog""]","9","very_high","WordNet 3.1; CMU Pronouncing Dictionary; cross-list GRE frequency ranking","https://github.com/Xatta-Trone/gre-words-collection","2026-07-16"
"vocab-0264","torpor","T AO1 R P ER0","noun","a state of motor and mental inactivity with a partial suspension of sensibility","[""torpidity""]","[""he fell into a deep torpor""]","9","very_high","WordNet 3.1; CMU Pronouncing Dictionary; cross-list GRE frequency ranking","https://github.com/Xatta-Trone/gre-words-collection","2026-07-16"
"vocab-0265","transient","T R AE1 N ZH AH0 N T","noun","(physics) a short-lived oscillation in a system caused by a sudden change of voltage or current or load  ","[]","[""transient laborers""]","9","very_high","WordNet 3.1; CMU Pronouncing Dictionary; cross-list GRE frequency ranking","https://github.com/Xatta-Trone/gre-words-collection","2026-07-16"
"vocab-0266","trite","T R AY1 T","adjective","repeated too often","[""banal"",""commonplace"",""hackneyed"",""old-hat"",""shopworn"",""stock(a)"",""threadbare"",""timeworn"",""tired"",""well-worn""]","[""overfamiliar through overuse"",""bromidic sermons"",""his remarks were trite and commonplace"",""hackneyed phrases""]","9","very_high","WordNet 3.1; CMU Pronouncing Dictionary; cross-list GRE frequency ranking","https://github.com/Xatta-Trone/gre-words-collection","2026-07-16"
"vocab-0267","turpitude","T ER1 P IH0 T UW2 D","noun","a corrupt or depraved or degenerate act or practice","[""depravity""]","[""the various turpitudes of modern society""]","9","very_high","WordNet 3.1; CMU Pronouncing Dictionary; cross-list GRE frequency ranking","https://github.com/Xatta-Trone/gre-words-collection","2026-07-16"
"vocab-0268","tyro","","noun","someone new to a field or activity  ","[""novice"",""beginner"",""tiro"",""initiate""]","[]","9","very_high","WordNet 3.1; CMU Pronouncing Dictionary; cross-list GRE frequency ranking","https://github.com/Xatta-Trone/gre-words-collection","2026-07-16"
"vocab-0269","vociferous","V OW0 S IH1 F ER0 AH0 S","adjective","conspicuously and offensively loud","[""blatant"",""clamant"",""clamorous"",""strident""]","[""given to vehement outcry"",""blatant radios"",""a clamorous uproar"",""strident demands""]","9","very_high","WordNet 3.1; CMU Pronouncing Dictionary; cross-list GRE frequency ranking","https://github.com/Xatta-Trone/gre-words-collection","2026-07-16"
"vocab-0270","abstruse","AH0 B S T R UW1 S","adjective","difficult to penetrate","[""deep"",""recondite""]","[""incomprehensible to one of ordinary understanding or knowledge"",""the professor's lectures were so abstruse that students tended to avoid them"",""a deep metaphysical theory"",""some recondite problem in historiography""]","8","very_high","WordNet 3.1; CMU Pronouncing Dictionary; cross-list GRE frequency ranking","https://github.com/Xatta-Trone/gre-words-collection","2026-07-16"
"vocab-0271","acumen","AH0 K Y UW1 M AH0 N","noun","a tapering point  ","[]","[]","8","very_high","WordNet 3.1; CMU Pronouncing Dictionary; cross-list GRE frequency ranking","https://github.com/Xatta-Trone/gre-words-collection","2026-07-16"
"vocab-0272","aggrandize","AH0 G R AE1 N D AY2 Z","verb","add details to  ","[""embroider"",""pad"",""lard"",""embellish"",""aggrandise"",""blow up"",""dramatize"",""dramatise""]","[]","8","very_high","WordNet 3.1; CMU Pronouncing Dictionary; cross-list GRE frequency ranking","https://github.com/Xatta-Trone/gre-words-collection","2026-07-16"
"vocab-0273","alleviate","AH0 L IY1 V IY0 EY2 T","verb","make easier","[""facilitate"",""ease"",""relieve"",""palliate"",""assuage""]","[""you could facilitate the process by sharing your knowledge"",""This pill will relieve your headaches""]","8","very_high","WordNet 3.1; CMU Pronouncing Dictionary; cross-list GRE frequency ranking","https://github.com/Xatta-Trone/gre-words-collection","2026-07-16"
"vocab-0274","anachronism","AH0 N AE1 K R AH0 N IH2 Z AH0 M","noun","a person who seems to be displaced in time","[""mistiming"",""misdating""]","[""who belongs to another age""]","8","very_high","WordNet 3.1; CMU Pronouncing Dictionary; cross-list GRE frequency ranking","https://github.com/Xatta-Trone/gre-words-collection","2026-07-16"
"vocab-0275","apocryphal","AH0 P AA1 K R AH0 F AH0 L","adjective","being of questionable authenticity  ","[]","[]","8","very_high","WordNet 3.1; CMU Pronouncing Dictionary; cross-list GRE frequency ranking","https://github.com/Xatta-Trone/gre-words-collection","2026-07-16"
"vocab-0276","apostate","AH0 P AO1 S T EY0 T","adjective","not faithful to religion or party or cause  ","[]","[]","8","very_high","WordNet 3.1; CMU Pronouncing Dictionary; cross-list GRE frequency ranking","https://github.com/Xatta-Trone/gre-words-collection","2026-07-16"
"vocab-0277","appropriate","AH0 P R OW1 P R IY0 AH0 T","adjective","suitable for a particular person or place or condition etc","[""capture"",""seize"",""conquer""]","[""a book not appropriate for children"",""a funeral conducted the appropriate solemnity"",""it seems that an apology is appropriate"",""the invaders seized the land and property of the inhabitants""]","8","very_high","WordNet 3.1; CMU Pronouncing Dictionary; cross-list GRE frequency ranking","https://github.com/Xatta-Trone/gre-words-collection","2026-07-16"
"vocab-0278","arcane","AA2 R K EY1 N","adjective","requiring secret or mysterious knowledge","[]","[""the arcane science of dowsing""]","8","very_high","WordNet 3.1; CMU Pronouncing Dictionary; cross-list GRE frequency ranking","https://github.com/Xatta-Trone/gre-words-collection","2026-07-16"
"vocab-0279","asperity","AH0 S P EH1 R IH0 T IY0","noun","harshness of manner  ","[""sharpness"",""grimness"",""hardship"",""rigor"",""rigour"",""severity"",""severeness"",""rigorousness"",""rigourousness""]","[""the asperity of northern winters""]","8","very_high","WordNet 3.1; CMU Pronouncing Dictionary; cross-list GRE frequency ranking","https://github.com/Xatta-Trone/gre-words-collection","2026-07-16"
"vocab-0280","assail","AH0 S EY1 L","verb","attack someone physically or emotionally","[""assault"",""set on"",""attack""]","[""The mugger assaulted the woman"",""Nightmares assailed him regularly""]","8","very_high","WordNet 3.1; CMU Pronouncing Dictionary; cross-list GRE frequency ranking","https://github.com/Xatta-Trone/gre-words-collection","2026-07-16"
"vocab-0281","assiduous","AH0 S IH1 D W AH0 S","adjective","marked by care and persistent effort","[""sedulous""]","[""her assiduous attempts to learn French"",""assiduous research"",""sedulous pursuit of legal and moral principles""]","8","very_high","WordNet 3.1; CMU Pronouncing Dictionary; cross-list GRE frequency ranking","https://github.com/Xatta-Trone/gre-words-collection","2026-07-16"
"vocab-0282","brazen","B R EY1 Z AH0 N","adjective","made of or resembling brass (as in color or hardness)  ","[]","[""brazen it out""]","8","very_high","WordNet 3.1; CMU Pronouncing Dictionary; cross-list GRE frequency ranking","https://github.com/Xatta-Trone/gre-words-collection","2026-07-16"
"vocab-0283","brook","B R UH1 K","noun","a natural stream of water smaller than a river (and often a tributary of a river)","[""creek""]","[""the creek dried up every summer""]","8","very_high","WordNet 3.1; CMU Pronouncing Dictionary; cross-list GRE frequency ranking","https://github.com/Xatta-Trone/gre-words-collection","2026-07-16"
"vocab-0284","capitulate","K AH0 P IH1 CH UW0 L IH0 T","verb","surrender under agreed conditions  ","[]","[]","8","very_high","WordNet 3.1; CMU Pronouncing Dictionary; cross-list GRE frequency ranking","https://github.com/Xatta-Trone/gre-words-collection","2026-07-16"
"vocab-0285","catalyst","K AE1 T AH0 L AH0 S T","noun","something that causes an important event to happen","[""accelerator""]","[""the invasion acted as a catalyst to unite the country""]","8","very_high","WordNet 3.1; CMU Pronouncing Dictionary; cross-list GRE frequency ranking","https://github.com/Xatta-Trone/gre-words-collection","2026-07-16"
"vocab-0286","cavalier","K AE2 V AH0 L IH1 R","adjective","given to haughty disregard of others  ","[""high-handed"",""chevalier""]","[]","8","very_high","WordNet 3.1; CMU Pronouncing Dictionary; cross-list GRE frequency ranking","https://github.com/Xatta-Trone/gre-words-collection","2026-07-16"
"vocab-0287","chagrin","SH AH0 G R IH1 N","noun","strong feelings of embarrassment  ","[""humiliation"",""mortification""]","[]","8","very_high","WordNet 3.1; CMU Pronouncing Dictionary; cross-list GRE frequency ranking","https://github.com/Xatta-Trone/gre-words-collection","2026-07-16"
"vocab-0288","chary","CH AA1 R IY0","adjective","characterized by great caution and wariness","[""cagey"",""cagy""]","[""a cagey avoidance of a definite answer"",""chary of the risks involved"",""a chary investor""]","8","very_high","WordNet 3.1; CMU Pronouncing Dictionary; cross-list GRE frequency ranking","https://github.com/Xatta-Trone/gre-words-collection","2026-07-16"
"vocab-0289","chicanery","SH IH0 K EY1 N ER0 IY0","noun","the use of tricks to deceive someone (usually to extract money from them)  ","[""trickery"",""chicane"",""guile"",""wile"",""shenanigan""]","[]","8","very_high","WordNet 3.1; CMU Pronouncing Dictionary; cross-list GRE frequency ranking","https://github.com/Xatta-Trone/gre-words-collection","2026-07-16"
"vocab-0290","circumscribe","S ER2 K AH0 M S K R AY1 B","verb","to draw a geometric figure around another figure so that the two are in contact but do not intersect  ","[]","[""He drew a circle around the points""]","8","very_high","WordNet 3.1; CMU Pronouncing Dictionary; cross-list GRE frequency ranking","https://github.com/Xatta-Trone/gre-words-collection","2026-07-16"
"vocab-0291","condone","K AH0 N D OW1 N","verb","excuse, overlook, or make allowances for","[""excuse""]","[""be lenient with"",""excuse someone's behavior"",""She condoned her husband's occasional infidelities""]","8","very_high","WordNet 3.1; CMU Pronouncing Dictionary; cross-list GRE frequency ranking","https://github.com/Xatta-Trone/gre-words-collection","2026-07-16"
"vocab-0292","construe","K AH0 N S T R UW1","verb","make sense of","[""interpret"",""see""]","[""assign a meaning to"",""What message do you see in this letter?"",""How do you interpret his behavior?""]","8","very_high","WordNet 3.1; CMU Pronouncing Dictionary; cross-list GRE frequency ranking","https://github.com/Xatta-Trone/gre-words-collection","2026-07-16"
"vocab-0293","credence","K R IY1 D AH0 N S","noun","the mental attitude that something is believable and should be accepted as true","[""acceptance""]","[""he gave credence to the gossip"",""acceptance of Newtonian mechanics was unquestioned for 200 years""]","8","very_high","WordNet 3.1; CMU Pronouncing Dictionary; cross-list GRE frequency ranking","https://github.com/Xatta-Trone/gre-words-collection","2026-07-16"
"vocab-0294","cupidity","K Y UW0 P IH1 D IH0 T IY0","noun","extreme greed for material wealth  ","[""avarice"",""avariciousness"",""covetousness""]","[]","8","very_high","WordNet 3.1; CMU Pronouncing Dictionary; cross-list GRE frequency ranking","https://github.com/Xatta-Trone/gre-words-collection","2026-07-16"
"vocab-0295","debase","D AH0 B EY1 S","verb","lower in value by increasing the base-metal content  ","[""alloy""]","[]","8","very_high","WordNet 3.1; CMU Pronouncing Dictionary; cross-list GRE frequency ranking","https://github.com/Xatta-Trone/gre-words-collection","2026-07-16"
"vocab-0296","debunk","D IH0 B AH1 NG K","verb","expose while ridiculing","[""expose""]","[""especially of pretentious or false claims and ideas"",""The physicist debunked the psychic's claims""]","8","very_high","WordNet 3.1; CMU Pronouncing Dictionary; cross-list GRE frequency ranking","https://github.com/Xatta-Trone/gre-words-collection","2026-07-16"
"vocab-0297","derelict","D EH1 R AH0 L IH2 K T","adjective","failing in what duty requires","[""delinquent"",""neglectful"",""remiss""]","[""derelict (or delinquent) in his duty"",""neglectful of his duties"",""remiss of you not to pay your bills""]","8","very_high","WordNet 3.1; CMU Pronouncing Dictionary; cross-list GRE frequency ranking","https://github.com/Xatta-Trone/gre-words-collection","2026-07-16"
"vocab-0298","desiccate","D EH1 S AH0 K EY0 T","adjective","lacking vitality or spirit","[""arid"",""desiccated"",""exsiccate"",""dehydrate"",""dry up""]","[""lifeless"",""a technically perfect but arid performance of the sonata"",""a desiccate romance"",""a prissy and emotionless creature...settles into a mold of desiccated snobbery-C.J.Rolo""]","8","very_high","WordNet 3.1; CMU Pronouncing Dictionary; cross-list GRE frequency ranking","https://github.com/Xatta-Trone/gre-words-collection","2026-07-16"
"vocab-0299","dirge","D ER1 JH","noun","a song or hymn of mourning composed or performed as a memorial to a dead person  ","[""coronach"",""lament"",""requiem"",""threnody""]","[]","8","very_high","WordNet 3.1; CMU Pronouncing Dictionary; cross-list GRE frequency ranking","https://github.com/Xatta-Trone/gre-words-collection","2026-07-16"
"vocab-0300","discrepancy","D IH0 S K R EH1 P AH0 N S IY0","noun","an event that departs from expectations  ","[""variance"",""variant"",""disagreement"",""divergence""]","[""a growing divergence of opinion""]","8","very_high","WordNet 3.1; CMU Pronouncing Dictionary; cross-list GRE frequency ranking","https://github.com/Xatta-Trone/gre-words-collection","2026-07-16"
"vocab-0301","dispassionate","D IH0 S P AE1 SH AH0 N AH0 T","adjective","unaffected by strong emotion or prejudice","[""cold-eyed""]","[""a journalist should be a dispassionate reporter of fact""]","8","very_high","WordNet 3.1; CMU Pronouncing Dictionary; cross-list GRE frequency ranking","https://github.com/Xatta-Trone/gre-words-collection","2026-07-16"
"vocab-0302","dissolution","D IH2 S AH0 L UW1 SH AH0 N","noun","the termination or disintegration of a relationship (between persons or nations)  ","[""breakup"",""disintegration""]","[]","8","very_high","WordNet 3.1; CMU Pronouncing Dictionary; cross-list GRE frequency ranking","https://github.com/Xatta-Trone/gre-words-collection","2026-07-16"
"vocab-0303","dissonance","D IH1 S AH0 N AH0 N S","noun","disagreeable sounds  ","[]","[]","8","very_high","WordNet 3.1; CMU Pronouncing Dictionary; cross-list GRE frequency ranking","https://github.com/Xatta-Trone/gre-words-collection","2026-07-16"
"vocab-0304","distend","D IH0 S T EH1 N D","verb","swell from or as if from internal pressure","[]","[""The distended bellies of the starving cows"",""The gas distended the animal's body""]","8","very_high","WordNet 3.1; CMU Pronouncing Dictionary; cross-list GRE frequency ranking","https://github.com/Xatta-Trone/gre-words-collection","2026-07-16"
"vocab-0305","elegy","EH1 L AH0 JH IY2","noun","a mournful poem","[""lament""]","[""a lament for the dead""]","8","very_high","WordNet 3.1; CMU Pronouncing Dictionary; cross-list GRE frequency ranking","https://github.com/Xatta-Trone/gre-words-collection","2026-07-16"
"vocab-0306","embellish","IH0 M B EH1 L IH0 SH","verb","make more beautiful  ","[""fancify"",""beautify"",""prettify"",""decorate"",""adorn"",""grace"",""ornament"",""deck""]","[""Decorate the room for the party"",""beautify yourself for the special day"",""Flowers adorned the tables everywhere""]","8","very_high","WordNet 3.1; CMU Pronouncing Dictionary; cross-list GRE frequency ranking","https://github.com/Xatta-Trone/gre-words-collection","2026-07-16"
"vocab-0307","eminent","EH1 M AH0 N AH0 N T","adjective","of imposing height","[""lofty"",""soaring"",""towering"",""high""]","[""especially standing out above others"",""an eminent peak"",""lofty mountains"",""the soaring spires of the cathedral""]","8","very_high","WordNet 3.1; CMU Pronouncing Dictionary; cross-list GRE frequency ranking","https://github.com/Xatta-Trone/gre-words-collection","2026-07-16"
"vocab-0308","empirical","EH2 M P IH1 R IH0 K AH0 L","adjective","derived from experiment and observation rather than theory","[""empiric""]","[""an empirical basis for an ethical theory"",""empirical laws"",""empirical data"",""an empirical treatment of a disease about which little is known""]","8","very_high","WordNet 3.1; CMU Pronouncing Dictionary; cross-list GRE frequency ranking","https://github.com/Xatta-Trone/gre-words-collection","2026-07-16"
"vocab-0309","enumerate","IH0 N UW1 M ER0 EY2 T","verb","specify individually","[""recite"",""itemize"",""itemise""]","[""She enumerated the many obstacles she had encountered"",""The doctor recited the list of possible side effects of the drug""]","8","very_high","WordNet 3.1; CMU Pronouncing Dictionary; cross-list GRE frequency ranking","https://github.com/Xatta-Trone/gre-words-collection","2026-07-16"
"vocab-0310","erratic","IH0 R AE1 T IH0 K","adjective","likely to perform unpredictably","[""temperamental"",""planetary"",""wandering"",""fickle"",""mercurial"",""quicksilver(a)""]","[""erratic winds are the bane of a sailor"",""a temperamental motor"",""sometimes it would start and sometimes it wouldn't"",""that beautiful but temperamental instrument the flute- Osbert Lancaster""]","8","very_high","WordNet 3.1; CMU Pronouncing Dictionary; cross-list GRE frequency ranking","https://github.com/Xatta-Trone/gre-words-collection","2026-07-16"
"vocab-0311","espouse","IH0 S P AW1 Z","verb","take up the cause, ideology, practice, method, of someone and use it as one's own","[""embrace"",""adopt"",""sweep up""]","[""She embraced Catholicism"",""They adopted the Jewish faith""]","8","very_high","WordNet 3.1; CMU Pronouncing Dictionary; cross-list GRE frequency ranking","https://github.com/Xatta-Trone/gre-words-collection","2026-07-16"
"vocab-0312","exacting","IH0 G Z AE1 K T IH0 NG","adjective","requiring precise accuracy","[""exigent"",""stern"",""strict"",""fastidious""]","[""an exacting job"",""became more exigent over his pronunciation"",""an exacting instructor"",""a stern disciplinarian""]","8","very_high","WordNet 3.1; CMU Pronouncing Dictionary; cross-list GRE frequency ranking","https://github.com/Xatta-Trone/gre-words-collection","2026-07-16"
"vocab-0313","exasperate","IH0 G Z AE1 S P ER0 EY2 T","verb","make worse","[""worsen"",""aggravate"",""exacerbate"",""infuriate"",""incense""]","[""This drug aggravates the pain""]","8","very_high","WordNet 3.1; CMU Pronouncing Dictionary; cross-list GRE frequency ranking","https://github.com/Xatta-Trone/gre-words-collection","2026-07-16"
"vocab-0314","fallow","F AE1 L OW2","adjective","undeveloped but potentially useful","[]","[""a fallow gold market"",""fallow farmland""]","8","very_high","WordNet 3.1; CMU Pronouncing Dictionary; cross-list GRE frequency ranking","https://github.com/Xatta-Trone/gre-words-collection","2026-07-16"
"vocab-0315","fledgling","F L EH1 JH L IH0 NG","adjective","young and inexperienced","[""unfledged"",""callow"",""fledgeling""]","[""a fledgling enterprise"",""a fledgling skier"",""an unfledged lawyer""]","8","very_high","WordNet 3.1; CMU Pronouncing Dictionary; cross-list GRE frequency ranking","https://github.com/Xatta-Trone/gre-words-collection","2026-07-16"
"vocab-0316","forestall","F AO0 R S T AO1 L","verb","act in advance of","[""anticipate"",""foresee"",""counter"",""prevent"",""foreclose"",""preclude"",""forbid""]","[""deal with ahead of time"",""make impossible"",""My sense of tact forbids an honest answer"",""Your role in the projects precludes your involvement in the competitive project""]","8","very_high","WordNet 3.1; CMU Pronouncing Dictionary; cross-list GRE frequency ranking","https://github.com/Xatta-Trone/gre-words-collection","2026-07-16"
"vocab-0317","fractious","F R AE1 K SH AH0 S","adjective","unpredictably difficult in operation","[""refractory"",""recalcitrant""]","[""likely to be troublesome"",""rockets were much too fractious to be tested near thickly populated areas"",""fractious components of a communication system"",""a fractious animal that would not submit to the harness""]","8","very_high","WordNet 3.1; CMU Pronouncing Dictionary; cross-list GRE frequency ranking","https://github.com/Xatta-Trone/gre-words-collection","2026-07-16"
"vocab-0318","frivolous","F R IH1 V AH0 L AH0 S","adjective","not serious in content or attitude or behavior","[]","[""a frivolous novel"",""a frivolous remark"",""a frivolous young woman""]","8","very_high","WordNet 3.1; CMU Pronouncing Dictionary; cross-list GRE frequency ranking","https://github.com/Xatta-Trone/gre-words-collection","2026-07-16"
"vocab-0319","galvanize","G AE1 L V AH0 N AY2 Z","verb","stimulate (muscles) by administering a shock  ","[""galvanise""]","[""galvanize steel""]","8","very_high","WordNet 3.1; CMU Pronouncing Dictionary; cross-list GRE frequency ranking","https://github.com/Xatta-Trone/gre-words-collection","2026-07-16"
"vocab-0320","gauche","G OW1 SH","adjective","lacking social polish","[""graceless"",""unpolished""]","[""too gauche to leave the room when the conversation became intimate"",""their excellent manners always made me feel gauche""]","8","very_high","WordNet 3.1; CMU Pronouncing Dictionary; cross-list GRE frequency ranking","https://github.com/Xatta-Trone/gre-words-collection","2026-07-16"
"vocab-0321","hegemony","HH IY0 JH EH1 M AH0 N IY0","noun","the dominance or leadership of one social group or nation over others","[]","[""the hegemony of a single member state is not incompatible with a genuine confederation"",""to say they have priority is not to say they have complete hegemony"",""the consolidation of the United States' hegemony over a new international economic system""]","8","very_high","WordNet 3.1; CMU Pronouncing Dictionary; cross-list GRE frequency ranking","https://github.com/Xatta-Trone/gre-words-collection","2026-07-16"
"vocab-0322","hoary","HH AO1 R IY0","adjective","ancient","[""rusty""]","[""hoary jokes""]","8","very_high","WordNet 3.1; CMU Pronouncing Dictionary; cross-list GRE frequency ranking","https://github.com/Xatta-Trone/gre-words-collection","2026-07-16"
"vocab-0323","hoodwink","HH UH1 D W IH2 NG K","verb","conceal one's true motives from especially by elaborately feigning good intentions so as to gain an end","[""bamboozle"",""snow"",""pull the wool over someone's eyes"",""lead by the nose"",""play false"",""juggle"",""beguile""]","[""He bamboozled his professors into thinking that he knew the subject well""]","8","very_high","WordNet 3.1; CMU Pronouncing Dictionary; cross-list GRE frequency ranking","https://github.com/Xatta-Trone/gre-words-collection","2026-07-16"
"vocab-0324","hyperbole","HH AY0 P ER1 B AH0 L IY2","noun","extravagant exaggeration  ","[""exaggeration""]","[]","8","very_high","WordNet 3.1; CMU Pronouncing Dictionary; cross-list GRE frequency ranking","https://github.com/Xatta-Trone/gre-words-collection","2026-07-16"
"vocab-0325","impecunious","","adjective","not having enough money to pay for necessities  ","[""hard up"",""in straitened circumstances(p)"",""penniless"",""penurious"",""pinched""]","[]","8","very_high","WordNet 3.1; CMU Pronouncing Dictionary; cross-list GRE frequency ranking","https://github.com/Xatta-Trone/gre-words-collection","2026-07-16"
"vocab-0326","imperious","IH2 M P IH1 R IY0 AH0 S","adjective","having or showing arrogant superiority to and disdain of those one views as unworthy","[""disdainful"",""haughty"",""lordly"",""overbearing"",""prideful"",""sniffy"",""supercilious"",""swaggering""]","[""some economists are disdainful of their colleagues in other social disciplines"",""haughty aristocrats"",""his lordly manners were offensive"",""walked with a prideful swagger""]","8","very_high","WordNet 3.1; CMU Pronouncing Dictionary; cross-list GRE frequency ranking","https://github.com/Xatta-Trone/gre-words-collection","2026-07-16"
"vocab-0327","incipient","IH2 N S IH1 P IY0 AH0 N T","adjective","only partly in existence","[""inchoate""]","[""imperfectly formed"",""incipient civil disorder"",""an incipient tumor"",""a vague inchoate idea""]","8","very_high","WordNet 3.1; CMU Pronouncing Dictionary; cross-list GRE frequency ranking","https://github.com/Xatta-Trone/gre-words-collection","2026-07-16"
"vocab-0328","incontrovertible","IH2 NG K AA2 N T R OW0 V ER1 T IH0 B AH0 L","adjective","impossible to deny or disprove","[""irrefutable"",""positive""]","[""incontrovertible proof of the defendant's innocence"",""proof positive"",""an irrefutable argument""]","8","very_high","WordNet 3.1; CMU Pronouncing Dictionary; cross-list GRE frequency ranking","https://github.com/Xatta-Trone/gre-words-collection","2026-07-16"
"vocab-0329","incorrigible","IH2 N K AA1 R AH0 JH AH0 B AH0 L","adjective","difficult or impossible to manage or control","[]","[""an incorrigible mess""]","8","very_high","WordNet 3.1; CMU Pronouncing Dictionary; cross-list GRE frequency ranking","https://github.com/Xatta-Trone/gre-words-collection","2026-07-16"
"vocab-0330","ingratiate","IH2 NG G R EY1 SH IY0 EY2 T","verb","gain favor with somebody by deliberate efforts  ","[]","[]","8","very_high","WordNet 3.1; CMU Pronouncing Dictionary; cross-list GRE frequency ranking","https://github.com/Xatta-Trone/gre-words-collection","2026-07-16"
"vocab-0331","inherent","IH0 N HH IH1 R AH0 N T","adjective","in the nature of something though not readily apparent","[""implicit in(p)"",""underlying"",""built-in"",""constitutional"",""inbuilt"",""integral""]","[""shortcomings inherent in our approach"",""an underlying meaning"",""the Ptolemaic system with its built-in concept of periodicity"",""a constitutional inability to tell the truth""]","8","very_high","WordNet 3.1; CMU Pronouncing Dictionary; cross-list GRE frequency ranking","https://github.com/Xatta-Trone/gre-words-collection","2026-07-16"
"vocab-0332","insular","IH1 N S AH0 L ER0","adjective","narrowly restricted in outlook or scope","[""parochial""]","[""little sympathy with parochial mentality"",""insular attitudes toward foreigners"",""an exceedingly insular man"",""so deeply private as to seem inaccessible to the scrutiny of a novelist- Leonard Michaels""]","8","very_high","WordNet 3.1; CMU Pronouncing Dictionary; cross-list GRE frequency ranking","https://github.com/Xatta-Trone/gre-words-collection","2026-07-16"
"vocab-0333","inveterate","IH2 N V EH1 T ER0 AH0 T","adverb","in a habitual and longstanding manner","[""chronically"",""chronic""]","[""smoking chronically"",""a chronic smoker""]","8","very_high","WordNet 3.1; CMU Pronouncing Dictionary; cross-list GRE frequency ranking","https://github.com/Xatta-Trone/gre-words-collection","2026-07-16"
"vocab-0334","jocular","JH AA1 K Y AH0 L ER0","adverb","with humor","[""jocosely"",""jesting"",""jocose"",""joking""]","[""they tried to deal with this painful subject jocularly""]","8","very_high","WordNet 3.1; CMU Pronouncing Dictionary; cross-list GRE frequency ranking","https://github.com/Xatta-Trone/gre-words-collection","2026-07-16"
"vocab-0335","lampoon","L AE0 M P UW1 N","verb","ridicule with satire","[""satirize"",""satirise"",""parody"",""spoof"",""sendup"",""send-up"",""mockery"",""takeoff"",""burlesque"",""travesty""]","[""The writer satirized the politician's proposal""]","8","very_high","WordNet 3.1; CMU Pronouncing Dictionary; cross-list GRE frequency ranking","https://github.com/Xatta-Trone/gre-words-collection","2026-07-16"
"vocab-0336","latent","L EY1 T AH0 N T","adjective","(pathology) not presently active","[]","[""latent infection"",""latent diabetes"",""a latent fingerprint"",""latent talent""]","8","very_high","WordNet 3.1; CMU Pronouncing Dictionary; cross-list GRE frequency ranking","https://github.com/Xatta-Trone/gre-words-collection","2026-07-16"
"vocab-0337","limpid","","adjective","(of language) transparently clear","[""lucid"",""luculent"",""pellucid"",""crystal clear"",""perspicuous""]","[""easily understandable"",""writes in a limpid style"",""lucid directions"",""a luculent oration- Robert Burton""]","8","very_high","WordNet 3.1; CMU Pronouncing Dictionary; cross-list GRE frequency ranking","https://github.com/Xatta-Trone/gre-words-collection","2026-07-16"
"vocab-0338","lugubrious","L UW0 G Y UW1 B R IY0 AH0 S","adjective","excessively mournful  ","[]","[]","8","very_high","WordNet 3.1; CMU Pronouncing Dictionary; cross-list GRE frequency ranking","https://github.com/Xatta-Trone/gre-words-collection","2026-07-16"
"vocab-0339","martial","M AA1 R SH AH0 L","adjective","of or relating to the armed forces","[""martial(a)"",""warlike"",""soldierly"",""soldierlike"",""warriorlike""]","[""martial law"",""a military bearing""]","8","very_high","WordNet 3.1; CMU Pronouncing Dictionary; cross-list GRE frequency ranking","https://github.com/Xatta-Trone/gre-words-collection","2026-07-16"
"vocab-0340","maudlin","M AO1 D L IH0 N","adjective","effusively or insincerely emotional","[""bathetic"",""drippy"",""hokey"",""mawkish"",""kitschy"",""mushy"",""schmaltzy"",""schmalzy"",""sentimental"",""sappy""]","[""a bathetic novel"",""maudlin expressions of sympathy"",""mushy effusiveness"",""a schmaltzy song""]","8","very_high","WordNet 3.1; CMU Pronouncing Dictionary; cross-list GRE frequency ranking","https://github.com/Xatta-Trone/gre-words-collection","2026-07-16"
"vocab-0341","mendicant","","adjective","practicing beggary","[]","[""mendicant friars""]","8","very_high","WordNet 3.1; CMU Pronouncing Dictionary; cross-list GRE frequency ranking","https://github.com/Xatta-Trone/gre-words-collection","2026-07-16"
"vocab-0342","mordant","M AO1 R D AH0 N T","noun","a substance used to treat leather or other materials before dyeing","[]","[""aids in dyeing process""]","8","very_high","WordNet 3.1; CMU Pronouncing Dictionary; cross-list GRE frequency ranking","https://github.com/Xatta-Trone/gre-words-collection","2026-07-16"
"vocab-0343","myopic","M AY0 AA1 P IH0 K","adjective","lacking foresight or scope","[""short"",""shortsighted"",""unforesightful"",""nearsighted""]","[""a short view of the problem"",""shortsighted policies"",""shortsighted critics derided the plan"",""myopic thinking""]","8","very_high","WordNet 3.1; CMU Pronouncing Dictionary; cross-list GRE frequency ranking","https://github.com/Xatta-Trone/gre-words-collection","2026-07-16"
"vocab-0344","nadir","N EY1 D ER0","noun","the point below the observer that is directly opposite the zenith on the imaginary sphere against which celestial bodies appear to be projected  ","[""low-water mark""]","[""the lowest point of anything""]","8","very_high","WordNet 3.1; CMU Pronouncing Dictionary; cross-list GRE frequency ranking","https://github.com/Xatta-Trone/gre-words-collection","2026-07-16"
"vocab-0345","neophyte","N IY1 AH0 F AY2 T","noun","a plant that is found in an area where it had not been recorded previously  ","[]","[]","8","very_high","WordNet 3.1; CMU Pronouncing Dictionary; cross-list GRE frequency ranking","https://github.com/Xatta-Trone/gre-words-collection","2026-07-16"
"vocab-0346","noisome","","adjective","offensively malodorous","[""fetid"",""foetid"",""foul"",""foul-smelling"",""funky"",""smelly"",""stinking"",""ill-scented"",""nauseating"",""nauseous""]","[""a foul odor"",""the kitchen smelled really funky"",""a nauseating smell"",""nauseous offal""]","8","very_high","WordNet 3.1; CMU Pronouncing Dictionary; cross-list GRE frequency ranking","https://github.com/Xatta-Trone/gre-words-collection","2026-07-16"
"vocab-0347","obscure","AH0 B S K Y UH1 R","adjective","not drawing attention","[""unnoticeable"",""unknown"",""unsung"",""vague""]","[""an unnoticeable cigarette burn on the carpet"",""an obscure flaw"",""an obscure family"",""unsung heroes of the war""]","8","very_high","WordNet 3.1; CMU Pronouncing Dictionary; cross-list GRE frequency ranking","https://github.com/Xatta-Trone/gre-words-collection","2026-07-16"
"vocab-0348","obstreperous","AH0 B S T R EH1 P ER0 AH0 S","adjective","boisterously and noisily aggressive","[]","[""kept up an obstreperous clamor"",""obstreperous boys""]","8","very_high","WordNet 3.1; CMU Pronouncing Dictionary; cross-list GRE frequency ranking","https://github.com/Xatta-Trone/gre-words-collection","2026-07-16"
"vocab-0349","obtuse","AA0 B T UW1 S","adjective","lacking in insight or discernment","[""purblind""]","[""too obtuse to grasp the implications of his behavior"",""a purblind oligarchy that flatly refused to see that history was condemning it to the dustbin- Jasper Griffin"",""between 90 and 180 degrees""]","8","very_high","WordNet 3.1; CMU Pronouncing Dictionary; cross-list GRE frequency ranking","https://github.com/Xatta-Trone/gre-words-collection","2026-07-16"
"vocab-0350","occlude","","verb","block passage through","[""obstruct"",""obturate"",""impede"",""jam"",""block"",""close up""]","[""obstruct the path""]","8","very_high","WordNet 3.1; CMU Pronouncing Dictionary; cross-list GRE frequency ranking","https://github.com/Xatta-Trone/gre-words-collection","2026-07-16"
"vocab-0351","ominous","AA1 M AH0 N AH0 S","adjective","presaging ill fortune","[""ill"",""inauspicious"",""baleful"",""forbidding"",""menacing"",""minacious"",""minatory"",""sinister"",""threatening""]","[""ill omens"",""ill predictions"",""my words with inauspicious thunderings shook heaven- P.B.Shelley"",""a dead and ominous silence prevailed""]","8","very_high","WordNet 3.1; CMU Pronouncing Dictionary; cross-list GRE frequency ranking","https://github.com/Xatta-Trone/gre-words-collection","2026-07-16"
"vocab-0352","opprobrium","AH0 P R OW1 B R IY0 AH0 M","noun","a state of extreme dishonor","[""infamy"",""obloquy""]","[""a date which will live in infamy- F.D.Roosevelt"",""the name was a by-word of scorn and opprobrium throughout the city""]","8","very_high","WordNet 3.1; CMU Pronouncing Dictionary; cross-list GRE frequency ranking","https://github.com/Xatta-Trone/gre-words-collection","2026-07-16"
"vocab-0353","panache","P AH0 N AA1 SH","noun","a feathered plume on a helmet  ","[]","[]","8","very_high","WordNet 3.1; CMU Pronouncing Dictionary; cross-list GRE frequency ranking","https://github.com/Xatta-Trone/gre-words-collection","2026-07-16"
"vocab-0354","panegyric","","adjective","formally expressing praise  ","[""encomiastic"",""eulogistic"",""panegyrical"",""encomium"",""eulogy"",""paean"",""pean""]","[]","8","very_high","WordNet 3.1; CMU Pronouncing Dictionary; cross-list GRE frequency ranking","https://github.com/Xatta-Trone/gre-words-collection","2026-07-16"
"vocab-0355","pariah","P ER0 AY1 AH0","noun","a person who is rejected (from society or home)  ","[""outcast"",""castaway"",""Ishmael""]","[]","8","very_high","WordNet 3.1; CMU Pronouncing Dictionary; cross-list GRE frequency ranking","https://github.com/Xatta-Trone/gre-words-collection","2026-07-16"
"vocab-0356","patronize","P EY1 T R AH0 N AY2 Z","verb","be a regular customer or client of","[""patronise"",""patronage"",""support"",""keep going"",""condescend"",""shop"",""shop at"",""buy at"",""frequent"",""sponsor""]","[""We patronize this store"",""Our sponsor kept our art studio going for as long as he could"",""do business with"",""be a customer or client of""]","8","very_high","WordNet 3.1; CMU Pronouncing Dictionary; cross-list GRE frequency ranking","https://github.com/Xatta-Trone/gre-words-collection","2026-07-16"
"vocab-0357","peripatetic","P EH2 R AH0 P AH0 T EH1 T IH0 K","adjective","traveling especially on foot","[""wayfaring""]","[""peripatetic country preachers"",""a poor wayfaring stranger""]","8","very_high","WordNet 3.1; CMU Pronouncing Dictionary; cross-list GRE frequency ranking","https://github.com/Xatta-Trone/gre-words-collection","2026-07-16"
"vocab-0358","perspicacious","P ER0 S P AH0 K EY1 SH AH0 S","adjective","acutely insightful and wise","[""sagacious"",""sapient""]","[""much too perspicacious to be taken in by such a spurious argument"",""observant and thoughtful, he was given to asking sagacious questions"",""a source of valuable insights and sapient advice to educators""]","8","very_high","WordNet 3.1; CMU Pronouncing Dictionary; cross-list GRE frequency ranking","https://github.com/Xatta-Trone/gre-words-collection","2026-07-16"
"vocab-0359","pertinent","P ER1 T IH0 N IH0 N T","adjective","having precise or logical relevance to the matter at hand","[]","[""a list of articles pertinent to the discussion"",""remarks that were to the point""]","8","very_high","WordNet 3.1; CMU Pronouncing Dictionary; cross-list GRE frequency ranking","https://github.com/Xatta-Trone/gre-words-collection","2026-07-16"
"vocab-0360","peruse","P ER0 UW1 Z","verb","examine or consider with attention and in detail","[]","[""Please peruse this report at your leisure""]","8","very_high","WordNet 3.1; CMU Pronouncing Dictionary; cross-list GRE frequency ranking","https://github.com/Xatta-Trone/gre-words-collection","2026-07-16"
"vocab-0361","philistine","F IH1 L AH0 S T IY2 N","noun","a person who is uninterested in intellectual pursuits  ","[""anti-intellectual"",""lowbrow""]","[]","8","very_high","WordNet 3.1; CMU Pronouncing Dictionary; cross-list GRE frequency ranking","https://github.com/Xatta-Trone/gre-words-collection","2026-07-16"
"vocab-0362","pious","P AY1 AH0 S","adjective","having or showing or expressing reverence for a deity","[]","[""pious readings""]","8","very_high","WordNet 3.1; CMU Pronouncing Dictionary; cross-list GRE frequency ranking","https://github.com/Xatta-Trone/gre-words-collection","2026-07-16"
"vocab-0363","placid","P L AE1 S AH0 D","adjective","(of a body of water) free from disturbance by heavy waves","[""quiet"",""still"",""tranquil"",""smooth"",""unruffled""]","[""a ribbon of sand between the angry sea and the placid bay"",""the quiet waters of a lagoon"",""a lake of tranquil blue water reflecting a tranquil blue sky"",""a smooth channel crossing""]","8","very_high","WordNet 3.1; CMU Pronouncing Dictionary; cross-list GRE frequency ranking","https://github.com/Xatta-Trone/gre-words-collection","2026-07-16"
"vocab-0364","plethora","P L EH1 TH ER0 AH0","noun","extreme excess","[""overplus"",""superfluity"",""embarrassment""]","[""an embarrassment of riches""]","8","very_high","WordNet 3.1; CMU Pronouncing Dictionary; cross-list GRE frequency ranking","https://github.com/Xatta-Trone/gre-words-collection","2026-07-16"
"vocab-0365","plummet","P L AH1 M AH0 T","noun","the metal bob of a plumb line  ","[""plumb bob"",""plumb""]","[]","8","very_high","WordNet 3.1; CMU Pronouncing Dictionary; cross-list GRE frequency ranking","https://github.com/Xatta-Trone/gre-words-collection","2026-07-16"
"vocab-0366","ponderous","P AA1 N D ER0 AH0 S","adjective","labored and dull","[]","[""a ponderous speech"",""a ponderous stone"",""a ponderous burden"",""ponderous weapons""]","8","very_high","WordNet 3.1; CMU Pronouncing Dictionary; cross-list GRE frequency ranking","https://github.com/Xatta-Trone/gre-words-collection","2026-07-16"
"vocab-0367","precursor","P R IY0 K ER1 S ER0","noun","a person who goes before or announces the coming of another  ","[""forerunner""]","[]","8","very_high","WordNet 3.1; CMU Pronouncing Dictionary; cross-list GRE frequency ranking","https://github.com/Xatta-Trone/gre-words-collection","2026-07-16"
"vocab-0368","predilection","P R EH2 D AH0 L EH1 K SH AH0 N","noun","a predisposition in favor of something","[""preference"",""orientation""]","[""a predilection for expensive cars"",""his sexual preferences"",""showed a Marxist orientation""]","8","very_high","WordNet 3.1; CMU Pronouncing Dictionary; cross-list GRE frequency ranking","https://github.com/Xatta-Trone/gre-words-collection","2026-07-16"
"vocab-0369","proclivity","P R OW0 K L IH1 V AH0 T IY0","noun","a natural inclination","[""propensity"",""leaning""]","[""he has a proclivity for exaggeration""]","8","very_high","WordNet 3.1; CMU Pronouncing Dictionary; cross-list GRE frequency ranking","https://github.com/Xatta-Trone/gre-words-collection","2026-07-16"
"vocab-0370","proscribe","P R OW0 S K R AY1 B","verb","command against","[""forbid"",""prohibit"",""interdict"",""veto"",""disallow"",""nix""]","[""I forbid you to call me late at night"",""Mother vetoed the trip to the chocolate store"",""Dad nixed our plans""]","8","very_high","WordNet 3.1; CMU Pronouncing Dictionary; cross-list GRE frequency ranking","https://github.com/Xatta-Trone/gre-words-collection","2026-07-16"
"vocab-0371","punctilious","P AH0 NG K T IH1 L IY0 AH0 S","adjective","marked by precise accordance with details","[""meticulous""]","[""meticulous research"",""punctilious in his attention to rules of etiquette""]","8","very_high","WordNet 3.1; CMU Pronouncing Dictionary; cross-list GRE frequency ranking","https://github.com/Xatta-Trone/gre-words-collection","2026-07-16"
"vocab-0372","qualify","K W AA1 L AH0 F AY2","verb","describe or portray the character or the qualities or peculiarities of","[""characterize"",""characterise"",""dispose""]","[""You can characterize his behavior as that of an egotist"",""This poem can be characterized as a lament for a dead lover"",""Your education qualifies you for this job"",""qualify these remarks""]","8","very_high","WordNet 3.1; CMU Pronouncing Dictionary; cross-list GRE frequency ranking","https://github.com/Xatta-Trone/gre-words-collection","2026-07-16"
"vocab-0373","quandary","K W AA1 N D ER0 IY0","noun","state of uncertainty or perplexity especially as requiring a choice between equally unfavorable options  ","[""dilemma"",""predicament"",""plight""]","[""finds himself in a most awkward predicament"",""the woeful plight of homeless people""]","8","very_high","WordNet 3.1; CMU Pronouncing Dictionary; cross-list GRE frequency ranking","https://github.com/Xatta-Trone/gre-words-collection","2026-07-16"
"vocab-0374","quiescent","K W AY0 EH1 S AH0 N T","adjective","(pathology) causing no symptoms","[]","[""a quiescent tumor"",""the quiescent melancholy of the town""]","8","very_high","WordNet 3.1; CMU Pronouncing Dictionary; cross-list GRE frequency ranking","https://github.com/Xatta-Trone/gre-words-collection","2026-07-16"
"vocab-0375","quotidian","","adjective","found in the ordinary course of events","[""everyday"",""mundane"",""routine"",""unremarkable"",""workaday""]","[""a placid everyday scene"",""it was a routine day"",""there's nothing quite like a real...train conductor to add color to a quotidian commute- Anita Diamant""]","8","very_high","WordNet 3.1; CMU Pronouncing Dictionary; cross-list GRE frequency ranking","https://github.com/Xatta-Trone/gre-words-collection","2026-07-16"
"vocab-0376","recluse","R IH0 K L UW1 S","adjective","withdrawn from society","[""reclusive"",""withdrawn""]","[""seeking solitude"",""lived an unsocial reclusive life""]","8","very_high","WordNet 3.1; CMU Pronouncing Dictionary; cross-list GRE frequency ranking","https://github.com/Xatta-Trone/gre-words-collection","2026-07-16"
"vocab-0377","replete","R IY0 P L IY1 T","adjective","(followed by `with') deeply filled or permeated","[""instinct(p)"",""replete(p)"",""full"",""satiate"",""sate"",""fill""]","[""imbued with the spirit of the Reformation"",""words instinct with love"",""it is replete with misery"",""a full stomach""]","8","very_high","WordNet 3.1; CMU Pronouncing Dictionary; cross-list GRE frequency ranking","https://github.com/Xatta-Trone/gre-words-collection","2026-07-16"
"vocab-0378","restive","R EH1 S T IH0 V","adjective","impatient especially under restriction or delay","[]","[""the government has done nothing to ease restrictions and manufacturers are growing restive""]","8","very_high","WordNet 3.1; CMU Pronouncing Dictionary; cross-list GRE frequency ranking","https://github.com/Xatta-Trone/gre-words-collection","2026-07-16"
"vocab-0379","ribald","R AY1 B AA0 L D","noun","a ribald person","[]","[""someone who uses vulgar and offensive language""]","8","very_high","WordNet 3.1; CMU Pronouncing Dictionary; cross-list GRE frequency ranking","https://github.com/Xatta-Trone/gre-words-collection","2026-07-16"
"vocab-0380","rudimentary","R UW2 D AH0 M EH1 N T ER0 IY0","adjective","being in the earliest stages of development","[]","[""rudimentary plans""]","8","very_high","WordNet 3.1; CMU Pronouncing Dictionary; cross-list GRE frequency ranking","https://github.com/Xatta-Trone/gre-words-collection","2026-07-16"
"vocab-0381","sagacious","","adjective","skillful in statecraft or management","[]","[""an astute and sagacious statesman""]","8","very_high","WordNet 3.1; CMU Pronouncing Dictionary; cross-list GRE frequency ranking","https://github.com/Xatta-Trone/gre-words-collection","2026-07-16"
"vocab-0382","salient","S EY1 L IY0 AH0 N T","adjective","(of angles) pointing outward at an angle of less than 180 degrees  ","[]","[]","8","very_high","WordNet 3.1; CMU Pronouncing Dictionary; cross-list GRE frequency ranking","https://github.com/Xatta-Trone/gre-words-collection","2026-07-16"
"vocab-0383","salubrious","","adjective","favorable to health of mind or body","[]","[""not the most salubrious campsite"",""one of the less salubrious suburbs""]","8","very_high","WordNet 3.1; CMU Pronouncing Dictionary; cross-list GRE frequency ranking","https://github.com/Xatta-Trone/gre-words-collection","2026-07-16"
"vocab-0384","sanctimonious","S AE2 NG K T AH0 M OW1 N IY0 AH0 S","adjective","excessively or hypocritically pious","[""holier-than-thou"",""pietistic"",""pietistical"",""pharisaic"",""pharisaical"",""self-righteous""]","[""a sickening sanctimonious smile""]","8","very_high","WordNet 3.1; CMU Pronouncing Dictionary; cross-list GRE frequency ranking","https://github.com/Xatta-Trone/gre-words-collection","2026-07-16"
"vocab-0385","satiate","","adjective","supplied (especially fed) to satisfaction  ","[""satiated"",""sate"",""replete"",""fill""]","[""I am sated""]","8","very_high","WordNet 3.1; CMU Pronouncing Dictionary; cross-list GRE frequency ranking","https://github.com/Xatta-Trone/gre-words-collection","2026-07-16"
"vocab-0386","solicitous","S AH0 L IH1 S AH0 T AH0 S","adjective","showing hovering attentiveness","[]","[""solicitous about her health"",""made solicitous inquiries about our family"",""solicitous parents"",""solicitous about the future""]","8","very_high","WordNet 3.1; CMU Pronouncing Dictionary; cross-list GRE frequency ranking","https://github.com/Xatta-Trone/gre-words-collection","2026-07-16"
"vocab-0387","sordid","S AO1 R D AH0 D","adjective","meanly avaricious and mercenary","[]","[""sordid avarice"",""sordid material interests""]","8","very_high","WordNet 3.1; CMU Pronouncing Dictionary; cross-list GRE frequency ranking","https://github.com/Xatta-Trone/gre-words-collection","2026-07-16"
"vocab-0388","spendthrift","S P EH1 N D TH R IH2 F T","noun","someone who spends money prodigally  ","[""spend-all"",""spender"",""scattergood""]","[]","8","very_high","WordNet 3.1; CMU Pronouncing Dictionary; cross-list GRE frequency ranking","https://github.com/Xatta-Trone/gre-words-collection","2026-07-16"
"vocab-0389","stultify","S T AH1 L T AH0 F AY2","verb","cause to appear foolish","[]","[""He stultified himself by contradicting himself and being inconsistent"",""nobody is legally allowed to stultify himself""]","8","very_high","WordNet 3.1; CMU Pronouncing Dictionary; cross-list GRE frequency ranking","https://github.com/Xatta-Trone/gre-words-collection","2026-07-16"
"vocab-0390","supercilious","S UW2 P ER0 S IH1 L IY0 AH0 S","adjective","expressive of contempt","[""sneering"",""snide""]","[""curled his lip in a supercilious smile"",""spoke in a sneering jeering manner"",""makes many a sharp comparison but never a mean or snide one""]","8","very_high","WordNet 3.1; CMU Pronouncing Dictionary; cross-list GRE frequency ranking","https://github.com/Xatta-Trone/gre-words-collection","2026-07-16"
"vocab-0391","sybarite","","noun","a person addicted to luxury and pleasures of the senses  ","[""voluptuary""]","[]","8","very_high","WordNet 3.1; CMU Pronouncing Dictionary; cross-list GRE frequency ranking","https://github.com/Xatta-Trone/gre-words-collection","2026-07-16"
"vocab-0392","tawdry","T AO1 D R IY0","adjective","made of inferior workmanship and materials","[""cheapjack"",""shoddy"",""brassy"",""cheap"",""flash"",""flashy"",""garish"",""gaudy"",""gimcrack"",""loud""]","[""cheapjack moviemaking...that feeds on the low taste of the mob- Judith Crist"",""a flash car"",""a flashy ring"",""garish colors""]","8","very_high","WordNet 3.1; CMU Pronouncing Dictionary; cross-list GRE frequency ranking","https://github.com/Xatta-Trone/gre-words-collection","2026-07-16"
"vocab-0393","temerity","T AH0 M EH1 R AH0 T IY0","noun","fearless daring  ","[""audacity"",""audaciousness""]","[]","8","very_high","WordNet 3.1; CMU Pronouncing Dictionary; cross-list GRE frequency ranking","https://github.com/Xatta-Trone/gre-words-collection","2026-07-16"
"vocab-0394","tenacious","T AH0 N EY1 SH AH0 S","adjective","sticking together","[""coherent"",""dogged"",""dour"",""persistent"",""pertinacious"",""unyielding"",""retentive"",""recollective"",""long""]","[""two coherent sheets"",""tenacious burrs"",""dogged persistence"",""dour determination""]","8","very_high","WordNet 3.1; CMU Pronouncing Dictionary; cross-list GRE frequency ranking","https://github.com/Xatta-Trone/gre-words-collection","2026-07-16"
"vocab-0395","tenuous","T EH1 N Y AH0 W AH0 S","adjective","very thin in gauge or diameter","[]","[""a tenuous thread"",""a tenuous fluid""]","8","very_high","WordNet 3.1; CMU Pronouncing Dictionary; cross-list GRE frequency ranking","https://github.com/Xatta-Trone/gre-words-collection","2026-07-16"
"vocab-0396","tout","T AW1 T","verb","advertize in strongly positive terms","[""touter"",""ticket tout""]","[""This product was touted as a revolutionary invention""]","8","very_high","WordNet 3.1; CMU Pronouncing Dictionary; cross-list GRE frequency ranking","https://github.com/Xatta-Trone/gre-words-collection","2026-07-16"
"vocab-0397","travesty","T R AE1 V AH0 S T IY0","verb","make a travesty of  ","[]","[]","8","very_high","WordNet 3.1; CMU Pronouncing Dictionary; cross-list GRE frequency ranking","https://github.com/Xatta-Trone/gre-words-collection","2026-07-16"
"vocab-0398","umbrage","AH1 M B R IH0 JH","noun","a feeling of anger caused by being offended","[""offense"",""offence""]","[""he took offence at my question""]","8","very_high","WordNet 3.1; CMU Pronouncing Dictionary; cross-list GRE frequency ranking","https://github.com/Xatta-Trone/gre-words-collection","2026-07-16"
"vocab-0399","undermine","AH1 N D ER0 M AY2 N","verb","hollow out as if making a cave or opening","[""cave"",""sabotage"",""countermine"",""counteract"",""subvert"",""weaken""]","[""The river was caving the banks"",""The Resistance sabotaged railroad operations during the war""]","8","very_high","WordNet 3.1; CMU Pronouncing Dictionary; cross-list GRE frequency ranking","https://github.com/Xatta-Trone/gre-words-collection","2026-07-16"
"vocab-0400","verbose","","adjective","using or containing too many words","[""long-winded"",""tedious"",""windy"",""wordy""]","[""long-winded (or windy) speakers"",""verbose and ineffective instructional methods"",""newspapers of the day printed long wordy editorials"",""proceedings were delayed by wordy disputes""]","8","very_high","WordNet 3.1; CMU Pronouncing Dictionary; cross-list GRE frequency ranking","https://github.com/Xatta-Trone/gre-words-collection","2026-07-16"
"vocab-0401","volatile","V AA1 L AH0 T AH0 L","adjective","tending to vary often or widely","[]","[""volatile stocks"",""volatile emotions"",""volatile oils"",""volatile solvents""]","8","very_high","WordNet 3.1; CMU Pronouncing Dictionary; cross-list GRE frequency ranking","https://github.com/Xatta-Trone/gre-words-collection","2026-07-16"
"vocab-0402","abrogate","AE1 B R AH0 G EY2 T","verb","revoke formally  ","[]","[]","7","very_high","WordNet 3.1; CMU Pronouncing Dictionary; cross-list GRE frequency ranking","https://github.com/Xatta-Trone/gre-words-collection","2026-07-16"
"vocab-0403","abysmal","AH0 B IH1 Z M AH0 L","adjective","resembling an abyss in depth","[""abyssal"",""unfathomable""]","[""so deep as to be unmeasurable"",""the abyssal depths of the ocean"",""limitless"",""abysmal misery""]","7","very_high","WordNet 3.1; CMU Pronouncing Dictionary; cross-list GRE frequency ranking","https://github.com/Xatta-Trone/gre-words-collection","2026-07-16"
"vocab-0404","acquiesce","AE2 K W IY0 EH1 S","verb","to agree or express agreement","[""assent"",""accede""]","[""The Maestro assented to the request for an encore""]","7","very_high","WordNet 3.1; CMU Pronouncing Dictionary; cross-list GRE frequency ranking","https://github.com/Xatta-Trone/gre-words-collection","2026-07-16"
"vocab-0405","aggregate","AE1 G R AH0 G AH0 T","adjective","composed of a dense cluster of separate units such as carpels or florets or drupelets","[""aggregated"",""aggregative"",""mass"",""combine""]","[""raspberries are aggregate fruits"",""aggregate expenses include expenses of all divisions combined for the entire year"",""the aggregated amount of indebtedness""]","7","very_high","WordNet 3.1; CMU Pronouncing Dictionary; cross-list GRE frequency ranking","https://github.com/Xatta-Trone/gre-words-collection","2026-07-16"
"vocab-0406","amiable","EY1 M IY0 AH0 B AH0 L","adjective","disposed to please","[""good-humored"",""good-humoured""]","[""an amiable villain with a cocky sidelong grin- Hal Hinson""]","7","very_high","WordNet 3.1; CMU Pronouncing Dictionary; cross-list GRE frequency ranking","https://github.com/Xatta-Trone/gre-words-collection","2026-07-16"
"vocab-0407","animosity","AE2 N AH0 M AA1 S AH0 T IY0","noun","a feeling of ill will arousing active hostility  ","[""animus"",""bad blood""]","[]","7","very_high","WordNet 3.1; CMU Pronouncing Dictionary; cross-list GRE frequency ranking","https://github.com/Xatta-Trone/gre-words-collection","2026-07-16"
"vocab-0408","anodyne","","adjective","capable of relieving pain","[""analgesic"",""analgetic"",""painkiller"",""pain pill""]","[""the anodyne properties of certain drugs"",""an analgesic effect""]","7","very_high","WordNet 3.1; CMU Pronouncing Dictionary; cross-list GRE frequency ranking","https://github.com/Xatta-Trone/gre-words-collection","2026-07-16"
"vocab-0409","anomaly","AH0 N AA1 M AH0 L IY0","noun","(astronomy) position of a planet as defined by its angular distance from its perihelion (as observed from the sun)  ","[""unusual person"",""anomalousness""]","[]","7","very_high","WordNet 3.1; CMU Pronouncing Dictionary; cross-list GRE frequency ranking","https://github.com/Xatta-Trone/gre-words-collection","2026-07-16"
"vocab-0410","aphorism","AE1 F ER0 IH2 Z AH0 M","noun","a short pithy instructive saying  ","[""apothegm"",""apophthegm""]","[]","7","very_high","WordNet 3.1; CMU Pronouncing Dictionary; cross-list GRE frequency ranking","https://github.com/Xatta-Trone/gre-words-collection","2026-07-16"
"vocab-0411","apprise","AH0 P R AY1 Z","verb","increase the value of","[""appreciate"",""apprize"",""revalue"",""instruct""]","[""The Germans want to appreciate the Deutsche Mark"",""The yen appreciated again!"",""Have the students been apprised of the tuition hike?""]","7","very_high","WordNet 3.1; CMU Pronouncing Dictionary; cross-list GRE frequency ranking","https://github.com/Xatta-Trone/gre-words-collection","2026-07-16"
"vocab-0412","archetype","AA1 R K IH0 T AY2 P","noun","something that serves as a model or a basis for making copies","[""original"",""pilot""]","[""this painting is a copy of the original""]","7","very_high","WordNet 3.1; CMU Pronouncing Dictionary; cross-list GRE frequency ranking","https://github.com/Xatta-Trone/gre-words-collection","2026-07-16"
"vocab-0413","arrogate","AE1 R OW0 G EY2 T","verb","make undue claims to having  ","[""assign""]","[]","7","very_high","WordNet 3.1; CMU Pronouncing Dictionary; cross-list GRE frequency ranking","https://github.com/Xatta-Trone/gre-words-collection","2026-07-16"
"vocab-0414","articulate","AA0 R T IH1 K Y AH0 L EY2 T","adjective","expressing yourself easily or characterized by clear expressive language","[""enunciate"",""vocalize"",""vocalise""]","[""articulate speech"",""an articulate orator"",""articulate beings"",""the ankle bone articulates with the leg bones to form the ankle bones""]","7","very_high","WordNet 3.1; CMU Pronouncing Dictionary; cross-list GRE frequency ranking","https://github.com/Xatta-Trone/gre-words-collection","2026-07-16"
"vocab-0415","ascribe","AH0 S K R AY1 B","verb","attribute or credit to","[""impute"",""assign"",""attribute""]","[""We attributed this quotation to Shakespeare"",""People impute great cleverness to cats""]","7","very_high","WordNet 3.1; CMU Pronouncing Dictionary; cross-list GRE frequency ranking","https://github.com/Xatta-Trone/gre-words-collection","2026-07-16"
"vocab-0416","aversion","AH0 V ER1 ZH AH0 N","noun","the act of turning yourself (or your gaze) away","[""averting""]","[""averting her gaze meant that she was angry""]","7","very_high","WordNet 3.1; CMU Pronouncing Dictionary; cross-list GRE frequency ranking","https://github.com/Xatta-Trone/gre-words-collection","2026-07-16"
"vocab-0417","avid","AE1 V AH0 D","adjective","marked by active interest and enthusiasm","[""zealous"",""devouring(a)"",""esurient"",""greedy""]","[""an avid sports fan"",""avid for adventure"",""an avid ambition to succeed"",""fierce devouring affection""]","7","very_high","WordNet 3.1; CMU Pronouncing Dictionary; cross-list GRE frequency ranking","https://github.com/Xatta-Trone/gre-words-collection","2026-07-16"
"vocab-0418","baleful","B EY1 L F AH0 L","adjective","threatening or foreshadowing evil or tragic developments","[""forbidding"",""menacing"",""minacious"",""minatory"",""ominous"",""sinister"",""threatening"",""baneful""]","[""a baleful look"",""forbidding thunderclouds"",""his tone became menacing"",""ominous rumblings of discontent""]","7","very_high","WordNet 3.1; CMU Pronouncing Dictionary; cross-list GRE frequency ranking","https://github.com/Xatta-Trone/gre-words-collection","2026-07-16"
"vocab-0419","belligerent","B AH0 L IH1 JH ER0 AH0 N T","adjective","engaged in war","[""militant"",""war-ridden"",""warring""]","[""belligerent (or warring) nations""]","7","very_high","WordNet 3.1; CMU Pronouncing Dictionary; cross-list GRE frequency ranking","https://github.com/Xatta-Trone/gre-words-collection","2026-07-16"
"vocab-0420","beneficent","B EH2 N AH0 F IH1 SH AH0 N T","adjective","generous in assistance to the poor","[""benevolent"",""eleemosynary"",""philanthropic""]","[""a benevolent contributor"",""eleemosynary relief"",""philanthropic contributions"",""the most beneficent regime in history""]","7","very_high","WordNet 3.1; CMU Pronouncing Dictionary; cross-list GRE frequency ranking","https://github.com/Xatta-Trone/gre-words-collection","2026-07-16"
"vocab-0421","blatant","B L EY1 T AH0 N T","adjective","conspicuously and offensively loud","[""clamant"",""clamorous"",""strident"",""vociferous"",""blazing"",""conspicuous""]","[""given to vehement outcry"",""blatant radios"",""a clamorous uproar"",""strident demands""]","7","very_high","WordNet 3.1; CMU Pronouncing Dictionary; cross-list GRE frequency ranking","https://github.com/Xatta-Trone/gre-words-collection","2026-07-16"
"vocab-0422","blithe","B L AY1 DH","adjective","carefree and happy and lighthearted","[""blithesome"",""lighthearted"",""lightsome"",""light-hearted""]","[""was loved for her blithe spirit"",""a merry blithesome nature"",""her lighthearted nature"",""trilling songs with a lightsome heart""]","7","very_high","WordNet 3.1; CMU Pronouncing Dictionary; cross-list GRE frequency ranking","https://github.com/Xatta-Trone/gre-words-collection","2026-07-16"
"vocab-0423","boorish","B UH1 R IH0 SH","adjective","ill-mannered and coarse and contemptible in behavior or appearance","[""loutish"",""neanderthal"",""neandertal"",""oafish"",""swinish""]","[""was boorish and insensitive"",""the loutish manners of a bully"",""her stupid oafish husband"",""aristocratic contempt for the swinish multitude""]","7","very_high","WordNet 3.1; CMU Pronouncing Dictionary; cross-list GRE frequency ranking","https://github.com/Xatta-Trone/gre-words-collection","2026-07-16"
"vocab-0424","bridle","B R AY1 D AH0 L","verb","respond to the reins, as of horses  ","[]","[""bridle horses"",""She bridled at his suggestion to elope""]","7","very_high","WordNet 3.1; CMU Pronouncing Dictionary; cross-list GRE frequency ranking","https://github.com/Xatta-Trone/gre-words-collection","2026-07-16"
"vocab-0425","cajole","K AH0 JH OW1 L","verb","influence or urge by gentle urging, caressing, or flattering","[""wheedle"",""palaver"",""blarney"",""coax"",""sweet-talk"",""inveigle""]","[""He palavered her into going along""]","7","very_high","WordNet 3.1; CMU Pronouncing Dictionary; cross-list GRE frequency ranking","https://github.com/Xatta-Trone/gre-words-collection","2026-07-16"
"vocab-0426","callow","K AE1 L OW0","adjective","young and inexperienced","[""fledgling"",""unfledged""]","[""a fledgling enterprise"",""a fledgling skier"",""an unfledged lawyer""]","7","very_high","WordNet 3.1; CMU Pronouncing Dictionary; cross-list GRE frequency ranking","https://github.com/Xatta-Trone/gre-words-collection","2026-07-16"
"vocab-0427","canard","K AH0 N AA1 R D","noun","a deliberately misleading fabrication  ","[]","[]","7","very_high","WordNet 3.1; CMU Pronouncing Dictionary; cross-list GRE frequency ranking","https://github.com/Xatta-Trone/gre-words-collection","2026-07-16"
"vocab-0428","candid","K AE1 N D AH0 D","adjective","openly straightforward and direct without reserve or secretiveness","[""open"",""heart-to-heart""]","[""his candid eyes"",""an open and trusting nature"",""a heart-to-heart talk"",""especially caught off guard or unprepared""]","7","very_high","WordNet 3.1; CMU Pronouncing Dictionary; cross-list GRE frequency ranking","https://github.com/Xatta-Trone/gre-words-collection","2026-07-16"
"vocab-0429","catholic","K AE1 TH L IH0 K","adjective","free from provincial prejudices or attachments","[]","[""catholic in one's tastes""]","7","very_high","WordNet 3.1; CMU Pronouncing Dictionary; cross-list GRE frequency ranking","https://github.com/Xatta-Trone/gre-words-collection","2026-07-16"
"vocab-0430","cede","S IY1 D","verb","relinquish possession or control over","[""surrender"",""deliver"",""give up"",""concede"",""yield"",""grant""]","[""The squatters had to surrender the building after the police moved in"",""surrender or relinquish to the physical control of another""]","7","very_high","WordNet 3.1; CMU Pronouncing Dictionary; cross-list GRE frequency ranking","https://github.com/Xatta-Trone/gre-words-collection","2026-07-16"
"vocab-0431","charlatan","SH AA1 R L AH0 T AH0 N","noun","a flamboyant deceiver","[""mountebank""]","[""one who attracts customers with tricks or jokes""]","7","very_high","WordNet 3.1; CMU Pronouncing Dictionary; cross-list GRE frequency ranking","https://github.com/Xatta-Trone/gre-words-collection","2026-07-16"
"vocab-0432","chastise","CH AE0 S T AY1 Z","verb","censure severely","[""castigate"",""objurgate"",""chasten"",""correct""]","[""She chastised him for his insensitive remarks""]","7","very_high","WordNet 3.1; CMU Pronouncing Dictionary; cross-list GRE frequency ranking","https://github.com/Xatta-Trone/gre-words-collection","2026-07-16"
"vocab-0433","choleric","K AA1 L ER0 IH0 K","adjective","characterized by anger","[""irascible"",""hotheaded"",""hot-tempered"",""quick-tempered"",""short-tempered""]","[""a choleric outburst"",""an irascible response"",""a hotheaded commander"",""men of the choleric type take to kicking and smashing- H.G.Wells""]","7","very_high","WordNet 3.1; CMU Pronouncing Dictionary; cross-list GRE frequency ranking","https://github.com/Xatta-Trone/gre-words-collection","2026-07-16"
"vocab-0434","clandestine","K L AE0 N D EH1 S T IH0 N","adjective","conducted with or marked by hidden aims or methods","[""cloak-and-dagger"",""hole-and-corner(a)"",""hugger-mugger"",""hush-hush"",""secret"",""surreptitious"",""undercover"",""underground""]","[""clandestine intelligence operations"",""cloak-and-dagger activities behind enemy lines"",""hole-and-corner intrigue"",""secret missions""]","7","very_high","WordNet 3.1; CMU Pronouncing Dictionary; cross-list GRE frequency ranking","https://github.com/Xatta-Trone/gre-words-collection","2026-07-16"
"vocab-0435","complaisant","K AH0 M P L EY1 S AH0 N T","adjective","showing a cheerful willingness to do favors for others","[""obliging""]","[""to close one's eyes like a complaisant husband whose wife has taken a lover"",""the obliging waiter was in no hurry for us to leave""]","7","very_high","WordNet 3.1; CMU Pronouncing Dictionary; cross-list GRE frequency ranking","https://github.com/Xatta-Trone/gre-words-collection","2026-07-16"
"vocab-0436","compliant","K AH0 M P L AY1 AH0 N T","adjective","inclined to comply","[]","[""children compliant with the parental will""]","7","very_high","WordNet 3.1; CMU Pronouncing Dictionary; cross-list GRE frequency ranking","https://github.com/Xatta-Trone/gre-words-collection","2026-07-16"
"vocab-0437","concede","K AH0 N S IY1 D","verb","acknowledge defeat","[""yield"",""cede"",""grant""]","[""The candidate conceded after enough votes had come in to show that he would lose"",""surrender or relinquish to the physical control of another"",""I grant you this much""]","7","very_high","WordNet 3.1; CMU Pronouncing Dictionary; cross-list GRE frequency ranking","https://github.com/Xatta-Trone/gre-words-collection","2026-07-16"
"vocab-0438","conciliatory","K AH0 N S IH1 L IY2 AH0 T AO2 R IY0","adjective","intended to placate","[""conciliative""]","[""spoke in a conciliating tone"",""a conciliatory visit""]","7","very_high","WordNet 3.1; CMU Pronouncing Dictionary; cross-list GRE frequency ranking","https://github.com/Xatta-Trone/gre-words-collection","2026-07-16"
"vocab-0439","conducive","K AH0 N D UW1 S IH0 V","adjective","tending to bring about","[""contributing(a)"",""contributive"",""contributory"",""tributary""]","[""being partly responsible for"",""working conditions are not conducive to productivity"",""the seaport was a contributing factor in the growth of the city"",""a contributory factor""]","7","very_high","WordNet 3.1; CMU Pronouncing Dictionary; cross-list GRE frequency ranking","https://github.com/Xatta-Trone/gre-words-collection","2026-07-16"
"vocab-0440","consummate","K AA1 N S AH0 M AH0 T","adjective","having or revealing supreme mastery or skill","[""masterful"",""masterly"",""virtuoso(a)""]","[""a consummate artist"",""consummate skill"",""a masterful speaker"",""masterful technique""]","7","very_high","WordNet 3.1; CMU Pronouncing Dictionary; cross-list GRE frequency ranking","https://github.com/Xatta-Trone/gre-words-collection","2026-07-16"
"vocab-0441","conundrum","K AH0 N AH1 N D R AH0 M","noun","a difficult problem  ","[""riddle"",""enigma"",""brain-teaser""]","[]","7","very_high","WordNet 3.1; CMU Pronouncing Dictionary; cross-list GRE frequency ranking","https://github.com/Xatta-Trone/gre-words-collection","2026-07-16"
"vocab-0442","cosmopolitan","K AA2 Z M AH0 P AA1 L AH0 T AH0 N","adjective","of worldwide scope or applicability","[""ecumenical"",""oecumenical"",""general"",""universal"",""worldwide"",""world-wide"",""widely distributed""]","[""an issue of cosmopolitan import"",""the shrewdest political and ecumenical comment of our time- Christopher Morley"",""universal experience"",""especially not provincial in attitudes or interests""]","7","very_high","WordNet 3.1; CMU Pronouncing Dictionary; cross-list GRE frequency ranking","https://github.com/Xatta-Trone/gre-words-collection","2026-07-16"
"vocab-0443","covert","K OW1 V ER0 T","adjective","(of a wife) being under the protection of her husband","[]","[""a woman covert"",""not openly practiced or engaged in or shown or avowed"",""covert actions by the CIA"",""covert funding for the rebels""]","7","very_high","WordNet 3.1; CMU Pronouncing Dictionary; cross-list GRE frequency ranking","https://github.com/Xatta-Trone/gre-words-collection","2026-07-16"
"vocab-0444","cumbersome","K AH1 M B ER0 S AH0 M","adjective","difficult to handle or use especially because of size or weight","[""cumbrous""]","[""a cumbersome piece of machinery"",""cumbrous protective clothing""]","7","very_high","WordNet 3.1; CMU Pronouncing Dictionary; cross-list GRE frequency ranking","https://github.com/Xatta-Trone/gre-words-collection","2026-07-16"
"vocab-0445","cursory","K ER1 S ER0 IY0","adjective","hasty and without attention to detail","[""casual"",""passing(a)"",""perfunctory"",""superficial""]","[""not thorough"",""a casual (or cursory) inspection failed to reveal the house's structural flaws"",""a passing glance"",""perfunctory courtesy""]","7","very_high","WordNet 3.1; CMU Pronouncing Dictionary; cross-list GRE frequency ranking","https://github.com/Xatta-Trone/gre-words-collection","2026-07-16"
"vocab-0446","deign","D EY1 N","verb","do something that one considers to be below one's dignity  ","[""condescend"",""descend""]","[]","7","very_high","WordNet 3.1; CMU Pronouncing Dictionary; cross-list GRE frequency ranking","https://github.com/Xatta-Trone/gre-words-collection","2026-07-16"
"vocab-0447","denouement","D EY2 N UW2 M AA1 N","noun","the final resolution of the main complication of a literary or dramatic work  ","[]","[]","7","very_high","WordNet 3.1; CMU Pronouncing Dictionary; cross-list GRE frequency ranking","https://github.com/Xatta-Trone/gre-words-collection","2026-07-16"
"vocab-0448","discrete","D IH0 S K R IY1 T","adjective","constituting a separate entity or part","[""distinct""]","[""a government with three discrete divisions"",""on two distinct occasions""]","7","very_high","WordNet 3.1; CMU Pronouncing Dictionary; cross-list GRE frequency ranking","https://github.com/Xatta-Trone/gre-words-collection","2026-07-16"
"vocab-0449","discursive","D IH0 S K ER1 S IH0 V","adjective","(of e.g. speech and writing) tending to depart from the main point or cover a wide range of subjects","[""digressive"",""excursive"",""rambling"",""dianoetic""]","[""amusingly digressive with satirical thrusts at women's fashions among other things"",""a rambling discursive book"",""his excursive remarks"",""a rambling speech about this and that""]","7","very_high","WordNet 3.1; CMU Pronouncing Dictionary; cross-list GRE frequency ranking","https://github.com/Xatta-Trone/gre-words-collection","2026-07-16"
"vocab-0450","dispatch","D IH0 S P AE1 CH","verb","kill without delay","[""discharge"",""complete""]","[""the traitor was dispatched by the conspirators"",""He dispatched the task he was assigned"",""discharge one's duties""]","7","very_high","WordNet 3.1; CMU Pronouncing Dictionary; cross-list GRE frequency ranking","https://github.com/Xatta-Trone/gre-words-collection","2026-07-16"
"vocab-0451","distill","D IH0 S T IH1 L","verb","give off (a liquid)","[""distil"",""extract""]","[""The doctor distilled a few drops of disinfectant onto the wound"",""distill the essence of this compound""]","7","very_high","WordNet 3.1; CMU Pronouncing Dictionary; cross-list GRE frequency ranking","https://github.com/Xatta-Trone/gre-words-collection","2026-07-16"
"vocab-0452","divulge","D IH0 V AH1 L JH","verb","make known to the public information that was previously known only to a few people or that was meant to be kept a secret","[""unwrap"",""disclose"",""let on"",""bring out"",""reveal"",""discover"",""expose"",""break"",""give away"",""let out""]","[""The auction house would not disclose the price at which the van Gogh had sold"",""The actress won't reveal how old she is"",""bring out the truth"",""he broke the news to her""]","7","very_high","WordNet 3.1; CMU Pronouncing Dictionary; cross-list GRE frequency ranking","https://github.com/Xatta-Trone/gre-words-collection","2026-07-16"
"vocab-0453","dubious","D UW1 B IY0 AH0 S","adjective","not convinced","[]","[""they admitted the force of my argument but remained dubious""]","7","very_high","WordNet 3.1; CMU Pronouncing Dictionary; cross-list GRE frequency ranking","https://github.com/Xatta-Trone/gre-words-collection","2026-07-16"
"vocab-0454","duplicity","D UW0 P L IH1 S IH0 T IY0","noun","acting in bad faith","[""double-dealing""]","[""deception by pretending to entertain one set of intentions while acting under the influence of another""]","7","very_high","WordNet 3.1; CMU Pronouncing Dictionary; cross-list GRE frequency ranking","https://github.com/Xatta-Trone/gre-words-collection","2026-07-16"
"vocab-0455","encumber","EH0 N K AH1 M B ER0","verb","restrict (someone or something) so as to make free movement difficult  ","[""restrain"",""cumber""]","[]","7","very_high","WordNet 3.1; CMU Pronouncing Dictionary; cross-list GRE frequency ranking","https://github.com/Xatta-Trone/gre-words-collection","2026-07-16"
"vocab-0456","enigma","IH0 N IH1 G M AH0","noun","a difficult problem  ","[""riddle"",""conundrum"",""brain-teaser"",""mystery"",""secret"",""closed book""]","[""how it got out is a mystery"",""it remains one of nature's secrets""]","7","very_high","WordNet 3.1; CMU Pronouncing Dictionary; cross-list GRE frequency ranking","https://github.com/Xatta-Trone/gre-words-collection","2026-07-16"
"vocab-0457","enmity","EH1 N M AH0 T IY0","noun","the feeling of a hostile person","[""hostility"",""ill will"",""antagonism""]","[""he could no longer contain his hostility""]","7","very_high","WordNet 3.1; CMU Pronouncing Dictionary; cross-list GRE frequency ranking","https://github.com/Xatta-Trone/gre-words-collection","2026-07-16"
"vocab-0458","equanimity","IY2 K W AH0 N IH1 M IH0 T IY0","noun","steadiness of mind under stress","[""composure"",""calm"",""calmness""]","[""he accepted their problems with composure and she with equanimity""]","7","very_high","WordNet 3.1; CMU Pronouncing Dictionary; cross-list GRE frequency ranking","https://github.com/Xatta-Trone/gre-words-collection","2026-07-16"
"vocab-0459","equitable","EH1 K W AH0 T AH0 B AH0 L","adjective","fair to all parties as dictated by reason and conscience","[""just""]","[""equitable treatment of all citizens"",""an equitable distribution of gifts among the children""]","7","very_high","WordNet 3.1; CMU Pronouncing Dictionary; cross-list GRE frequency ranking","https://github.com/Xatta-Trone/gre-words-collection","2026-07-16"
"vocab-0460","equivocal","IH0 K W IH1 V AH0 K AH0 L","adjective","uncertain as a sign or indication","[""ambiguous""]","[""the evidence from bacteriologic analysis was equivocal"",""aliens of equivocal loyalty"",""his conscience reproached him with the equivocal character of the union into which he had forced his son-Anna Jameson"",""or of uncertain nature or significance""]","7","very_high","WordNet 3.1; CMU Pronouncing Dictionary; cross-list GRE frequency ranking","https://github.com/Xatta-Trone/gre-words-collection","2026-07-16"
"vocab-0461","errant","EH1 R AH0 N T","adjective","uncontrolled motion that is irregular or unpredictable","[]","[""an errant breeze"",""errant youngsters""]","7","very_high","WordNet 3.1; CMU Pronouncing Dictionary; cross-list GRE frequency ranking","https://github.com/Xatta-Trone/gre-words-collection","2026-07-16"
"vocab-0462","eulogy","Y UW1 L AH0 JH IY0","noun","a formal expression of praise for someone who has died recently  ","[""eulogium""]","[]","7","very_high","WordNet 3.1; CMU Pronouncing Dictionary; cross-list GRE frequency ranking","https://github.com/Xatta-Trone/gre-words-collection","2026-07-16"
"vocab-0463","exegesis","","noun","an explanation or critical interpretation (especially of the Bible)  ","[]","[]","7","very_high","WordNet 3.1; CMU Pronouncing Dictionary; cross-list GRE frequency ranking","https://github.com/Xatta-Trone/gre-words-collection","2026-07-16"
"vocab-0464","exigent","EH1 K S IH0 JH AH0 N T","adjective","requiring precise accuracy","[""exacting""]","[""an exacting job"",""became more exigent over his pronunciation""]","7","very_high","WordNet 3.1; CMU Pronouncing Dictionary; cross-list GRE frequency ranking","https://github.com/Xatta-Trone/gre-words-collection","2026-07-16"
"vocab-0465","expurgate","","verb","edit by omitting or modifying parts considered indelicate","[""bowdlerize"",""bowdlerise"",""castrate"",""shorten""]","[""bowdlerize a novel""]","7","very_high","WordNet 3.1; CMU Pronouncing Dictionary; cross-list GRE frequency ranking","https://github.com/Xatta-Trone/gre-words-collection","2026-07-16"
"vocab-0466","facile","F AE1 S AH0 L","adjective","performing adroitly and without effort","[""neat"",""slick""]","[""a facile hand"",""too facile a solution for so complex a problem"",""it was a neat plan, but bound to fail"",""a slick advertising campaign""]","7","very_high","WordNet 3.1; CMU Pronouncing Dictionary; cross-list GRE frequency ranking","https://github.com/Xatta-Trone/gre-words-collection","2026-07-16"
"vocab-0467","facilitate","F AH0 S IH1 L AH0 T EY2 T","verb","increase the likelihood of (a response)","[""ease"",""alleviate""]","[""The stimulus facilitates a delayed impulse"",""you could facilitate the process by sharing your knowledge""]","7","very_high","WordNet 3.1; CMU Pronouncing Dictionary; cross-list GRE frequency ranking","https://github.com/Xatta-Trone/gre-words-collection","2026-07-16"
"vocab-0468","factious","","adjective","dissenting (especially dissenting with the majority opinion)  ","[""dissentious"",""divisive""]","[]","7","very_high","WordNet 3.1; CMU Pronouncing Dictionary; cross-list GRE frequency ranking","https://github.com/Xatta-Trone/gre-words-collection","2026-07-16"
"vocab-0469","fatuous","F AE1 CH AH0 W AH0 S","adjective","extremely silly or stupid  ","[""asinine"",""inane""]","[]","7","very_high","WordNet 3.1; CMU Pronouncing Dictionary; cross-list GRE frequency ranking","https://github.com/Xatta-Trone/gre-words-collection","2026-07-16"
"vocab-0470","fervid","F ER1 V AH0 D","adjective","(archaic) extremely hot, burning, or glowing","[""fervent"",""ardent"",""fiery"",""impassioned"",""perfervid"",""torrid""]","[""the fervent heat...merely communicated a genial warmth to their half-torpid systems- Nathaniel Hawthorne"",""set out...when the fervid heat subsides- Frances Trollope"",""ardent love"",""an ardent lover""]","7","very_high","WordNet 3.1; CMU Pronouncing Dictionary; cross-list GRE frequency ranking","https://github.com/Xatta-Trone/gre-words-collection","2026-07-16"
"vocab-0471","fickle","F IH1 K AH0 L","adjective","marked by erratic changeableness in affections or attachments","[""volatile""]","[""fickle friends"",""a flirt's volatile affections""]","7","very_high","WordNet 3.1; CMU Pronouncing Dictionary; cross-list GRE frequency ranking","https://github.com/Xatta-Trone/gre-words-collection","2026-07-16"
"vocab-0472","flout","F L AW1 T","verb","laugh at with contempt and derision","[""jeer"",""scoff"",""barrack"",""gibe""]","[""The crowd jeered at the speaker"",""flout the rules""]","7","very_high","WordNet 3.1; CMU Pronouncing Dictionary; cross-list GRE frequency ranking","https://github.com/Xatta-Trone/gre-words-collection","2026-07-16"
"vocab-0473","foible","F OY1 B AH0 L","noun","the weaker part of a sword's blade from the forte to the tip  ","[]","[]","7","very_high","WordNet 3.1; CMU Pronouncing Dictionary; cross-list GRE frequency ranking","https://github.com/Xatta-Trone/gre-words-collection","2026-07-16"
"vocab-0474","frugal","F R UW1 G AH0 L","adjective","avoiding waste","[""economical"",""scotch"",""sparing"",""stinting""]","[""an economical meal"",""an economical shopper"",""a frugal farmer"",""a frugal lunch""]","7","very_high","WordNet 3.1; CMU Pronouncing Dictionary; cross-list GRE frequency ranking","https://github.com/Xatta-Trone/gre-words-collection","2026-07-16"
"vocab-0475","fulminate","F UH1 L M AH0 N EY2 T","verb","cause to explode violently and with loud noise  ","[""rail""]","[""the disease fulminated"",""He fulminated against the Republicans' plan to cut Medicare"",""She railed against the bad social policies""]","7","very_high","WordNet 3.1; CMU Pronouncing Dictionary; cross-list GRE frequency ranking","https://github.com/Xatta-Trone/gre-words-collection","2026-07-16"
"vocab-0476","guile","G AY1 L","noun","the use of tricks to deceive someone (usually to extract money from them)  ","[""trickery"",""chicanery"",""chicane"",""wile"",""shenanigan"",""craftiness"",""deceitfulness"",""craft"",""cunning"",""foxiness""]","[]","7","very_high","WordNet 3.1; CMU Pronouncing Dictionary; cross-list GRE frequency ranking","https://github.com/Xatta-Trone/gre-words-collection","2026-07-16"
"vocab-0477","histrionic","HH IH2 S T R IY0 AA1 N IH0 K","adjective","characteristic of acting or a stage performance","[""melodramatic""]","[""often affected"",""histrionic gestures"",""an attitude of melodramatic despair"",""a theatrical pose""]","7","very_high","WordNet 3.1; CMU Pronouncing Dictionary; cross-list GRE frequency ranking","https://github.com/Xatta-Trone/gre-words-collection","2026-07-16"
"vocab-0478","ignoble","IH2 G N OW1 B AH0 L","adjective","not of the nobility","[""ungentle"",""untitled""]","[""of ignoble (or ungentle) birth"",""untitled civilians"",""something cowardly and ignoble in his attitude"",""I think it a less evil that some criminals should escape than that the government should play an ignoble part- Oliver Wendell Holmes, Jr.""]","7","very_high","WordNet 3.1; CMU Pronouncing Dictionary; cross-list GRE frequency ranking","https://github.com/Xatta-Trone/gre-words-collection","2026-07-16"
"vocab-0479","illusory","IH2 L UW1 S ER0 IY0","adjective","based on or having the nature of an illusion","[""illusive""]","[""illusive hopes of finding a better job"",""Secret activities offer presidents the alluring but often illusory promise that they can achieve foreign policy goals without the bothersome debate and open decision that are staples of democracy""]","7","very_high","WordNet 3.1; CMU Pronouncing Dictionary; cross-list GRE frequency ranking","https://github.com/Xatta-Trone/gre-words-collection","2026-07-16"
"vocab-0480","imbibe","IH0 M B AY1 B","verb","receive into the mind and retain","[]","[""Imbibe ethical principles""]","7","very_high","WordNet 3.1; CMU Pronouncing Dictionary; cross-list GRE frequency ranking","https://github.com/Xatta-Trone/gre-words-collection","2026-07-16"
"vocab-0481","imbroglio","IH2 M B R OW1 L Y OW2","noun","a very embarrassing misunderstanding  ","[""embroilment""]","[]","7","very_high","WordNet 3.1; CMU Pronouncing Dictionary; cross-list GRE frequency ranking","https://github.com/Xatta-Trone/gre-words-collection","2026-07-16"
"vocab-0482","imminent","IH1 M AH0 N AH0 N T","adjective","close in time","[""at hand(p)"",""close at hand(p)"",""impendent"",""impending""]","[""about to occur"",""retribution is at hand"",""some people believe the day of judgment is close at hand"",""in imminent danger""]","7","very_high","WordNet 3.1; CMU Pronouncing Dictionary; cross-list GRE frequency ranking","https://github.com/Xatta-Trone/gre-words-collection","2026-07-16"
"vocab-0483","immure","","verb","lock up or confine, in or as in a jail","[""imprison"",""incarcerate"",""lag"",""put behind bars"",""jail"",""jug"",""gaol"",""put away"",""remand""]","[""The suspects were imprisoned without trial"",""the murderer was incarcerated for the rest of his life""]","7","very_high","WordNet 3.1; CMU Pronouncing Dictionary; cross-list GRE frequency ranking","https://github.com/Xatta-Trone/gre-words-collection","2026-07-16"
"vocab-0484","impair","IH2 M P EH1 R","verb","make worse or less effective","[]","[""His vision was impaired""]","7","very_high","WordNet 3.1; CMU Pronouncing Dictionary; cross-list GRE frequency ranking","https://github.com/Xatta-Trone/gre-words-collection","2026-07-16"
"vocab-0485","impassive","IH2 M P AE1 S IH0 V","adjective","having or revealing little emotion or sensibility","[""stolid""]","[""not easily aroused or excited"",""her impassive remoteness"",""he remained impassive, showing neither interest in nor concern for our plight- Nordhoff & Hall"",""a silent stolid creature who took it all as a matter of course-Virginia Woolf""]","7","very_high","WordNet 3.1; CMU Pronouncing Dictionary; cross-list GRE frequency ranking","https://github.com/Xatta-Trone/gre-words-collection","2026-07-16"
"vocab-0486","impertinent","IH2 M P ER1 T AH0 N AH0 N T","adjective","characterized by a lightly pert and exuberant quality","[""irreverent"",""pert"",""saucy""]","[""a certain irreverent gaiety and ease of manner""]","7","very_high","WordNet 3.1; CMU Pronouncing Dictionary; cross-list GRE frequency ranking","https://github.com/Xatta-Trone/gre-words-collection","2026-07-16"
"vocab-0487","impute","IH2 M P Y UW1 T","verb","attribute (responsibility or fault) to a cause or source","[""ascribe"",""assign"",""attribute""]","[""The teacher imputed the student's failure to his nervousness"",""We attributed this quotation to Shakespeare"",""People impute great cleverness to cats""]","7","very_high","WordNet 3.1; CMU Pronouncing Dictionary; cross-list GRE frequency ranking","https://github.com/Xatta-Trone/gre-words-collection","2026-07-16"
"vocab-0488","incessant","IH2 N S EH1 S AH0 N T","adjective","uninterrupted in time and indefinitely long continuing","[""ceaseless"",""constant"",""never-ending"",""perpetual"",""unceasing"",""unremitting""]","[""the ceaseless thunder of surf"",""in constant pain"",""night and day we live with the incessant noise of the city"",""the never-ending search for happiness""]","7","very_high","WordNet 3.1; CMU Pronouncing Dictionary; cross-list GRE frequency ranking","https://github.com/Xatta-Trone/gre-words-collection","2026-07-16"
"vocab-0489","inconsequential","IH2 NG K AA2 N S AH0 K W EH1 N CH AH0 L","adjective","not following logically as a consequence  ","[]","[]","7","very_high","WordNet 3.1; CMU Pronouncing Dictionary; cross-list GRE frequency ranking","https://github.com/Xatta-Trone/gre-words-collection","2026-07-16"
"vocab-0490","ineffable","IH2 N EH1 F AH0 B AH0 L","adjective","too sacred to be uttered","[""unnameable"",""unspeakable"",""unutterable""]","[""the ineffable name of the Deity""]","7","very_high","WordNet 3.1; CMU Pronouncing Dictionary; cross-list GRE frequency ranking","https://github.com/Xatta-Trone/gre-words-collection","2026-07-16"
"vocab-0491","inert","IH2 N ER1 T","adjective","slow and apathetic","[""sluggish"",""soggy"",""torpid"",""indifferent"",""neutral""]","[""she was fat and inert"",""a sluggish worker"",""a mind grown torpid in old age"",""chemically inactive""]","7","very_high","WordNet 3.1; CMU Pronouncing Dictionary; cross-list GRE frequency ranking","https://github.com/Xatta-Trone/gre-words-collection","2026-07-16"
"vocab-0492","inexorable","IH2 N EH1 K S ER0 AH0 B AH0 L","adjective","impervious to pleas, persuasion, requests, reason","[""adamant"",""adamantine"",""intransigent"",""grim"",""relentless"",""stern"",""unappeasable"",""unforgiving"",""unrelenting""]","[""he is adamant in his refusal to change his mind"",""Cynthia was inexorable"",""she would have none of him- W.Churchill"",""an intransigent conservative opposed to every liberal tendency""]","7","very_high","WordNet 3.1; CMU Pronouncing Dictionary; cross-list GRE frequency ranking","https://github.com/Xatta-Trone/gre-words-collection","2026-07-16"
"vocab-0493","intermittent","IH2 N T ER0 M IH1 T AH0 N T","adjective","stopping and starting at irregular intervals","[]","[""intermittent rain showers""]","7","very_high","WordNet 3.1; CMU Pronouncing Dictionary; cross-list GRE frequency ranking","https://github.com/Xatta-Trone/gre-words-collection","2026-07-16"
"vocab-0494","jargon","JH AA1 R G AH0 N","noun","specialized technical terminology characteristic of a particular subject  ","[]","[]","7","very_high","WordNet 3.1; CMU Pronouncing Dictionary; cross-list GRE frequency ranking","https://github.com/Xatta-Trone/gre-words-collection","2026-07-16"
"vocab-0495","judicious","JH UW0 D IH1 SH AH0 S","adjective","marked by the exercise of good judgment or common sense in practical matters","[""wise"",""heady""]","[""judicious use of one's money"",""a wise decision""]","7","very_high","WordNet 3.1; CMU Pronouncing Dictionary; cross-list GRE frequency ranking","https://github.com/Xatta-Trone/gre-words-collection","2026-07-16"
"vocab-0496","juxtapose","JH AH2 K S T AH0 P OW1 Z","verb","place side by side","[]","[""The fauvists juxtaposed strong colors""]","7","very_high","WordNet 3.1; CMU Pronouncing Dictionary; cross-list GRE frequency ranking","https://github.com/Xatta-Trone/gre-words-collection","2026-07-16"
"vocab-0497","lachrymose","L AE1 K R IY0 M OW2 Z","adjective","showing sorrow  ","[""dolorous"",""dolourous"",""tearful"",""weeping""]","[]","7","very_high","WordNet 3.1; CMU Pronouncing Dictionary; cross-list GRE frequency ranking","https://github.com/Xatta-Trone/gre-words-collection","2026-07-16"
"vocab-0498","lament","L AH0 M EH1 N T","verb","express grief verbally","[""keen"",""lamentation"",""plaint"",""wail""]","[""we lamented the death of the child"",""their pitiful laments could be heard throughout the ward""]","7","very_high","WordNet 3.1; CMU Pronouncing Dictionary; cross-list GRE frequency ranking","https://github.com/Xatta-Trone/gre-words-collection","2026-07-16"
"vocab-0499","laudable","L AO1 D AH0 B AH0 L","adjective","worthy of high praise","[""applaudable"",""commendable"",""praiseworthy""]","[""applaudable efforts to save the environment"",""a commendable sense of purpose"",""laudable motives of improving housing conditions"",""a significant and praiseworthy increase in computer intelligence""]","7","very_high","WordNet 3.1; CMU Pronouncing Dictionary; cross-list GRE frequency ranking","https://github.com/Xatta-Trone/gre-words-collection","2026-07-16"
"vocab-0500","libertine","L IH1 B ER0 T IY2 N","noun","a dissolute person","[""debauchee"",""rounder""]","[""usually a man who is morally unrestrained""]","7","very_high","WordNet 3.1; CMU Pronouncing Dictionary; cross-list GRE frequency ranking","https://github.com/Xatta-Trone/gre-words-collection","2026-07-16"
"vocab-0501","loath","L OW1 TH","adjective","unwillingness to do something contrary to your custom","[""loth"",""reluctant""]","[""a reluctant smile"",""loath to admit a mistake""]","7","very_high","WordNet 3.1; CMU Pronouncing Dictionary; cross-list GRE frequency ranking","https://github.com/Xatta-Trone/gre-words-collection","2026-07-16"
"vocab-0502","luminous","L UW1 M AH0 N AH0 S","adjective","softly bright or radiant","[""aglow(p)"",""lambent"",""lucent""]","[""a house aglow with lights"",""glowing embers"",""lambent tongues of flame"",""the lucent moon""]","7","very_high","WordNet 3.1; CMU Pronouncing Dictionary; cross-list GRE frequency ranking","https://github.com/Xatta-Trone/gre-words-collection","2026-07-16"
"vocab-0503","magisterial","M AE2 JH IH0 S T IY1 R IY0 AH0 L","adjective","of or relating to a magistrate","[]","[""official magisterial functions""]","7","very_high","WordNet 3.1; CMU Pronouncing Dictionary; cross-list GRE frequency ranking","https://github.com/Xatta-Trone/gre-words-collection","2026-07-16"
"vocab-0504","magnanimous","M AE0 G N AE1 N AH0 M AH0 S","adjective","generous and understanding and tolerant","[""big"",""large"",""greathearted""]","[""a heart big enough to hold no grudges"",""that's very big of you to be so forgiving"",""a large and generous spirit"",""a large heart""]","7","very_high","WordNet 3.1; CMU Pronouncing Dictionary; cross-list GRE frequency ranking","https://github.com/Xatta-Trone/gre-words-collection","2026-07-16"
"vocab-0505","manifest","M AE1 N AH0 F EH2 S T","verb","reveal its presence or make an appearance","[]","[""the ghost manifests each year on the same day"",""each passenger must be manifested""]","7","very_high","WordNet 3.1; CMU Pronouncing Dictionary; cross-list GRE frequency ranking","https://github.com/Xatta-Trone/gre-words-collection","2026-07-16"
"vocab-0506","martinet","","noun","someone who demands exact conformity to rules and forms  ","[""disciplinarian"",""moralist""]","[]","7","very_high","WordNet 3.1; CMU Pronouncing Dictionary; cross-list GRE frequency ranking","https://github.com/Xatta-Trone/gre-words-collection","2026-07-16"
"vocab-0507","mawkish","M AO1 K IH0 SH","adjective","effusively or insincerely emotional","[""bathetic"",""drippy"",""hokey"",""maudlin"",""kitschy"",""mushy"",""schmaltzy"",""schmalzy"",""sentimental"",""sappy""]","[""a bathetic novel"",""maudlin expressions of sympathy"",""mushy effusiveness"",""a schmaltzy song""]","7","very_high","WordNet 3.1; CMU Pronouncing Dictionary; cross-list GRE frequency ranking","https://github.com/Xatta-Trone/gre-words-collection","2026-07-16"
"vocab-0508","maxim","M AE1 K S AH0 M","noun","a saying that is widely accepted on its own merits  ","[""axiom""]","[]","7","very_high","WordNet 3.1; CMU Pronouncing Dictionary; cross-list GRE frequency ranking","https://github.com/Xatta-Trone/gre-words-collection","2026-07-16"
"vocab-0509","meander","M IY0 AE1 N D ER0","noun","a bend or curve, as in a stream or river  ","[]","[]","7","very_high","WordNet 3.1; CMU Pronouncing Dictionary; cross-list GRE frequency ranking","https://github.com/Xatta-Trone/gre-words-collection","2026-07-16"
"vocab-0510","modicum","M AA1 D IH0 K AH0 M","noun","a small or moderate or token amount","[]","[""England still expects a modicum of eccentricity in its artists- Ian Jack""]","7","very_high","WordNet 3.1; CMU Pronouncing Dictionary; cross-list GRE frequency ranking","https://github.com/Xatta-Trone/gre-words-collection","2026-07-16"
"vocab-0511","moribund","M AO1 R AH0 B AH0 N D","adjective","being on the point of death","[]","[""breathing your last"",""a moribund patient""]","7","very_high","WordNet 3.1; CMU Pronouncing Dictionary; cross-list GRE frequency ranking","https://github.com/Xatta-Trone/gre-words-collection","2026-07-16"
"vocab-0512","myriad","M IH1 R IY0 AH0 D","noun","a large indefinite number","[]","[""he faced a myriad of details""]","7","very_high","WordNet 3.1; CMU Pronouncing Dictionary; cross-list GRE frequency ranking","https://github.com/Xatta-Trone/gre-words-collection","2026-07-16"
"vocab-0513","nascent","N EY1 S AH0 N T","adjective","being born or beginning","[]","[""the nascent chicks"",""a nascent insurgency""]","7","very_high","WordNet 3.1; CMU Pronouncing Dictionary; cross-list GRE frequency ranking","https://github.com/Xatta-Trone/gre-words-collection","2026-07-16"
"vocab-0514","ornate","AO0 R N EY1 T","adjective","marked by elaborate rhetoric and elaborated with decorative details","[""flowery""]","[""a flowery speech"",""ornate rhetoric taught out of the rule of Plato-John Milton""]","7","very_high","WordNet 3.1; CMU Pronouncing Dictionary; cross-list GRE frequency ranking","https://github.com/Xatta-Trone/gre-words-collection","2026-07-16"
"vocab-0515","pacify","P AE1 S AH0 F AY2","verb","fight violence and try to establish peace in (a location)","[""lenify"",""conciliate"",""assuage"",""appease"",""mollify"",""placate"",""gentle"",""gruntle""]","[""The U.N. troops are working to pacify Bosnia"",""gain the good will of"",""She managed to mollify the angry customer""]","7","very_high","WordNet 3.1; CMU Pronouncing Dictionary; cross-list GRE frequency ranking","https://github.com/Xatta-Trone/gre-words-collection","2026-07-16"
"vocab-0516","palatial","P AH0 L EY1 SH AH0 L","adjective","suitable for or like a palace","[]","[""palatial furnishings"",""a palatial yacht"",""the palatial residence""]","7","very_high","WordNet 3.1; CMU Pronouncing Dictionary; cross-list GRE frequency ranking","https://github.com/Xatta-Trone/gre-words-collection","2026-07-16"
"vocab-0517","palliate","","verb","provide physical relief, as from pain","[""relieve"",""alleviate"",""assuage"",""extenuate"",""mitigate""]","[""This pill will relieve your headaches"",""The circumstances extenuate the crime""]","7","very_high","WordNet 3.1; CMU Pronouncing Dictionary; cross-list GRE frequency ranking","https://github.com/Xatta-Trone/gre-words-collection","2026-07-16"
"vocab-0518","pallid","P AE1 L AH0 D","adjective","lacking in vitality or interest or effectiveness","[""pale"",""wan"",""sick""]","[""a pale rendition of the aria"",""pale prose with the faint sweetness of lavender"",""a pallid performance"",""dim or feeble""]","7","very_high","WordNet 3.1; CMU Pronouncing Dictionary; cross-list GRE frequency ranking","https://github.com/Xatta-Trone/gre-words-collection","2026-07-16"
"vocab-0519","panacea","P AE2 N AH0 S IY1 AH0","noun","hypothetical remedy for all ills or diseases","[""nostrum"",""catholicon"",""cure-all""]","[""once sought by the alchemists""]","7","very_high","WordNet 3.1; CMU Pronouncing Dictionary; cross-list GRE frequency ranking","https://github.com/Xatta-Trone/gre-words-collection","2026-07-16"
"vocab-0520","paradox","P EH1 R AH0 D AA2 K S","noun","(logic) a statement that contradicts itself","[]","[""`I always lie' is a paradox because if it is true it must be false""]","7","very_high","WordNet 3.1; CMU Pronouncing Dictionary; cross-list GRE frequency ranking","https://github.com/Xatta-Trone/gre-words-collection","2026-07-16"
"vocab-0521","parsimonious","P AA2 R S AH0 M OW1 N IY0 AH0 S","adjective","excessively unwilling to spend","[""penurious""]","[""parsimonious thrift relieved by few generous impulses"",""lived in a most penurious manner--denying himself every indulgence""]","7","very_high","WordNet 3.1; CMU Pronouncing Dictionary; cross-list GRE frequency ranking","https://github.com/Xatta-Trone/gre-words-collection","2026-07-16"
"vocab-0522","partial","P AA1 R SH AH0 L","adjective","showing favoritism  ","[]","[""not total"",""a partial description of the suspect"",""partial collapse"",""a partial eclipse""]","7","very_high","WordNet 3.1; CMU Pronouncing Dictionary; cross-list GRE frequency ranking","https://github.com/Xatta-Trone/gre-words-collection","2026-07-16"
"vocab-0523","peccadillo","","noun","a petty misdeed  ","[""indiscretion""]","[]","7","very_high","WordNet 3.1; CMU Pronouncing Dictionary; cross-list GRE frequency ranking","https://github.com/Xatta-Trone/gre-words-collection","2026-07-16"
"vocab-0524","pejorative","P AH0 JH AO1 R AH0 T IH0 V","adjective","expressing disapproval","[""dyslogistic"",""dislogistic""]","[""dyslogistic terms like `nitwit' and `scalawag'""]","7","very_high","WordNet 3.1; CMU Pronouncing Dictionary; cross-list GRE frequency ranking","https://github.com/Xatta-Trone/gre-words-collection","2026-07-16"
"vocab-0525","penury","P EH1 N Y UH0 R IY0","noun","a state of extreme poverty or destitution","[""indigence"",""need"",""pauperism"",""pauperization""]","[""their indigence appalled him"",""a general state of need exists among the homeless""]","7","very_high","WordNet 3.1; CMU Pronouncing Dictionary; cross-list GRE frequency ranking","https://github.com/Xatta-Trone/gre-words-collection","2026-07-16"
"vocab-0526","peremptory","P ER0 EH1 M P T ER0 IY0","adjective","putting an end to all debate or action","[]","[""a peremptory decree"",""spoke in peremptory tones"",""peremptory commands""]","7","very_high","WordNet 3.1; CMU Pronouncing Dictionary; cross-list GRE frequency ranking","https://github.com/Xatta-Trone/gre-words-collection","2026-07-16"
"vocab-0527","perfidy","P ER1 F IH0 D IY0","noun","betrayal of a trust  ","[""perfidiousness"",""treachery""]","[]","7","very_high","WordNet 3.1; CMU Pronouncing Dictionary; cross-list GRE frequency ranking","https://github.com/Xatta-Trone/gre-words-collection","2026-07-16"
"vocab-0528","peripheral","P ER0 IH1 F ER0 AH0 L","adjective","related to the key issue but not of central importance","[""computer peripheral"",""peripheral device""]","[""a peripheral interest"",""energy is far from a peripheral issue in the economy"",""peripheral issues"",""the outer area""]","7","very_high","WordNet 3.1; CMU Pronouncing Dictionary; cross-list GRE frequency ranking","https://github.com/Xatta-Trone/gre-words-collection","2026-07-16"
"vocab-0529","polemical","P AH0 L EH1 M AH0 K AH0 L","adjective","of or involving dispute or controversy  ","[""polemic""]","[]","7","very_high","WordNet 3.1; CMU Pronouncing Dictionary; cross-list GRE frequency ranking","https://github.com/Xatta-Trone/gre-words-collection","2026-07-16"
"vocab-0530","preclude","P R IH0 K L UW1 D","verb","make impossible, especially beforehand  ","[""rule out"",""close out""]","[]","7","very_high","WordNet 3.1; CMU Pronouncing Dictionary; cross-list GRE frequency ranking","https://github.com/Xatta-Trone/gre-words-collection","2026-07-16"
"vocab-0531","precocious","P R IH0 K OW1 SH AH0 S","adjective","appearing or developing early","[]","[""precocious flowers appear before the leaves as in some species of magnolias"",""a precocious child"",""a precocious achievement""]","7","very_high","WordNet 3.1; CMU Pronouncing Dictionary; cross-list GRE frequency ranking","https://github.com/Xatta-Trone/gre-words-collection","2026-07-16"
"vocab-0532","preempt","P R IY1 EH2 M P T","verb","make a preemptive bid in the game of bridge  ","[""displace""]","[""live broadcast of the presidential debate preempts the regular news hour"",""discussion of the emergency situation will preempt the lecture by the professor""]","7","very_high","WordNet 3.1; CMU Pronouncing Dictionary; cross-list GRE frequency ranking","https://github.com/Xatta-Trone/gre-words-collection","2026-07-16"
"vocab-0533","prescience","P R IY1 SH IY0 AH0 N S","noun","the power to foresee the future  ","[""prevision""]","[]","7","very_high","WordNet 3.1; CMU Pronouncing Dictionary; cross-list GRE frequency ranking","https://github.com/Xatta-Trone/gre-words-collection","2026-07-16"
"vocab-0534","profuse","P R AH0 F Y UW1 S","adjective","produced or growing in extreme abundance","[""exuberant"",""lush"",""luxuriant"",""riotous""]","[""their riotous blooming""]","7","very_high","WordNet 3.1; CMU Pronouncing Dictionary; cross-list GRE frequency ranking","https://github.com/Xatta-Trone/gre-words-collection","2026-07-16"
"vocab-0535","propagate","P R AA1 P AH0 G EY2 T","verb","multiply sexually or asexually  ","[]","[""This great civilization was propagated throughout the land""]","7","very_high","WordNet 3.1; CMU Pronouncing Dictionary; cross-list GRE frequency ranking","https://github.com/Xatta-Trone/gre-words-collection","2026-07-16"
"vocab-0536","prudent","P R UW1 D AH0 N T","adjective","careful and sensible","[]","[""marked by sound judgment"",""a prudent manager"",""prudent rulers"",""prudent hesitation""]","7","very_high","WordNet 3.1; CMU Pronouncing Dictionary; cross-list GRE frequency ranking","https://github.com/Xatta-Trone/gre-words-collection","2026-07-16"
"vocab-0537","pugnacious","P AH0 G N AE1 SH IH0 S","adjective","ready and able to resort to force or violence","[""rough""]","[""pugnacious spirits...lamented that there was so little prospect of an exhilarating disturbance- Herman Melville"",""they were rough and determined fighting men""]","7","very_high","WordNet 3.1; CMU Pronouncing Dictionary; cross-list GRE frequency ranking","https://github.com/Xatta-Trone/gre-words-collection","2026-07-16"
"vocab-0538","pundit","P AH1 N D AH0 T","noun","someone who has been admitted to membership in a scholarly field  ","[""initiate"",""learned person"",""savant""]","[]","7","very_high","WordNet 3.1; CMU Pronouncing Dictionary; cross-list GRE frequency ranking","https://github.com/Xatta-Trone/gre-words-collection","2026-07-16"
"vocab-0539","pungent","P AH1 N JH AH0 N T","adjective","strong and sharp","[""acrid""]","[""the pungent taste of radishes"",""the acrid smell of burning rubber""]","7","very_high","WordNet 3.1; CMU Pronouncing Dictionary; cross-list GRE frequency ranking","https://github.com/Xatta-Trone/gre-words-collection","2026-07-16"
"vocab-0540","quibble","K W IH1 B AH0 L","verb","argue over petty things","[""niggle"",""pettifog"",""bicker"",""squabble"",""brabble"",""quiddity"",""cavil""]","[""Let's not quibble over pennies""]","7","very_high","WordNet 3.1; CMU Pronouncing Dictionary; cross-list GRE frequency ranking","https://github.com/Xatta-Trone/gre-words-collection","2026-07-16"
"vocab-0541","raconteur","R AE2 K AA0 N T UW1 R","noun","a person skilled in telling anecdotes  ","[""anecdotist""]","[]","7","very_high","WordNet 3.1; CMU Pronouncing Dictionary; cross-list GRE frequency ranking","https://github.com/Xatta-Trone/gre-words-collection","2026-07-16"
"vocab-0542","rankle","R AE1 NG K AH0 L","verb","gnaw into","[""eat into"",""fret"",""grate""]","[""make resentful or angry"",""The injustice rankled her"",""his resentment festered""]","7","very_high","WordNet 3.1; CMU Pronouncing Dictionary; cross-list GRE frequency ranking","https://github.com/Xatta-Trone/gre-words-collection","2026-07-16"
"vocab-0543","rarefied","R EH1 R AH0 F AY0 D","adjective","of high moral or intellectual value","[""exalted"",""elevated"",""sublime"",""grand"",""high-flown"",""high-minded"",""lofty"",""rarified"",""idealistic"",""noble-minded""]","[""elevated in nature or style"",""an exalted ideal"",""argue in terms of high-flown ideals- Oliver Franks"",""a noble and lofty concept""]","7","very_high","WordNet 3.1; CMU Pronouncing Dictionary; cross-list GRE frequency ranking","https://github.com/Xatta-Trone/gre-words-collection","2026-07-16"
"vocab-0544","recalcitrant","R IH0 K AE1 L S IH0 T R AH0 N T","adjective","marked by stubborn resistance to authority","[]","[""the University suspended the most recalcitrant demonstrators""]","7","very_high","WordNet 3.1; CMU Pronouncing Dictionary; cross-list GRE frequency ranking","https://github.com/Xatta-Trone/gre-words-collection","2026-07-16"
"vocab-0545","reconcile","R EH1 K AH0 N S AY2 L","verb","come to terms","[""patch up"",""make up"",""conciliate"",""settle""]","[""After some discussion we finally made up""]","7","very_high","WordNet 3.1; CMU Pronouncing Dictionary; cross-list GRE frequency ranking","https://github.com/Xatta-Trone/gre-words-collection","2026-07-16"
"vocab-0546","redress","R IH0 D R EH1 S","noun","act of correcting an error or a fault or an evil  ","[""remedy"",""remediation""]","[]","7","very_high","WordNet 3.1; CMU Pronouncing Dictionary; cross-list GRE frequency ranking","https://github.com/Xatta-Trone/gre-words-collection","2026-07-16"
"vocab-0547","remiss","R IY0 M IH1 S","adjective","failing in what duty requires","[""derelict"",""delinquent"",""neglectful""]","[""derelict (or delinquent) in his duty"",""neglectful of his duties"",""remiss of you not to pay your bills""]","7","very_high","WordNet 3.1; CMU Pronouncing Dictionary; cross-list GRE frequency ranking","https://github.com/Xatta-Trone/gre-words-collection","2026-07-16"
"vocab-0548","respite","R EH1 S P IH0 T","noun","a pause for relaxation","[""rest"",""relief"",""rest period"",""recess"",""break"",""time out""]","[""people actually accomplish more when they take time for short rests"",""we took a 10-minute break"",""he took time out to recuperate""]","7","very_high","WordNet 3.1; CMU Pronouncing Dictionary; cross-list GRE frequency ranking","https://github.com/Xatta-Trone/gre-words-collection","2026-07-16"
"vocab-0549","robust","R OW0 B AH1 S T","adjective","rough and crude","[]","[""a robust tale"",""the experiment yielded robust results"",""a robust faith"",""a robust body""]","7","very_high","WordNet 3.1; CMU Pronouncing Dictionary; cross-list GRE frequency ranking","https://github.com/Xatta-Trone/gre-words-collection","2026-07-16"
"vocab-0550","rustic","R AH1 S T IH0 K","noun","an unsophisticated country person  ","[]","[]","7","very_high","WordNet 3.1; CMU Pronouncing Dictionary; cross-list GRE frequency ranking","https://github.com/Xatta-Trone/gre-words-collection","2026-07-16"
"vocab-0551","sardonic","S AA0 R D AA1 N IH0 K","adjective","disdainfully or ironically humorous","[""snarky""]","[""scornful and mocking"",""his rebellion is the bitter, sardonic laughter of all great satirists- Frank Schoenberner"",""a wry pleasure to be...reminded of all that one is missing- Irwin Edman""]","7","very_high","WordNet 3.1; CMU Pronouncing Dictionary; cross-list GRE frequency ranking","https://github.com/Xatta-Trone/gre-words-collection","2026-07-16"
"vocab-0552","slight","S L AY1 T","verb","pay no attention to, disrespect","[""cold-shoulder""]","[""She cold-shouldered her ex-fiance""]","7","very_high","WordNet 3.1; CMU Pronouncing Dictionary; cross-list GRE frequency ranking","https://github.com/Xatta-Trone/gre-words-collection","2026-07-16"
"vocab-0553","solecism","","noun","a socially awkward or tactless act  ","[""faux pas"",""gaffe"",""slip"",""gaucherie""]","[]","7","very_high","WordNet 3.1; CMU Pronouncing Dictionary; cross-list GRE frequency ranking","https://github.com/Xatta-Trone/gre-words-collection","2026-07-16"
"vocab-0554","sparse","S P AA1 R S","adjective","not dense","[""thin""]","[""a thin beard"",""trees were sparse""]","7","very_high","WordNet 3.1; CMU Pronouncing Dictionary; cross-list GRE frequency ranking","https://github.com/Xatta-Trone/gre-words-collection","2026-07-16"
"vocab-0555","stigma","S T IH1 G M AH0","noun","a skin lesion that is a diagnostic sign of some disease  ","[]","[]","7","very_high","WordNet 3.1; CMU Pronouncing Dictionary; cross-list GRE frequency ranking","https://github.com/Xatta-Trone/gre-words-collection","2026-07-16"
"vocab-0556","stringent","S T R IH1 N JH AH0 N T","adjective","demanding strict attention to rules and procedures","[""rigorous"",""tight""]","[""rigorous discipline"",""tight security"",""stringent safety measures""]","7","very_high","WordNet 3.1; CMU Pronouncing Dictionary; cross-list GRE frequency ranking","https://github.com/Xatta-Trone/gre-words-collection","2026-07-16"
"vocab-0557","stymie","S T AY1 M IY0","noun","a thwarting and distressing situation  ","[""stymy""]","[]","7","very_high","WordNet 3.1; CMU Pronouncing Dictionary; cross-list GRE frequency ranking","https://github.com/Xatta-Trone/gre-words-collection","2026-07-16"
"vocab-0558","subside","S AH0 B S AY1 D","verb","sink down or precipitate","[""settle"",""lessen""]","[""the mud subsides when the waters become calm"",""the valleys subside"",""The pain subsided""]","7","very_high","WordNet 3.1; CMU Pronouncing Dictionary; cross-list GRE frequency ranking","https://github.com/Xatta-Trone/gre-words-collection","2026-07-16"
"vocab-0559","subterfuge","S AH1 B T ER0 F Y UW2 JH","noun","something intended to misrepresent the true nature of an activity","[""blind""]","[""he wasn't sick--it was just a subterfuge"",""the holding company was just a blind""]","7","very_high","WordNet 3.1; CMU Pronouncing Dictionary; cross-list GRE frequency ranking","https://github.com/Xatta-Trone/gre-words-collection","2026-07-16"
"vocab-0560","surly","S ER1 L IY0","adjective","inclined to anger or bad feelings with overtones of menace","[""ugly""]","[""a surly waiter"",""an ugly frame of mind""]","7","very_high","WordNet 3.1; CMU Pronouncing Dictionary; cross-list GRE frequency ranking","https://github.com/Xatta-Trone/gre-words-collection","2026-07-16"
"vocab-0561","tact","T AE1 K T","noun","consideration in dealing with others and avoiding giving offense  ","[""tactfulness""]","[]","7","very_high","WordNet 3.1; CMU Pronouncing Dictionary; cross-list GRE frequency ranking","https://github.com/Xatta-Trone/gre-words-collection","2026-07-16"
"vocab-0562","tantamount","T AE1 N T AH0 M AW2 N T","adjective","being essentially equal to something","[""equivalent"",""tantamount(p)""]","[""it was as good as gold"",""a wish that was equivalent to a command"",""his statement was tantamount to an admission of guilt""]","7","very_high","WordNet 3.1; CMU Pronouncing Dictionary; cross-list GRE frequency ranking","https://github.com/Xatta-Trone/gre-words-collection","2026-07-16"
"vocab-0563","tendentious","T EH2 N D EH1 N SH AH0 S","adjective","having or marked by a strong tendency especially a controversial one","[""tendencious""]","[""a tendentious account of recent elections"",""distinguishing between verifiable fact and tendentious assertion""]","7","very_high","WordNet 3.1; CMU Pronouncing Dictionary; cross-list GRE frequency ranking","https://github.com/Xatta-Trone/gre-words-collection","2026-07-16"
"vocab-0564","terse","T ER1 S","adjective","brief and to the point","[""crisp"",""curt"",""laconic""]","[""effectively cut short"",""a crisp retort"",""a response so curt as to be almost rude"",""the laconic reply""]","7","very_high","WordNet 3.1; CMU Pronouncing Dictionary; cross-list GRE frequency ranking","https://github.com/Xatta-Trone/gre-words-collection","2026-07-16"
"vocab-0565","transitory","T R AE1 N Z AH0 T AO2 R IY0","adjective","lasting a very short time","[""ephemeral"",""passing"",""short-lived"",""transient"",""fugacious""]","[""the ephemeral joys of childhood"",""a passing fancy"",""youth's transient beauty"",""love is transitory but it is eternal""]","7","very_high","WordNet 3.1; CMU Pronouncing Dictionary; cross-list GRE frequency ranking","https://github.com/Xatta-Trone/gre-words-collection","2026-07-16"
"vocab-0566","truculent","T R AH1 K Y AH0 L AH0 N T","adjective","defiantly aggressive","[]","[""a truculent speech against the new government""]","7","very_high","WordNet 3.1; CMU Pronouncing Dictionary; cross-list GRE frequency ranking","https://github.com/Xatta-Trone/gre-words-collection","2026-07-16"
"vocab-0567","ubiquitous","Y UW0 B IH1 K W IH0 T AH0 S","adjective","being present everywhere at once  ","[""omnipresent""]","[]","7","very_high","WordNet 3.1; CMU Pronouncing Dictionary; cross-list GRE frequency ranking","https://github.com/Xatta-Trone/gre-words-collection","2026-07-16"
"vocab-0568","unconscionable","AH0 N K AA1 N SH AH0 N AH0 B AH0 L","adjective","greatly exceeding bounds of reason or moderation","[""exorbitant"",""extortionate"",""outrageous"",""steep"",""usurious"",""conscienceless""]","[""exorbitant rent"",""extortionate prices"",""spends an outrageous amount on entertainment"",""usurious interest rate""]","7","very_high","WordNet 3.1; CMU Pronouncing Dictionary; cross-list GRE frequency ranking","https://github.com/Xatta-Trone/gre-words-collection","2026-07-16"
"vocab-0569","underscore","AH2 N D ER0 S K AO1 R","verb","give extra weight to (a communication)","[""underline"",""emphasize"",""emphasise""]","[""Her gesture emphasized her words""]","7","very_high","WordNet 3.1; CMU Pronouncing Dictionary; cross-list GRE frequency ranking","https://github.com/Xatta-Trone/gre-words-collection","2026-07-16"
"vocab-0570","unseemly","AH0 N S IY1 M L IY0","adjective","not in keeping with accepted standards of what is right or proper in polite society","[""indecent"",""indecorous"",""unbecoming"",""uncomely"",""untoward""]","[""was buried with indecent haste"",""indecorous behavior"",""language unbecoming to a lady"",""unseemly to use profanity""]","7","very_high","WordNet 3.1; CMU Pronouncing Dictionary; cross-list GRE frequency ranking","https://github.com/Xatta-Trone/gre-words-collection","2026-07-16"
"vocab-0571","untenable","AH0 N T EH1 N AH0 B AH0 L","adjective","(of theories etc) incapable of being defended or justified  ","[""indefensible""]","[]","7","very_high","WordNet 3.1; CMU Pronouncing Dictionary; cross-list GRE frequency ranking","https://github.com/Xatta-Trone/gre-words-collection","2026-07-16"
"vocab-0572","untoward","AH0 N T UW0 AO1 R D","adjective","contrary to your interests or welfare","[""adverse"",""inauspicious"",""indecent"",""indecorous"",""unbecoming"",""uncomely"",""unseemly""]","[""adverse circumstances"",""made a place for themselves under the most untoward conditions"",""was buried with indecent haste"",""indecorous behavior""]","7","very_high","WordNet 3.1; CMU Pronouncing Dictionary; cross-list GRE frequency ranking","https://github.com/Xatta-Trone/gre-words-collection","2026-07-16"
"vocab-0573","urbane","ER0 B EY1 N","adjective","showing a high degree of refinement and the assurance that comes from wide social experience","[""polished"",""refined""]","[""his polished manner"",""maintained an urbane tone in his letters""]","7","very_high","WordNet 3.1; CMU Pronouncing Dictionary; cross-list GRE frequency ranking","https://github.com/Xatta-Trone/gre-words-collection","2026-07-16"
"vocab-0574","veracious","","adjective","precisely accurate","[""right""]","[""a veracious account"",""a veracious witness""]","7","very_high","WordNet 3.1; CMU Pronouncing Dictionary; cross-list GRE frequency ranking","https://github.com/Xatta-Trone/gre-words-collection","2026-07-16"
"vocab-0575","veracity","V ER0 AE1 S IH0 T IY0","noun","unwillingness to tell lies  ","[]","[]","7","very_high","WordNet 3.1; CMU Pronouncing Dictionary; cross-list GRE frequency ranking","https://github.com/Xatta-Trone/gre-words-collection","2026-07-16"
"vocab-0576","vicissitude","V IH2 S IH1 S IH0 T UW0 D","noun","mutability in life or nature (especially successive alternation from one condition to another)  ","[]","[""the project was subject to the usual vicissitudes of exploratory research""]","7","very_high","WordNet 3.1; CMU Pronouncing Dictionary; cross-list GRE frequency ranking","https://github.com/Xatta-Trone/gre-words-collection","2026-07-16"
"vocab-0577","voluble","V AA1 L Y AH0 B AH0 L","adjective","marked by a ready flow of speech","[]","[""she is an extremely voluble young woman who engages in soliloquies not conversations""]","7","very_high","WordNet 3.1; CMU Pronouncing Dictionary; cross-list GRE frequency ranking","https://github.com/Xatta-Trone/gre-words-collection","2026-07-16"
"vocab-0578","wane","W EY1 N","verb","decrease in phase","[]","[""the moon is waning"",""Interest in his novels waned""]","7","very_high","WordNet 3.1; CMU Pronouncing Dictionary; cross-list GRE frequency ranking","https://github.com/Xatta-Trone/gre-words-collection","2026-07-16"
"vocab-0579","wanton","W AO1 N T AH0 N","verb","behave extremely cruelly and brutally  ","[""wanton away"",""trifle away""]","[""wanton one's money away""]","7","very_high","WordNet 3.1; CMU Pronouncing Dictionary; cross-list GRE frequency ranking","https://github.com/Xatta-Trone/gre-words-collection","2026-07-16"
"vocab-0580","winsome","W IH1 N S AH0 M","adjective","charming in a childlike or naive way  ","[]","[]","7","very_high","WordNet 3.1; CMU Pronouncing Dictionary; cross-list GRE frequency ranking","https://github.com/Xatta-Trone/gre-words-collection","2026-07-16"
"vocab-0581","abet","AH0 B EH1 T","verb","assist or encourage, usually in some wrongdoing  ","[]","[]","6","high","WordNet 3.1; CMU Pronouncing Dictionary; cross-list GRE frequency ranking","https://github.com/Xatta-Trone/gre-words-collection","2026-07-16"
"vocab-0582","abject","AE1 B JH EH0 K T","adjective","showing humiliation or submissiveness","[""unhopeful""]","[""an abject apology"",""abject surrender"",""the most abject slaves joined in the revolt"",""abject poverty""]","6","high","WordNet 3.1; CMU Pronouncing Dictionary; cross-list GRE frequency ranking","https://github.com/Xatta-Trone/gre-words-collection","2026-07-16"
"vocab-0583","abstemious","","adjective","marked by temperance in indulgence","[""light(a)""]","[""abstemious with the use of adverbs"",""a light eater"",""a light smoker"",""ate a light supper""]","6","high","WordNet 3.1; CMU Pronouncing Dictionary; cross-list GRE frequency ranking","https://github.com/Xatta-Trone/gre-words-collection","2026-07-16"
"vocab-0584","accede","AE0 K S IY1 D","verb","take on duties or office","[""enter""]","[""accede to the throne""]","6","high","WordNet 3.1; CMU Pronouncing Dictionary; cross-list GRE frequency ranking","https://github.com/Xatta-Trone/gre-words-collection","2026-07-16"
"vocab-0585","adamant","AE1 D AH0 M AH0 N T","adjective","impervious to pleas, persuasion, requests, reason","[""adamantine"",""inexorable"",""intransigent""]","[""he is adamant in his refusal to change his mind"",""Cynthia was inexorable"",""she would have none of him- W.Churchill"",""an intransigent conservative opposed to every liberal tendency""]","6","high","WordNet 3.1; CMU Pronouncing Dictionary; cross-list GRE frequency ranking","https://github.com/Xatta-Trone/gre-words-collection","2026-07-16"
"vocab-0586","adverse","AE0 D V ER1 S","adjective","in an opposing direction","[""contrary"",""inauspicious"",""untoward""]","[""adverse currents"",""a contrary wind"",""adverse circumstances"",""made a place for themselves under the most untoward conditions""]","6","high","WordNet 3.1; CMU Pronouncing Dictionary; cross-list GRE frequency ranking","https://github.com/Xatta-Trone/gre-words-collection","2026-07-16"
"vocab-0587","alchemy","AE1 L K AH0 M IY0","noun","a pseudoscientific forerunner of chemistry in medieval times  ","[]","[]","6","high","WordNet 3.1; CMU Pronouncing Dictionary; cross-list GRE frequency ranking","https://github.com/Xatta-Trone/gre-words-collection","2026-07-16"
"vocab-0588","alienate","EY1 L Y AH0 N EY2 T","verb","make withdrawn or isolated or emotionally dissociated","[]","[""the boring work alienated his employees""]","6","high","WordNet 3.1; CMU Pronouncing Dictionary; cross-list GRE frequency ranking","https://github.com/Xatta-Trone/gre-words-collection","2026-07-16"
"vocab-0589","aloof","AH0 L UW1 F","adverb","in an aloof manner","[""distant"",""upstage""]","[""the local gentry and professional classes had held aloof for the school had accepted their sons readily enough"",""stood apart with aloof dignity"",""a distant smile"",""he was upstage with strangers""]","6","high","WordNet 3.1; CMU Pronouncing Dictionary; cross-list GRE frequency ranking","https://github.com/Xatta-Trone/gre-words-collection","2026-07-16"
"vocab-0590","amicable","AE1 M IH0 K AH0 B AH0 L","adjective","characterized by friendship and good will","[]","[""an amicable agreement""]","6","high","WordNet 3.1; CMU Pronouncing Dictionary; cross-list GRE frequency ranking","https://github.com/Xatta-Trone/gre-words-collection","2026-07-16"
"vocab-0591","anarchy","AE1 N ER0 K IY2","noun","a state of lawlessness and disorder (usually resulting from a failure of government)  ","[""lawlessness""]","[]","6","high","WordNet 3.1; CMU Pronouncing Dictionary; cross-list GRE frequency ranking","https://github.com/Xatta-Trone/gre-words-collection","2026-07-16"
"vocab-0592","anathema","AH0 N AE1 TH AH0 M AH0","noun","a formal ecclesiastical curse accompanied by excommunication  ","[""bete noire""]","[""he is an anathema to me""]","6","high","WordNet 3.1; CMU Pronouncing Dictionary; cross-list GRE frequency ranking","https://github.com/Xatta-Trone/gre-words-collection","2026-07-16"
"vocab-0593","apogee","AE1 P AH0 JH IY2","noun","apoapsis in Earth orbit","[""culmination""]","[""the point in its orbit where a satellite is at the greatest distance from the Earth"",""their achievements stand as a culmination of centuries of development""]","6","high","WordNet 3.1; CMU Pronouncing Dictionary; cross-list GRE frequency ranking","https://github.com/Xatta-Trone/gre-words-collection","2026-07-16"
"vocab-0594","apotheosis","AH0 P AA2 TH IY0 OW1 S AH0 S","noun","the elevation of a person (as to the status of a god)  ","[""deification"",""exaltation"",""ideal"",""paragon"",""nonpareil"",""saint"",""nonesuch"",""nonsuch""]","[""one having no equal""]","6","high","WordNet 3.1; CMU Pronouncing Dictionary; cross-list GRE frequency ranking","https://github.com/Xatta-Trone/gre-words-collection","2026-07-16"
"vocab-0595","apposite","","adjective","being of striking appropriateness and pertinence","[""apt"",""pertinent""]","[""the successful copywriter is a master of apposite and evocative verbal images"",""an apt reply""]","6","high","WordNet 3.1; CMU Pronouncing Dictionary; cross-list GRE frequency ranking","https://github.com/Xatta-Trone/gre-words-collection","2026-07-16"
"vocab-0596","ardor","AA1 R D ER0","noun","feelings of great warmth and intensity","[""ardour"",""fervor"",""fervour"",""fervency"",""fire"",""fervidness"",""elan"",""zeal""]","[""he spoke with great ardor"",""they were imbued with a revolutionary ardor"",""he felt a kind of religious zeal""]","6","high","WordNet 3.1; CMU Pronouncing Dictionary; cross-list GRE frequency ranking","https://github.com/Xatta-Trone/gre-words-collection","2026-07-16"
"vocab-0597","ascertain","AE2 S ER0 T EY1 N","verb","learn or discover with certainty  ","[]","[]","6","high","WordNet 3.1; CMU Pronouncing Dictionary; cross-list GRE frequency ranking","https://github.com/Xatta-Trone/gre-words-collection","2026-07-16"
"vocab-0598","askance","AH0 S K AE1 N S","adverb","with a side or oblique glance","[""askant"",""asquint"",""squint"",""squint-eyed"",""squinty"",""sidelong""]","[""did not quite turn all the way back but looked askance at me with her dark eyes"",""he looked askance at the offer"",""her eyes with their misted askance look- Elizabeth Bowen"",""sidelong glances""]","6","high","WordNet 3.1; CMU Pronouncing Dictionary; cross-list GRE frequency ranking","https://github.com/Xatta-Trone/gre-words-collection","2026-07-16"
"vocab-0599","astringent","AH0 S T R IH1 N JH AH0 N T","adjective","tending to draw together or constrict soft organic tissue","[""astringent drug"",""styptic""]","[""astringent cosmetic lotions""]","6","high","WordNet 3.1; CMU Pronouncing Dictionary; cross-list GRE frequency ranking","https://github.com/Xatta-Trone/gre-words-collection","2026-07-16"
"vocab-0600","astute","AH0 S T UW1 T","adjective","marked by practical hardheaded intelligence","[""sharp"",""shrewd""]","[""a smart businessman"",""an astute tenant always reads the small print in a lease"",""he was too shrewd to go along with them on a road that could lead only to their overthrow""]","6","high","WordNet 3.1; CMU Pronouncing Dictionary; cross-list GRE frequency ranking","https://github.com/Xatta-Trone/gre-words-collection","2026-07-16"
"vocab-0601","august","AA1 G AH0 S T","adjective","profoundly honored","[""revered"",""venerable"",""grand"",""lordly""]","[""revered holy men"",""heir to a lordly fortune"",""of august lineage""]","6","high","WordNet 3.1; CMU Pronouncing Dictionary; cross-list GRE frequency ranking","https://github.com/Xatta-Trone/gre-words-collection","2026-07-16"
"vocab-0602","auspicious","AA0 S P IH1 SH AH0 S","adjective","auguring favorable circumstances and good luck","[]","[""an auspicious beginning for the campaign""]","6","high","WordNet 3.1; CMU Pronouncing Dictionary; cross-list GRE frequency ranking","https://github.com/Xatta-Trone/gre-words-collection","2026-07-16"
"vocab-0603","badger","B AE1 JH ER0","verb","persuade through constant efforts  ","[]","[""widely distributed in the northern hemisphere""]","6","high","WordNet 3.1; CMU Pronouncing Dictionary; cross-list GRE frequency ranking","https://github.com/Xatta-Trone/gre-words-collection","2026-07-16"
"vocab-0604","balk","B AO1 K","noun","an illegal pitching motion while runners are on base  ","[""baulk""]","[""a player with ball in hand must play from the balk""]","6","high","WordNet 3.1; CMU Pronouncing Dictionary; cross-list GRE frequency ranking","https://github.com/Xatta-Trone/gre-words-collection","2026-07-16"
"vocab-0605","base","B EY1 S","adjective","debased","[""baseborn"",""mean"",""meanspirited""]","[""not genuine"",""an attempt to eliminate the base coinage"",""that liberal obedience without which your army would be a base rabble- Edmund Burke"",""taking a mean advantage""]","6","high","WordNet 3.1; CMU Pronouncing Dictionary; cross-list GRE frequency ranking","https://github.com/Xatta-Trone/gre-words-collection","2026-07-16"
"vocab-0606","bellicose","B EH1 L AH0 K OW2 S","adjective","having or showing a ready disposition to fight","[""battleful"",""combative""]","[""bellicose young officers"",""a combative impulse"",""a contentious nature""]","6","high","WordNet 3.1; CMU Pronouncing Dictionary; cross-list GRE frequency ranking","https://github.com/Xatta-Trone/gre-words-collection","2026-07-16"
"vocab-0607","besiege","B IH0 S IY1 JH","verb","harass, as with questions or requests","[""beleaguer"",""surround"",""hem in"",""circumvent""]","[""The press photographers besieged the movie star"",""She was besieged by so many problems that she got discouraged"",""The Turks besieged Vienna""]","6","high","WordNet 3.1; CMU Pronouncing Dictionary; cross-list GRE frequency ranking","https://github.com/Xatta-Trone/gre-words-collection","2026-07-16"
"vocab-0608","betray","B IH0 T R EY1","verb","deliver to an enemy by treachery","[""sell"",""bewray""]","[""Judas sold Jesus"",""The spy betrayed his country"",""Her smile betrayed her true feelings""]","6","high","WordNet 3.1; CMU Pronouncing Dictionary; cross-list GRE frequency ranking","https://github.com/Xatta-Trone/gre-words-collection","2026-07-16"
"vocab-0609","boisterous","B OY1 S T ER0 AH0 S","adjective","violently agitated and turbulent","[""fierce"",""rough"",""knockabout"",""rambunctious"",""robustious"",""rumbustious"",""unruly""]","[""boisterous winds and waves"",""the fierce thunders roar me their music- Ezra Pound"",""rough weather"",""rough seas""]","6","high","WordNet 3.1; CMU Pronouncing Dictionary; cross-list GRE frequency ranking","https://github.com/Xatta-Trone/gre-words-collection","2026-07-16"
"vocab-0610","bombast","B AA1 M B AE0 S T","noun","pompous or pretentious talk or writing  ","[""fustian"",""rant"",""claptrap"",""blah""]","[]","6","high","WordNet 3.1; CMU Pronouncing Dictionary; cross-list GRE frequency ranking","https://github.com/Xatta-Trone/gre-words-collection","2026-07-16"
"vocab-0611","bombastic","B AA0 M B AE1 S T IH0 K","adjective","ostentatiously lofty in style","[""declamatory"",""large"",""orotund"",""tumid"",""turgid""]","[""a man given to large talk"",""tumid political prose""]","6","high","WordNet 3.1; CMU Pronouncing Dictionary; cross-list GRE frequency ranking","https://github.com/Xatta-Trone/gre-words-collection","2026-07-16"
"vocab-0612","boon","B UW1 N","adjective","very close and convivial","[]","[""boon companions""]","6","high","WordNet 3.1; CMU Pronouncing Dictionary; cross-list GRE frequency ranking","https://github.com/Xatta-Trone/gre-words-collection","2026-07-16"
"vocab-0613","bristle","B R IH1 S AH0 L","verb","react in an offended or angry manner","[""uprise"",""stand up""]","[""He bristled at her suggestion that he should teach her how to use the program"",""bristling leaves"",""The dog's fur bristled"",""It was a sight to make one's hair uprise!""]","6","high","WordNet 3.1; CMU Pronouncing Dictionary; cross-list GRE frequency ranking","https://github.com/Xatta-Trone/gre-words-collection","2026-07-16"
"vocab-0614","bromide","B R OW1 M AY2 D","noun","any of the salts of hydrobromic acid","[]","[""formerly used as a sedative but now generally replaced by safer drugs""]","6","high","WordNet 3.1; CMU Pronouncing Dictionary; cross-list GRE frequency ranking","https://github.com/Xatta-Trone/gre-words-collection","2026-07-16"
"vocab-0615","browbeat","B R AW1 B IY2 T","verb","discourage or frighten with threats or a domineering manner","[""bully"",""swagger""]","[""intimidate""]","6","high","WordNet 3.1; CMU Pronouncing Dictionary; cross-list GRE frequency ranking","https://github.com/Xatta-Trone/gre-words-collection","2026-07-16"
"vocab-0616","cadaverous","","adjective","of or relating to a cadaver or corpse","[""cadaveric"",""emaciated"",""gaunt"",""haggard"",""pinched"",""skeletal"",""wasted""]","[""we had long anticipated his cadaverous end"",""a nightmare population of gaunt men and skeletal boys"",""eyes were haggard and cavernous"",""small pinched faces""]","6","high","WordNet 3.1; CMU Pronouncing Dictionary; cross-list GRE frequency ranking","https://github.com/Xatta-Trone/gre-words-collection","2026-07-16"
"vocab-0617","callous","K AE1 L AH0 S","adjective","emotionally hardened","[""indurate"",""pachydermatous"",""cauterize"",""cauterise""]","[""a callous indifference to suffering"",""cold-blooded and indurate to public opinion"",""deaden feelings or morals""]","6","high","WordNet 3.1; CMU Pronouncing Dictionary; cross-list GRE frequency ranking","https://github.com/Xatta-Trone/gre-words-collection","2026-07-16"
"vocab-0618","cataclysm","K AE1 T AH0 K L IH2 S AH0 M","noun","an event resulting in great loss and misfortune","[""calamity"",""catastrophe"",""disaster"",""tragedy""]","[""the whole city was affected by the irremediable calamity"",""the earthquake was a disaster""]","6","high","WordNet 3.1; CMU Pronouncing Dictionary; cross-list GRE frequency ranking","https://github.com/Xatta-Trone/gre-words-collection","2026-07-16"
"vocab-0619","censor","S EH1 N S ER0","verb","subject to political, religious, or moral censorship","[]","[""This magazine is censored by the government""]","6","high","WordNet 3.1; CMU Pronouncing Dictionary; cross-list GRE frequency ranking","https://github.com/Xatta-Trone/gre-words-collection","2026-07-16"
"vocab-0620","cerebral","S EH1 R AH0 B R AH0 L","adjective","of or relating to the cerebrum or brain","[""intellectual""]","[""cerebral hemisphere"",""cerebral activity"",""a cerebral approach to the problem"",""cerebral drama""]","6","high","WordNet 3.1; CMU Pronouncing Dictionary; cross-list GRE frequency ranking","https://github.com/Xatta-Trone/gre-words-collection","2026-07-16"
"vocab-0621","chauvinist","SH OW1 V AH0 N AH0 S T","noun","an extreme bellicose nationalist  ","[""jingoist"",""jingo"",""flag-waver"",""hundred-percenter"",""patrioteer""]","[]","6","high","WordNet 3.1; CMU Pronouncing Dictionary; cross-list GRE frequency ranking","https://github.com/Xatta-Trone/gre-words-collection","2026-07-16"
"vocab-0622","check","CH EH1 K","verb","make cracks or chinks in","[""chink""]","[""The heat checked the paint"",""He checked the flow of water by shutting off the main valve"",""check the spelling of this word"",""check your facts""]","6","high","WordNet 3.1; CMU Pronouncing Dictionary; cross-list GRE frequency ranking","https://github.com/Xatta-Trone/gre-words-collection","2026-07-16"
"vocab-0623","churlish","CH ER1 L IH0 SH","adjective","having a bad disposition","[]","[""surly"",""churlish as a bear- Shakespeare""]","6","high","WordNet 3.1; CMU Pronouncing Dictionary; cross-list GRE frequency ranking","https://github.com/Xatta-Trone/gre-words-collection","2026-07-16"
"vocab-0624","circumvent","S ER2 K AH0 M V EH1 N T","verb","avoid or try to avoid fulfilling, answering, or performing (duties, questions, or issues)","[""hedge"",""fudge"",""evade"",""put off"",""parry"",""elude"",""skirt"",""dodge"",""duck"",""sidestep""]","[""He dodged the issue"",""she skirted the problem"",""They tend to evade their responsibilities"",""he evaded the questions skillfully""]","6","high","WordNet 3.1; CMU Pronouncing Dictionary; cross-list GRE frequency ranking","https://github.com/Xatta-Trone/gre-words-collection","2026-07-16"
"vocab-0625","collusion","K AH0 L UW1 ZH AH0 N","noun","secret agreement  ","[]","[]","6","high","WordNet 3.1; CMU Pronouncing Dictionary; cross-list GRE frequency ranking","https://github.com/Xatta-Trone/gre-words-collection","2026-07-16"
"vocab-0626","complacent","K AH0 M P L EY1 S AH0 N T","adjective","contented to a fault with oneself or one's actions","[""self-satisfied"",""self-complacent""]","[""he had become complacent after years of success"",""his self-satisfied dignity""]","6","high","WordNet 3.1; CMU Pronouncing Dictionary; cross-list GRE frequency ranking","https://github.com/Xatta-Trone/gre-words-collection","2026-07-16"
"vocab-0627","complementary","K AA2 M P L AH0 M EH1 N T R IY0","adjective","of words or propositions so related that each is the negation of the other","[]","[""`male' and `female' are complementary terms""]","6","high","WordNet 3.1; CMU Pronouncing Dictionary; cross-list GRE frequency ranking","https://github.com/Xatta-Trone/gre-words-collection","2026-07-16"
"vocab-0628","conciliate","","verb","make (one thing) compatible with (another)","[""accommodate"",""reconcile"",""patch up"",""make up"",""settle"",""pacify"",""lenify"",""assuage"",""appease"",""mollify""]","[""The scientists had to accommodate the new results with the existing theories"",""After some discussion we finally made up"",""gain the good will of"",""She managed to mollify the angry customer""]","6","high","WordNet 3.1; CMU Pronouncing Dictionary; cross-list GRE frequency ranking","https://github.com/Xatta-Trone/gre-words-collection","2026-07-16"
"vocab-0629","concomitant","K AA2 N K AA1 M AH0 T AH0 N T","adjective","occurring with or following as a consequence","[""attendant"",""consequent"",""accompanying"",""incidental"",""ensuant"",""resultant"",""sequent"",""collateral"",""accompaniment"",""co-occurrence""]","[""an excessive growth of bureaucracy, with attendant problems"",""snags incidental to the changeover in management"",""attendant circumstances"",""the period of tension and consequent need for military preparedness""]","6","high","WordNet 3.1; CMU Pronouncing Dictionary; cross-list GRE frequency ranking","https://github.com/Xatta-Trone/gre-words-collection","2026-07-16"
"vocab-0630","congenial","K AH0 N JH IY1 N Y AH0 L","adjective","(used of plants) capable of cross-fertilization or of being grafted  ","[]","[""a congenial atmosphere to work in"",""two congenial spirits united...by mutual confidence and reciprocal virtues- T.L.Peacock""]","6","high","WordNet 3.1; CMU Pronouncing Dictionary; cross-list GRE frequency ranking","https://github.com/Xatta-Trone/gre-words-collection","2026-07-16"
"vocab-0631","consecrate","K AA1 N S AH0 K R EY2 T","verb","render holy by means of religious rites  ","[""bless"",""hallow"",""sanctify""]","[]","6","high","WordNet 3.1; CMU Pronouncing Dictionary; cross-list GRE frequency ranking","https://github.com/Xatta-Trone/gre-words-collection","2026-07-16"
"vocab-0632","contend","K AH0 N T EH1 N D","verb","be engaged in a fight","[""fight"",""struggle"",""postulate""]","[""carry on a fight"",""the tribesmen fought each other"",""Siblings are always fighting"",""Militant groups are contending for control of the country""]","6","high","WordNet 3.1; CMU Pronouncing Dictionary; cross-list GRE frequency ranking","https://github.com/Xatta-Trone/gre-words-collection","2026-07-16"
"vocab-0633","contrive","K AH0 N T R AY1 V","verb","put or send forth","[""project"",""cast"",""throw"",""invent"",""devise"",""excogitate"",""formulate"",""forge"",""plan"",""design""]","[""She threw the flashlight beam into the corner"",""The setting sun threw long shadows"",""cast a spell"",""cast a warm light""]","6","high","WordNet 3.1; CMU Pronouncing Dictionary; cross-list GRE frequency ranking","https://github.com/Xatta-Trone/gre-words-collection","2026-07-16"
"vocab-0634","contumacious","","adjective","wilfully obstinate","[]","[""stubbornly disobedient"",""a contumaceous witness is subject to punishment""]","6","high","WordNet 3.1; CMU Pronouncing Dictionary; cross-list GRE frequency ranking","https://github.com/Xatta-Trone/gre-words-collection","2026-07-16"
"vocab-0635","converge","K AH0 N V ER1 JH","verb","come together so as to form a single product","[]","[""Social forces converged to bring the Fascists back to power"",""The crowd converged on the movie star""]","6","high","WordNet 3.1; CMU Pronouncing Dictionary; cross-list GRE frequency ranking","https://github.com/Xatta-Trone/gre-words-collection","2026-07-16"
"vocab-0636","convivial","K AH0 N V IH1 V IY0 AH0 L","adjective","occupied with or fond of the pleasures of good company","[""good-time""]","[""a convivial atmosphere at the reunion"",""a woman of convivial nature"",""he was a real good-time Charlie""]","6","high","WordNet 3.1; CMU Pronouncing Dictionary; cross-list GRE frequency ranking","https://github.com/Xatta-Trone/gre-words-collection","2026-07-16"
"vocab-0637","cornucopia","K AO2 R N AH0 K OW1 P IY0 AH0","noun","the property of being extremely abundant","[""profusion"",""profuseness"",""richness"",""horn of plenty""]","[""the profusion of detail"",""the idiomatic richness of English""]","6","high","WordNet 3.1; CMU Pronouncing Dictionary; cross-list GRE frequency ranking","https://github.com/Xatta-Trone/gre-words-collection","2026-07-16"
"vocab-0638","countermand","","noun","a contrary command cancelling or reversing a previous command  ","[]","[]","6","high","WordNet 3.1; CMU Pronouncing Dictionary; cross-list GRE frequency ranking","https://github.com/Xatta-Trone/gre-words-collection","2026-07-16"
"vocab-0639","cower","K AW1 ER0","verb","show submission or fear  ","[""fawn"",""crawl"",""creep"",""cringe"",""grovel"",""huddle""]","[""They huddled outside in the rain""]","6","high","WordNet 3.1; CMU Pronouncing Dictionary; cross-list GRE frequency ranking","https://github.com/Xatta-Trone/gre-words-collection","2026-07-16"
"vocab-0640","credulous","K R EH1 JH AH0 L AH0 S","adjective","showing a lack of judgment or experience","[]","[""so credulous he believes everything he reads"",""the gimmick would convince none but the most credulous""]","6","high","WordNet 3.1; CMU Pronouncing Dictionary; cross-list GRE frequency ranking","https://github.com/Xatta-Trone/gre-words-collection","2026-07-16"
"vocab-0641","crescendo","K R IH0 SH EH1 N D OW0","adjective","(music) gradually increasing in volume  ","[]","[""The music crescendoes here""]","6","high","WordNet 3.1; CMU Pronouncing Dictionary; cross-list GRE frequency ranking","https://github.com/Xatta-Trone/gre-words-collection","2026-07-16"
"vocab-0642","crestfallen","K R EH1 S T F AO2 L AH0 N","adjective","brought low in spirit","[""chapfallen"",""chopfallen"",""deflated""]","[""left us fatigued and deflated spiritually""]","6","high","WordNet 3.1; CMU Pronouncing Dictionary; cross-list GRE frequency ranking","https://github.com/Xatta-Trone/gre-words-collection","2026-07-16"
"vocab-0643","cryptic","K R IH1 P T IH0 K","adjective","having a puzzling terseness","[""cryptical"",""deep"",""inscrutable"",""mysterious"",""mystifying""]","[""a cryptic note"",""the new insurance policy is written without cryptic or mysterious terms"",""a deep dark secret"",""the inscrutable workings of Providence""]","6","high","WordNet 3.1; CMU Pronouncing Dictionary; cross-list GRE frequency ranking","https://github.com/Xatta-Trone/gre-words-collection","2026-07-16"
"vocab-0644","culpable","K AH1 L P AH0 B AH0 L","adjective","deserving blame or censure as being wrong or evil or injurious","[""blameworthy"",""blamable"",""blameable"",""blameful"",""censurable""]","[""blameworthy if not criminal behavior"",""censurable misconduct"",""culpable negligence""]","6","high","WordNet 3.1; CMU Pronouncing Dictionary; cross-list GRE frequency ranking","https://github.com/Xatta-Trone/gre-words-collection","2026-07-16"
"vocab-0645","cynical","S IH1 N IH0 K AH0 L","adjective","believing the worst of human nature and motives","[""misanthropic"",""misanthropical""]","[""having a sneering disbelief in e.g. selflessness of others""]","6","high","WordNet 3.1; CMU Pronouncing Dictionary; cross-list GRE frequency ranking","https://github.com/Xatta-Trone/gre-words-collection","2026-07-16"
"vocab-0646","daunt","D AO1 N T","verb","cause to lose courage","[""dash"",""scare off"",""pall"",""frighten off"",""scare away"",""frighten away"",""scare""]","[""dashed by the refusal""]","6","high","WordNet 3.1; CMU Pronouncing Dictionary; cross-list GRE frequency ranking","https://github.com/Xatta-Trone/gre-words-collection","2026-07-16"
"vocab-0647","deflect","D IH0 F L EH1 K T","verb","turn aside and away from an initial or intended course  ","[""bend"",""turn away""]","[]","6","high","WordNet 3.1; CMU Pronouncing Dictionary; cross-list GRE frequency ranking","https://github.com/Xatta-Trone/gre-words-collection","2026-07-16"
"vocab-0648","defray","D IH0 F R EY1","verb","bear the expenses of  ","[]","[]","6","high","WordNet 3.1; CMU Pronouncing Dictionary; cross-list GRE frequency ranking","https://github.com/Xatta-Trone/gre-words-collection","2026-07-16"
"vocab-0649","deify","D IY1 AH0 F AY2","verb","exalt to the position of a God","[]","[""the people deified their King"",""These young men deify financial success""]","6","high","WordNet 3.1; CMU Pronouncing Dictionary; cross-list GRE frequency ranking","https://github.com/Xatta-Trone/gre-words-collection","2026-07-16"
"vocab-0650","deliberate","D IH0 L IH1 B ER0 AH0 T","adjective","carefully thought out in advance","[""calculated"",""measured""]","[""a calculated insult"",""with measured irony"",""he made a deliberate decision not to respond negatively""]","6","high","WordNet 3.1; CMU Pronouncing Dictionary; cross-list GRE frequency ranking","https://github.com/Xatta-Trone/gre-words-collection","2026-07-16"
"vocab-0651","demagogue","D EH1 M AH0 G AA2 G","noun","a political leader who seeks support by appealing to popular passions and prejudices  ","[""demagog"",""rabble-rouser""]","[]","6","high","WordNet 3.1; CMU Pronouncing Dictionary; cross-list GRE frequency ranking","https://github.com/Xatta-Trone/gre-words-collection","2026-07-16"
"vocab-0652","denounce","D IH0 N AW1 N S","verb","give away information about somebody","[""tell on"",""betray"",""give away"",""rat"",""grass"",""shit"",""shop"",""snitch"",""stag""]","[""He told on his classmate who had cheated on the exam"",""He denounced the Nazis""]","6","high","WordNet 3.1; CMU Pronouncing Dictionary; cross-list GRE frequency ranking","https://github.com/Xatta-Trone/gre-words-collection","2026-07-16"
"vocab-0653","despot","D EH1 S P AH0 T","noun","a cruel and oppressive dictator  ","[""tyrant"",""autocrat""]","[]","6","high","WordNet 3.1; CMU Pronouncing Dictionary; cross-list GRE frequency ranking","https://github.com/Xatta-Trone/gre-words-collection","2026-07-16"
"vocab-0654","destitute","D EH1 S T AH0 T UW2 T","adjective","poor enough to need help from others  ","[""impoverished"",""indigent"",""necessitous"",""needy"",""poverty-stricken""]","[]","6","high","WordNet 3.1; CMU Pronouncing Dictionary; cross-list GRE frequency ranking","https://github.com/Xatta-Trone/gre-words-collection","2026-07-16"
"vocab-0655","diaphanous","D AY0 AE1 F AH0 N IH0 S","adjective","so thin as to transmit light","[""filmy"",""gauzy"",""gauze-like"",""gossamer"",""see-through"",""sheer"",""transparent"",""vaporous"",""vapourous"",""cobwebby""]","[""a hat with a diaphanous veil"",""filmy wings of a moth"",""gauzy clouds of dandelion down"",""gossamer cobwebs""]","6","high","WordNet 3.1; CMU Pronouncing Dictionary; cross-list GRE frequency ranking","https://github.com/Xatta-Trone/gre-words-collection","2026-07-16"
"vocab-0656","dichotomy","D AY0 K AA1 T AH0 M IY0","noun","being twofold","[""duality""]","[""a classification into two opposed parts or subclasses"",""the dichotomy between eastern and western culture""]","6","high","WordNet 3.1; CMU Pronouncing Dictionary; cross-list GRE frequency ranking","https://github.com/Xatta-Trone/gre-words-collection","2026-07-16"
"vocab-0657","dictum","D IH1 K T AH0 M","noun","an opinion voiced by a judge on a point of law not directly bearing on the case in question and therefore not binding  ","[""obiter dictum"",""pronouncement"",""say-so""]","[]","6","high","WordNet 3.1; CMU Pronouncing Dictionary; cross-list GRE frequency ranking","https://github.com/Xatta-Trone/gre-words-collection","2026-07-16"
"vocab-0658","diffuse","D IH0 F Y UW1 S","adjective","lacking conciseness","[""spread"",""spread out"",""fan out""]","[""a diffuse historical novel"",""not concentrated in one place"",""a large diffuse organization"",""The soldiers fanned out""]","6","high","WordNet 3.1; CMU Pronouncing Dictionary; cross-list GRE frequency ranking","https://github.com/Xatta-Trone/gre-words-collection","2026-07-16"
"vocab-0659","dilapidated","D AH0 L AE1 P AH0 D EY2 T IH0 D","adjective","in deplorable condition","[""bedraggled"",""broken-down"",""derelict"",""ramshackle"",""tatterdemalion"",""tumble-down""]","[""a street of bedraggled tenements"",""a broken-down fence"",""a ramshackle old pier"",""a tumble-down shack""]","6","high","WordNet 3.1; CMU Pronouncing Dictionary; cross-list GRE frequency ranking","https://github.com/Xatta-Trone/gre-words-collection","2026-07-16"
"vocab-0660","disaffected","D IH2 S AH0 F EH1 K T IH0 D","adjective","discontented as toward authority  ","[""ill-affected"",""malcontent"",""rebellious""]","[]","6","high","WordNet 3.1; CMU Pronouncing Dictionary; cross-list GRE frequency ranking","https://github.com/Xatta-Trone/gre-words-collection","2026-07-16"
"vocab-0661","discomfit","","verb","cause to lose one's composure  ","[""upset"",""discompose"",""untune"",""disconcert""]","[]","6","high","WordNet 3.1; CMU Pronouncing Dictionary; cross-list GRE frequency ranking","https://github.com/Xatta-Trone/gre-words-collection","2026-07-16"
"vocab-0662","discord","D IH1 S K AO0 R D","noun","strife resulting from a lack of agreement  ","[""discordance"",""dissension"",""strife""]","[]","6","high","WordNet 3.1; CMU Pronouncing Dictionary; cross-list GRE frequency ranking","https://github.com/Xatta-Trone/gre-words-collection","2026-07-16"
"vocab-0663","discredit","D IH0 S K R EH1 D AH0 T","verb","damage the reputation of","[""disgrace""]","[""This newspaper story discredits the politicians"",""The paper discredited the politician with its nasty commentary""]","6","high","WordNet 3.1; CMU Pronouncing Dictionary; cross-list GRE frequency ranking","https://github.com/Xatta-Trone/gre-words-collection","2026-07-16"
"vocab-0664","discreet","D IH0 S K R IY1 T","adjective","marked by prudence or modesty and wise self-restraint","[]","[""his trusted discreet aide"",""a discreet, finely wrought gold necklace""]","6","high","WordNet 3.1; CMU Pronouncing Dictionary; cross-list GRE frequency ranking","https://github.com/Xatta-Trone/gre-words-collection","2026-07-16"
"vocab-0665","discriminate","D IH0 S K R IH1 M AH0 N EY2 T","adjective","marked by the ability to see or make fine distinctions","[""separate"",""single out""]","[""discriminate judgments"",""discriminate people"",""I could not discriminate the different tastes in this complicated dish""]","6","high","WordNet 3.1; CMU Pronouncing Dictionary; cross-list GRE frequency ranking","https://github.com/Xatta-Trone/gre-words-collection","2026-07-16"
"vocab-0666","dissent","D IH0 S EH1 N T","verb","withhold assent","[]","[""Several Republicans dissented"",""he expressed his dissent in a contrary opinion""]","6","high","WordNet 3.1; CMU Pronouncing Dictionary; cross-list GRE frequency ranking","https://github.com/Xatta-Trone/gre-words-collection","2026-07-16"
"vocab-0667","dissipate","D IH1 S AH0 P EY2 T","verb","live a life of pleasure, especially with respect to alcoholic consumption  ","[]","[]","6","high","WordNet 3.1; CMU Pronouncing Dictionary; cross-list GRE frequency ranking","https://github.com/Xatta-Trone/gre-words-collection","2026-07-16"
"vocab-0668","diurnal","D AY0 ER1 N AH0 L","adjective","having a daily cycle or occurring every day","[]","[""diurnal rotation of the heavens"",""diurnal animals are active during the day"",""diurnal flowers are open during the day and closed at night"",""diurnal and nocturnal offices""]","6","high","WordNet 3.1; CMU Pronouncing Dictionary; cross-list GRE frequency ranking","https://github.com/Xatta-Trone/gre-words-collection","2026-07-16"
"vocab-0669","divest","D AY0 V EH1 S T","verb","reduce or dispose of","[""disinvest""]","[""cease to hold (an investment)"",""The company decided to divest"",""the board of trustees divested $20 million in real estate property"",""There was pressure on the university to disinvest in South Africa""]","6","high","WordNet 3.1; CMU Pronouncing Dictionary; cross-list GRE frequency ranking","https://github.com/Xatta-Trone/gre-words-collection","2026-07-16"
"vocab-0670","docile","D AA1 S AH0 L","adjective","easily handled or managed","[""gentle"",""teachable""]","[""a gentle old horse, docile and obedient"",""docile pupils eager for instruction"",""teachable youngsters"",""the docile masses of an enslaved nation""]","6","high","WordNet 3.1; CMU Pronouncing Dictionary; cross-list GRE frequency ranking","https://github.com/Xatta-Trone/gre-words-collection","2026-07-16"
"vocab-0671","dolorous","","adjective","showing sorrow  ","[""dolourous"",""lachrymose"",""tearful"",""weeping""]","[]","6","high","WordNet 3.1; CMU Pronouncing Dictionary; cross-list GRE frequency ranking","https://github.com/Xatta-Trone/gre-words-collection","2026-07-16"
"vocab-0672","dormant","D AO1 R M AH0 N T","adjective","(of e.g. volcanos) not erupting and not extinct","[""inactive"",""hibernating(a)"",""torpid""]","[""a dormant volcano"",""dormant buds"",""a hibernating bear"",""torpid frogs""]","6","high","WordNet 3.1; CMU Pronouncing Dictionary; cross-list GRE frequency ranking","https://github.com/Xatta-Trone/gre-words-collection","2026-07-16"
"vocab-0673","droll","D R OW1 L","adjective","comical in an odd or whimsical manner","[]","[""a droll little man with a quiet tongue-in-cheek kind of humor""]","6","high","WordNet 3.1; CMU Pronouncing Dictionary; cross-list GRE frequency ranking","https://github.com/Xatta-Trone/gre-words-collection","2026-07-16"
"vocab-0674","dyspeptic","D IH2 S P EH1 P T IH0 K","adjective","suffering from dyspepsia  ","[]","[]","6","high","WordNet 3.1; CMU Pronouncing Dictionary; cross-list GRE frequency ranking","https://github.com/Xatta-Trone/gre-words-collection","2026-07-16"
"vocab-0675","eclipse","IH0 K L IH1 P S","verb","cause an eclipse of (a celestial body) by intervention","[""occult"",""occultation""]","[""The Sun eclipses the moon today"",""Planets and stars often are occulted by other celestial bodies""]","6","high","WordNet 3.1; CMU Pronouncing Dictionary; cross-list GRE frequency ranking","https://github.com/Xatta-Trone/gre-words-collection","2026-07-16"
"vocab-0676","edify","EH1 D AH0 F AY2","verb","make understand","[""enlighten""]","[""Can you enlighten me--I don't understand this proposal""]","6","high","WordNet 3.1; CMU Pronouncing Dictionary; cross-list GRE frequency ranking","https://github.com/Xatta-Trone/gre-words-collection","2026-07-16"
"vocab-0677","efficacy","EH1 F IH0 K AE2 S IY0","noun","capacity or power to produce a desired effect","[""efficaciousness""]","[""concern about the safety and efficacy of the vaccine""]","6","high","WordNet 3.1; CMU Pronouncing Dictionary; cross-list GRE frequency ranking","https://github.com/Xatta-Trone/gre-words-collection","2026-07-16"
"vocab-0678","elaborate","IH0 L AE1 B R AH0 T","adjective","marked by complexity and richness of detail","[""luxuriant"",""work out""]","[""an elaborate lace pattern"",""elaborate a plan"",""change into a more developed product"",""The bee elaborates honey""]","6","high","WordNet 3.1; CMU Pronouncing Dictionary; cross-list GRE frequency ranking","https://github.com/Xatta-Trone/gre-words-collection","2026-07-16"
"vocab-0679","eloquent","EH1 L AH0 K W AH0 N T","adjective","expressing yourself readily, clearly, effectively","[""facile"",""fluent"",""silver"",""silver-tongued"",""smooth-spoken""]","[""able to dazzle with his facile tongue"",""silver speech""]","6","high","WordNet 3.1; CMU Pronouncing Dictionary; cross-list GRE frequency ranking","https://github.com/Xatta-Trone/gre-words-collection","2026-07-16"
"vocab-0680","enjoin","EH2 N JH OY1 N","verb","issue an injunction  ","[]","[]","6","high","WordNet 3.1; CMU Pronouncing Dictionary; cross-list GRE frequency ranking","https://github.com/Xatta-Trone/gre-words-collection","2026-07-16"
"vocab-0681","enthrall","","verb","hold spellbound  ","[""enchant"",""enrapture"",""transport"",""ravish"",""enthral"",""delight""]","[]","6","high","WordNet 3.1; CMU Pronouncing Dictionary; cross-list GRE frequency ranking","https://github.com/Xatta-Trone/gre-words-collection","2026-07-16"
"vocab-0682","epicure","EH1 P IH0 K Y UH2 R","noun","a person devoted to refined sensuous enjoyment (especially good food and drink)  ","[""gourmet"",""gastronome"",""bon vivant"",""epicurean"",""foodie""]","[]","6","high","WordNet 3.1; CMU Pronouncing Dictionary; cross-list GRE frequency ranking","https://github.com/Xatta-Trone/gre-words-collection","2026-07-16"
"vocab-0683","epigram","EH1 P AH0 G R AE2 M","noun","a witty saying  ","[""quip""]","[]","6","high","WordNet 3.1; CMU Pronouncing Dictionary; cross-list GRE frequency ranking","https://github.com/Xatta-Trone/gre-words-collection","2026-07-16"
"vocab-0684","ethereal","IH0 TH IH1 R IY0 AH0 L","adjective","characterized by unusual lightness and delicacy","[""gossamer""]","[""this smallest and most ethereal of birds"",""gossamer shading through his playing"",""ethereal solution""]","6","high","WordNet 3.1; CMU Pronouncing Dictionary; cross-list GRE frequency ranking","https://github.com/Xatta-Trone/gre-words-collection","2026-07-16"
"vocab-0685","euphony","Y UW1 F AH0 N IY0","noun","any agreeable (pleasing and harmonious) sounds","[""music""]","[""he fell asleep to the music of the wind chimes""]","6","high","WordNet 3.1; CMU Pronouncing Dictionary; cross-list GRE frequency ranking","https://github.com/Xatta-Trone/gre-words-collection","2026-07-16"
"vocab-0686","exalt","IH0 G Z AO1 L T","verb","raise in rank, character, or status","[]","[""exalted the humble shoemaker to the rank of King's adviser""]","6","high","WordNet 3.1; CMU Pronouncing Dictionary; cross-list GRE frequency ranking","https://github.com/Xatta-Trone/gre-words-collection","2026-07-16"
"vocab-0687","excoriate","EH0 K S K AO1 R IY0 EY2 T","verb","tear or wear off the skin or make sore by abrading","[""chafe"",""condemn"",""reprobate"",""decry"",""objurgate""]","[""This leash chafes the dog's neck"",""We condemn the racism in South Africa"",""These ideas were reprobated""]","6","high","WordNet 3.1; CMU Pronouncing Dictionary; cross-list GRE frequency ranking","https://github.com/Xatta-Trone/gre-words-collection","2026-07-16"
"vocab-0688","execrate","","verb","curse or declare to be evil or anathema or threaten with divine punishment  ","[""accurse"",""anathemize"",""comminate"",""anathemise"",""anathematize"",""anathematise"",""abhor"",""loathe"",""abominate""]","[""I loathe that man"",""She abhors cats""]","6","high","WordNet 3.1; CMU Pronouncing Dictionary; cross-list GRE frequency ranking","https://github.com/Xatta-Trone/gre-words-collection","2026-07-16"
"vocab-0689","exhort","IH0 G Z AO1 R T","verb","force or impel in an indicated direction","[""urge"",""urge on"",""press"",""cheer"",""root on"",""inspire"",""barrack"",""pep up""]","[""I urged him to finish his studies"",""The crowd cheered the demonstrating strikers""]","6","high","WordNet 3.1; CMU Pronouncing Dictionary; cross-list GRE frequency ranking","https://github.com/Xatta-Trone/gre-words-collection","2026-07-16"
"vocab-0690","explicit","IH0 K S P L IH1 S AH0 T","adjective","precisely and clearly expressed or readily observable","[""expressed""]","[""leaving nothing to implication"",""explicit instructions"",""she made her wishes explicit"",""explicit sexual scenes""]","6","high","WordNet 3.1; CMU Pronouncing Dictionary; cross-list GRE frequency ranking","https://github.com/Xatta-Trone/gre-words-collection","2026-07-16"
"vocab-0691","extant","EH1 K S T AH0 N T","adjective","still in existence","[]","[""not extinct or destroyed or lost"",""extant manuscripts"",""specimens of graphic art found among extant barbaric folk- Edward Clodd""]","6","high","WordNet 3.1; CMU Pronouncing Dictionary; cross-list GRE frequency ranking","https://github.com/Xatta-Trone/gre-words-collection","2026-07-16"
"vocab-0692","extemporaneous","","adjective","with little or no preparation or forethought","[""ad-lib"",""extemporary"",""extempore"",""impromptu"",""offhand"",""offhanded"",""off-the-cuff"",""unrehearsed""]","[""his ad-lib comments showed poor judgment"",""an extemporaneous piano recital"",""an extemporary lecture"",""an extempore skit""]","6","high","WordNet 3.1; CMU Pronouncing Dictionary; cross-list GRE frequency ranking","https://github.com/Xatta-Trone/gre-words-collection","2026-07-16"
"vocab-0693","extol","IH0 K S T OW1 L","verb","praise, glorify, or honor","[""laud"",""exalt"",""glorify"",""proclaim""]","[""extol the virtues of one's children"",""glorify one's spouse's cooking""]","6","high","WordNet 3.1; CMU Pronouncing Dictionary; cross-list GRE frequency ranking","https://github.com/Xatta-Trone/gre-words-collection","2026-07-16"
"vocab-0694","faction","F AE1 K SH AH0 N","noun","a dissenting clique  ","[""sect""]","[]","6","high","WordNet 3.1; CMU Pronouncing Dictionary; cross-list GRE frequency ranking","https://github.com/Xatta-Trone/gre-words-collection","2026-07-16"
"vocab-0695","fathom","F AE1 DH AH0 M","verb","measure the depth of (a body of water) with a sounding line  ","[""sound"",""fthm""]","[]","6","high","WordNet 3.1; CMU Pronouncing Dictionary; cross-list GRE frequency ranking","https://github.com/Xatta-Trone/gre-words-collection","2026-07-16"
"vocab-0696","fecund","","adjective","intellectually productive","[""fertile"",""prolific""]","[""a prolific writer"",""a fecund imagination""]","6","high","WordNet 3.1; CMU Pronouncing Dictionary; cross-list GRE frequency ranking","https://github.com/Xatta-Trone/gre-words-collection","2026-07-16"
"vocab-0697","felicitous","F IH0 L IH1 S AH0 T AH0 S","adjective","marked by good fortune","[""happy""]","[""a felicitous life"",""a happy outcome"",""a felicitous speaker""]","6","high","WordNet 3.1; CMU Pronouncing Dictionary; cross-list GRE frequency ranking","https://github.com/Xatta-Trone/gre-words-collection","2026-07-16"
"vocab-0698","fervent","F ER1 V AH0 N T","adjective","(archaic) extremely hot, burning, or glowing","[""fervid""]","[""the fervent heat...merely communicated a genial warmth to their half-torpid systems- Nathaniel Hawthorne"",""set out...when the fervid heat subsides- Frances Trollope""]","6","high","WordNet 3.1; CMU Pronouncing Dictionary; cross-list GRE frequency ranking","https://github.com/Xatta-Trone/gre-words-collection","2026-07-16"
"vocab-0699","fervor","F ER1 V ER0","noun","the state of being emotionally aroused and worked up","[""excitement"",""excitation"",""inflammation"",""fervour"",""ardor"",""ardour"",""fervency"",""fire"",""fervidness""]","[""his face was flushed with excitement and his hands trembled"",""he tried to calm those who were in a state of extreme inflammation"",""he spoke with great ardor""]","6","high","WordNet 3.1; CMU Pronouncing Dictionary; cross-list GRE frequency ranking","https://github.com/Xatta-Trone/gre-words-collection","2026-07-16"
"vocab-0700","fidelity","F AH0 D EH1 L AH0 T IY0","noun","the quality of being faithful  ","[""faithfulness""]","[]","6","high","WordNet 3.1; CMU Pronouncing Dictionary; cross-list GRE frequency ranking","https://github.com/Xatta-Trone/gre-words-collection","2026-07-16"
"vocab-0701","flamboyant","F L AE0 M B OY1 AH0 N T","adjective","marked by ostentation but often tasteless","[""showy"",""splashy""]","[""a cheap showy rhinestone bracelet"",""a splashy half-page ad""]","6","high","WordNet 3.1; CMU Pronouncing Dictionary; cross-list GRE frequency ranking","https://github.com/Xatta-Trone/gre-words-collection","2026-07-16"
"vocab-0702","flippant","F L IH1 P AH0 N T","adjective","showing inappropriate levity  ","[""light-minded""]","[]","6","high","WordNet 3.1; CMU Pronouncing Dictionary; cross-list GRE frequency ranking","https://github.com/Xatta-Trone/gre-words-collection","2026-07-16"
"vocab-0703","florid","F L AO1 R AH0 D","adjective","inclined to a healthy reddish color often associated with outdoor life","[""rubicund"",""ruddy"",""sanguine"",""aureate"",""flamboyant""]","[""a ruddy complexion"",""Santa's rubicund cheeks"",""a fresh and sanguine complexion"",""flamboyant handwriting""]","6","high","WordNet 3.1; CMU Pronouncing Dictionary; cross-list GRE frequency ranking","https://github.com/Xatta-Trone/gre-words-collection","2026-07-16"
"vocab-0704","flounder","F L AW1 N D ER0","verb","behave awkwardly","[]","[""have difficulties"",""She is floundering in college""]","6","high","WordNet 3.1; CMU Pronouncing Dictionary; cross-list GRE frequency ranking","https://github.com/Xatta-Trone/gre-words-collection","2026-07-16"
"vocab-0705","flush","F L AH1 SH","adverb","in the same plane","[]","[""set it flush with the top of the table"",""hit him flush in the face"",""flush the meadows""]","6","high","WordNet 3.1; CMU Pronouncing Dictionary; cross-list GRE frequency ranking","https://github.com/Xatta-Trone/gre-words-collection","2026-07-16"
"vocab-0706","foolhardy","F UW1 L HH AA2 R D IY0","adjective","marked by defiant disregard for danger or consequences","[""heady"",""rash"",""reckless""]","[""foolhardy enough to try to seize the gun from the hijacker"",""became the fiercest and most reckless of partisans-Macaulay"",""a reckless driver"",""a rash attempt to climb Mount Everest""]","6","high","WordNet 3.1; CMU Pronouncing Dictionary; cross-list GRE frequency ranking","https://github.com/Xatta-Trone/gre-words-collection","2026-07-16"
"vocab-0707","ford","F AO1 R D","verb","cross a river where it's shallow  ","[""fording"",""crossing""]","[]","6","high","WordNet 3.1; CMU Pronouncing Dictionary; cross-list GRE frequency ranking","https://github.com/Xatta-Trone/gre-words-collection","2026-07-16"
"vocab-0708","forthright","F AO1 R TH R AY1 T","adverb","directly and without evasion","[""squarely"",""forthrightly"",""blunt"",""candid"",""frank"",""free-spoken"",""outspoken"",""plainspoken"",""point-blank"",""straight-from-the-shoulder""]","[""not roundabout"",""to face a problem squarely"",""the responsibility lies squarely with them"",""spoke forthright (or forthrightly) and to the point""]","6","high","WordNet 3.1; CMU Pronouncing Dictionary; cross-list GRE frequency ranking","https://github.com/Xatta-Trone/gre-words-collection","2026-07-16"
"vocab-0709","frustrate","F R AH1 S T R EY2 T","verb","treat cruelly","[""torment"",""rag"",""bedevil"",""crucify"",""dun"",""thwart"",""queer"",""spoil"",""scotch"",""foil""]","[""The children tormented the stuttering teacher"",""What ultimately frustrated every challenger was Ruth's amazing September surge"",""foil your opponent""]","6","high","WordNet 3.1; CMU Pronouncing Dictionary; cross-list GRE frequency ranking","https://github.com/Xatta-Trone/gre-words-collection","2026-07-16"
"vocab-0710","gaffe","G AE1 F","noun","a socially awkward or tactless act  ","[""faux pas"",""solecism"",""slip"",""gaucherie""]","[]","6","high","WordNet 3.1; CMU Pronouncing Dictionary; cross-list GRE frequency ranking","https://github.com/Xatta-Trone/gre-words-collection","2026-07-16"
"vocab-0711","gambol","","verb","play boisterously","[""frolic"",""lark"",""rollick"",""skylark"",""disport"",""sport"",""cavort"",""frisk"",""romp"",""run around""]","[""The children frolicked in the garden"",""the gamboling lambs in the meadows"",""The toddlers romped in the playroom"",""it was all done in play""]","6","high","WordNet 3.1; CMU Pronouncing Dictionary; cross-list GRE frequency ranking","https://github.com/Xatta-Trone/gre-words-collection","2026-07-16"
"vocab-0712","genteel","JH EH0 N T IY1 L","adjective","marked by refinement in taste and manners","[""civilized"",""civilised"",""cultivated"",""cultured"",""polite""]","[""cultivated speech"",""cultured Bostonians"",""cultured tastes"",""a genteel old lady""]","6","high","WordNet 3.1; CMU Pronouncing Dictionary; cross-list GRE frequency ranking","https://github.com/Xatta-Trone/gre-words-collection","2026-07-16"
"vocab-0713","gossamer","G AA1 S AH0 M ER0","noun","a gauze fabric with an extremely fine texture  ","[]","[]","6","high","WordNet 3.1; CMU Pronouncing Dictionary; cross-list GRE frequency ranking","https://github.com/Xatta-Trone/gre-words-collection","2026-07-16"
"vocab-0714","gratuitous","G R AH0 T UW1 AH0 T AH0 S","adjective","unnecessary and unwarranted","[""needless"",""uncalled-for""]","[""a strikers' tent camp...was burned with needless loss of life"",""a gratuitous insult""]","6","high","WordNet 3.1; CMU Pronouncing Dictionary; cross-list GRE frequency ranking","https://github.com/Xatta-Trone/gre-words-collection","2026-07-16"
"vocab-0715","gullible","G AH1 L AH0 B AH0 L","adjective","easily tricked because of being too trusting","[]","[""gullible tourists taken in by the shell game""]","6","high","WordNet 3.1; CMU Pronouncing Dictionary; cross-list GRE frequency ranking","https://github.com/Xatta-Trone/gre-words-collection","2026-07-16"
"vocab-0716","hamper","HH AE1 M P ER0","verb","prevent the progress or free movement of","[""halter"",""cramp"",""strangle""]","[""He was hampered in his efforts by the bad weather"",""the imperialist nation wanted to strangle the free trade between the two small countries""]","6","high","WordNet 3.1; CMU Pronouncing Dictionary; cross-list GRE frequency ranking","https://github.com/Xatta-Trone/gre-words-collection","2026-07-16"
"vocab-0717","haphazard","HH AE0 P HH AE1 Z ER0 D","adverb","without care","[""haphazardly"",""slapdash"",""slipshod"",""sloppy"",""hit-or-miss""]","[""in a slapdash manner"",""the Prime Minister was wearing a grey suit and a white shirt with a soft collar, but his neck had become thinner and the collar stood away from it as if it had been bought haphazard"",""a most haphazard system of record keeping"",""slapdash work""]","6","high","WordNet 3.1; CMU Pronouncing Dictionary; cross-list GRE frequency ranking","https://github.com/Xatta-Trone/gre-words-collection","2026-07-16"
"vocab-0718","hubris","HH Y UW1 B R AH0 S","noun","overbearing pride or presumption  ","[]","[]","6","high","WordNet 3.1; CMU Pronouncing Dictionary; cross-list GRE frequency ranking","https://github.com/Xatta-Trone/gre-words-collection","2026-07-16"
"vocab-0719","humdrum","HH AH1 M D R AH2 M","adjective","tediously repetitious or lacking in variety","[""monotonous""]","[""a humdrum existence"",""all work and no play"",""nothing is so monotonous as the sea""]","6","high","WordNet 3.1; CMU Pronouncing Dictionary; cross-list GRE frequency ranking","https://github.com/Xatta-Trone/gre-words-collection","2026-07-16"
"vocab-0720","iconoclastic","AY2 K AH0 N AH0 K L AE1 S T IH0 K","adjective","destructive of images used in religious worship","[]","[""said of religions, such as Islam, in which the representation of living things is prohibited""]","6","high","WordNet 3.1; CMU Pronouncing Dictionary; cross-list GRE frequency ranking","https://github.com/Xatta-Trone/gre-words-collection","2026-07-16"
"vocab-0721","ignominious","IH2 G N AH0 M IH1 N IY0 AH0 S","adjective","(used of conduct or character) deserving or bringing disgrace or shame","[""black"",""disgraceful"",""inglorious"",""opprobrious"",""shameful""]","[""Man...has written one of his blackest records as a destroyer on the oceanic islands- Rachel Carson"",""an ignominious retreat"",""inglorious defeat"",""an opprobrious monument to human greed""]","6","high","WordNet 3.1; CMU Pronouncing Dictionary; cross-list GRE frequency ranking","https://github.com/Xatta-Trone/gre-words-collection","2026-07-16"
"vocab-0722","impartial","IH2 M P AA1 R SH AH0 L","adjective","showing lack of favoritism","[]","[""the cold neutrality of an impartial judge""]","6","high","WordNet 3.1; CMU Pronouncing Dictionary; cross-list GRE frequency ranking","https://github.com/Xatta-Trone/gre-words-collection","2026-07-16"
"vocab-0723","impeccable","IH2 M P EH1 K AH0 B AH0 L","adjective","not capable of sin  ","[]","[]","6","high","WordNet 3.1; CMU Pronouncing Dictionary; cross-list GRE frequency ranking","https://github.com/Xatta-Trone/gre-words-collection","2026-07-16"
"vocab-0724","implicit","IH2 M P L IH1 S AH0 T","adjective","being without doubt or reserve","[""unquestioning"",""inexplicit""]","[""implicit trust"",""inherent in the nature of something"",""an implicit agreement not to raise the subject"",""there was implicit criticism in his voice""]","6","high","WordNet 3.1; CMU Pronouncing Dictionary; cross-list GRE frequency ranking","https://github.com/Xatta-Trone/gre-words-collection","2026-07-16"
"vocab-0725","improvident","","adjective","not provident","[]","[""not providing for the future""]","6","high","WordNet 3.1; CMU Pronouncing Dictionary; cross-list GRE frequency ranking","https://github.com/Xatta-Trone/gre-words-collection","2026-07-16"
"vocab-0726","imprudent","IH2 M P R UW1 D AH0 N T","adjective","lacking wise self-restraint","[]","[""an imprudent remark"",""very imprudent of her mother to encourage her in such silly romantic ideas"",""would be imprudent for a noneconomist to talk about the details of economic policy- A.M.Schlesinger""]","6","high","WordNet 3.1; CMU Pronouncing Dictionary; cross-list GRE frequency ranking","https://github.com/Xatta-Trone/gre-words-collection","2026-07-16"
"vocab-0727","impudent","","adjective","marked by casual disrespect","[""insolent"",""snotty-nosed"",""flip""]","[""a flip answer to serious question"",""the student was kept in for impudent behavior""]","6","high","WordNet 3.1; CMU Pronouncing Dictionary; cross-list GRE frequency ranking","https://github.com/Xatta-Trone/gre-words-collection","2026-07-16"
"vocab-0728","inadvertent","IH2 N AH0 D V ER1 T AH0 N T","adjective","happening by chance or unexpectedly or unintentionally","[""accidental""]","[""with an inadvertent gesture she swept the vase off the table"",""accidental poisoning"",""an accidental shooting""]","6","high","WordNet 3.1; CMU Pronouncing Dictionary; cross-list GRE frequency ranking","https://github.com/Xatta-Trone/gre-words-collection","2026-07-16"
"vocab-0729","incendiary","IH2 N S EH1 N D IY0 EH0 R IY0","adjective","capable of catching fire spontaneously or causing fires or burning readily","[""incitive"",""inflammatory"",""instigative"",""rabble-rousing"",""seditious""]","[""an incendiary agent"",""incendiary bombs"",""an incendiary fire""]","6","high","WordNet 3.1; CMU Pronouncing Dictionary; cross-list GRE frequency ranking","https://github.com/Xatta-Trone/gre-words-collection","2026-07-16"
"vocab-0730","inclement","IH2 N K L EH1 M AH0 N T","adjective","used of persons or behavior","[]","[""showing no clemency or mercy"",""the harsh sentence of an inclement judge""]","6","high","WordNet 3.1; CMU Pronouncing Dictionary; cross-list GRE frequency ranking","https://github.com/Xatta-Trone/gre-words-collection","2026-07-16"
"vocab-0731","incongruous","IH2 NG K AO1 NG R UW0 AH0 S","adjective","lacking in harmony or compatibility or appropriateness","[]","[""a plan incongruous with reason"",""incongruous behavior"",""a joke that was incongruous with polite conversation""]","6","high","WordNet 3.1; CMU Pronouncing Dictionary; cross-list GRE frequency ranking","https://github.com/Xatta-Trone/gre-words-collection","2026-07-16"
"vocab-0732","indefatigable","IH2 N D IH0 F AE1 T IH0 G AH0 B AH0 L","adjective","showing sustained enthusiastic action with unflagging vitality","[""tireless"",""unflagging"",""unwearying""]","[""an indefatigable advocate of equal rights"",""a tireless worker"",""unflagging pursuit of excellence""]","6","high","WordNet 3.1; CMU Pronouncing Dictionary; cross-list GRE frequency ranking","https://github.com/Xatta-Trone/gre-words-collection","2026-07-16"
"vocab-0733","indict","IH2 N D AY1 T","verb","accuse formally of a crime  ","[]","[]","6","high","WordNet 3.1; CMU Pronouncing Dictionary; cross-list GRE frequency ranking","https://github.com/Xatta-Trone/gre-words-collection","2026-07-16"
"vocab-0734","ineluctable","","adjective","impossible to avoid or evade","[""inescapable"",""unavoidable""]","[""inescapable conclusion"",""an ineluctable destiny"",""an unavoidable accident""]","6","high","WordNet 3.1; CMU Pronouncing Dictionary; cross-list GRE frequency ranking","https://github.com/Xatta-Trone/gre-words-collection","2026-07-16"
"vocab-0735","ingrained","IH2 N G R EY1 N D","adjective","(used especially of ideas or principles) deeply rooted","[""deep-rooted"",""deep-seated"",""implanted"",""planted""]","[""firmly fixed or held"",""deep-rooted prejudice"",""deep-seated differences of opinion"",""implanted convictions""]","6","high","WordNet 3.1; CMU Pronouncing Dictionary; cross-list GRE frequency ranking","https://github.com/Xatta-Trone/gre-words-collection","2026-07-16"
"vocab-0736","inimitable","IH2 N IH1 M AH0 T AH0 B AH0 L","adjective","defying imitation","[]","[""matchless"",""an inimitable style""]","6","high","WordNet 3.1; CMU Pronouncing Dictionary; cross-list GRE frequency ranking","https://github.com/Xatta-Trone/gre-words-collection","2026-07-16"
"vocab-0737","inkling","IH1 NG K L IH0 NG","noun","a slight suggestion or vague understanding","[""intimation"",""glimmering"",""glimmer""]","[""he had no inkling what was about to happen""]","6","high","WordNet 3.1; CMU Pronouncing Dictionary; cross-list GRE frequency ranking","https://github.com/Xatta-Trone/gre-words-collection","2026-07-16"
"vocab-0738","inquisitive","IH2 N K W IH1 Z IH0 T IH0 V","adjective","inquiring or appearing to inquire","[""speculative"",""questioning"",""wondering(a)""]","[""an inquiring look"",""the police are proverbially inquisitive"",""if someone saw a man climbing a light post they might get inquisitive"",""raised a speculative eyebrow""]","6","high","WordNet 3.1; CMU Pronouncing Dictionary; cross-list GRE frequency ranking","https://github.com/Xatta-Trone/gre-words-collection","2026-07-16"
"vocab-0739","insidious","IH2 N S IH1 D IY2 AH0 S","adjective","working or spreading in a hidden and usually injurious way","[""pernicious"",""subtle""]","[""glaucoma is an insidious disease"",""a subtle poison"",""insidious pleasures""]","6","high","WordNet 3.1; CMU Pronouncing Dictionary; cross-list GRE frequency ranking","https://github.com/Xatta-Trone/gre-words-collection","2026-07-16"
"vocab-0740","insinuate","IH2 N S IH1 N Y UW0 EY0 T","verb","introduce or insert (oneself) in a subtle manner","[]","[""He insinuated himself into the conversation of the people at the nearby table""]","6","high","WordNet 3.1; CMU Pronouncing Dictionary; cross-list GRE frequency ranking","https://github.com/Xatta-Trone/gre-words-collection","2026-07-16"
"vocab-0741","insolent","IH1 N S AH0 L AH0 N T","adjective","unrestrained by convention or propriety","[""audacious"",""barefaced"",""bodacious"",""bald-faced"",""brassy"",""brazen"",""brazen-faced"",""impudent"",""snotty-nosed"",""flip""]","[""an audacious trick to pull"",""a barefaced hypocrite"",""the most bodacious display of tourism this side of Anaheim- Los Angeles Times"",""bald-faced lies""]","6","high","WordNet 3.1; CMU Pronouncing Dictionary; cross-list GRE frequency ranking","https://github.com/Xatta-Trone/gre-words-collection","2026-07-16"
"vocab-0742","intractable","IH2 N T R AE1 K T AH0 B AH0 L","adjective","not tractable","[]","[""difficult to manage or mold"",""an intractable disposition"",""intractable pain"",""the most intractable issue of our era""]","6","high","WordNet 3.1; CMU Pronouncing Dictionary; cross-list GRE frequency ranking","https://github.com/Xatta-Trone/gre-words-collection","2026-07-16"
"vocab-0743","intrigue","IH2 N T R IY1 G","verb","cause to be interested or curious  ","[""fascinate"",""machination""]","[]","6","high","WordNet 3.1; CMU Pronouncing Dictionary; cross-list GRE frequency ranking","https://github.com/Xatta-Trone/gre-words-collection","2026-07-16"
"vocab-0744","intrinsic","IH2 N T R IH1 N S IH0 K","adjective","situated within or belonging solely to the organ or body part on which it acts","[""intrinsical""]","[""intrinsic muscles"",""form was treated as something intrinsic, as the very essence of the thing- John Dewey""]","6","high","WordNet 3.1; CMU Pronouncing Dictionary; cross-list GRE frequency ranking","https://github.com/Xatta-Trone/gre-words-collection","2026-07-16"
"vocab-0745","inure","IH2 N Y UH1 R","verb","cause to accept or become hardened to","[""harden"",""indurate""]","[""habituate"",""He was inured to the cold""]","6","high","WordNet 3.1; CMU Pronouncing Dictionary; cross-list GRE frequency ranking","https://github.com/Xatta-Trone/gre-words-collection","2026-07-16"
"vocab-0746","inveigle","","verb","influence or urge by gentle urging, caressing, or flattering","[""wheedle"",""cajole"",""palaver"",""blarney"",""coax"",""sweet-talk""]","[""He palavered her into going along""]","6","high","WordNet 3.1; CMU Pronouncing Dictionary; cross-list GRE frequency ranking","https://github.com/Xatta-Trone/gre-words-collection","2026-07-16"
"vocab-0747","itinerary","AY0 T IH1 N ER0 EH2 R IY0","noun","a proposed route of travel  ","[""travel plan"",""travel guidebook"",""path"",""route""]","[]","6","high","WordNet 3.1; CMU Pronouncing Dictionary; cross-list GRE frequency ranking","https://github.com/Xatta-Trone/gre-words-collection","2026-07-16"
"vocab-0748","jaundice","JH AO1 N D AH0 S","verb","affect with, or as if with, jaundice  ","[""icterus""]","[""Jealousy had jaundiced his judgment"",""can be a symptom of gallstones or liver infection or anemia""]","6","high","WordNet 3.1; CMU Pronouncing Dictionary; cross-list GRE frequency ranking","https://github.com/Xatta-Trone/gre-words-collection","2026-07-16"
"vocab-0749","jettison","JH EH1 T IH0 S AH0 N","verb","throw as from an airplane  ","[]","[]","6","high","WordNet 3.1; CMU Pronouncing Dictionary; cross-list GRE frequency ranking","https://github.com/Xatta-Trone/gre-words-collection","2026-07-16"
"vocab-0750","jovial","JH OW1 V IY0 AH0 L","adjective","full of or showing high-spirited merriment","[""gay"",""jocund"",""jolly"",""merry"",""mirthful""]","[""when hearts were young and gay"",""a poet could not but be gay, in such a jocund company- Wordsworth"",""the jolly crowd at the reunion"",""jolly old Saint Nick""]","6","high","WordNet 3.1; CMU Pronouncing Dictionary; cross-list GRE frequency ranking","https://github.com/Xatta-Trone/gre-words-collection","2026-07-16"
"vocab-0751","kindle","K IH1 N D AH0 L","verb","cause to start burning","[""enkindle"",""conflagrate"",""inflame""]","[""The setting sun kindled the sky with oranges and reds"",""The dried grass of the prairie kindled, spreading the flames for miles""]","6","high","WordNet 3.1; CMU Pronouncing Dictionary; cross-list GRE frequency ranking","https://github.com/Xatta-Trone/gre-words-collection","2026-07-16"
"vocab-0752","languish","L AE1 NG G W IH0 SH","verb","become feeble","[""fade""]","[""The prisoner has been languishing for years in the dungeon""]","6","high","WordNet 3.1; CMU Pronouncing Dictionary; cross-list GRE frequency ranking","https://github.com/Xatta-Trone/gre-words-collection","2026-07-16"
"vocab-0753","largess","L AA1 R JH AH0 S","noun","a gift or money given (as for service or out of benevolence)","[""largesse""]","[""usually given ostentatiously""]","6","high","WordNet 3.1; CMU Pronouncing Dictionary; cross-list GRE frequency ranking","https://github.com/Xatta-Trone/gre-words-collection","2026-07-16"
"vocab-0754","lassitude","","noun","weakness characterized by a lack of vitality or energy  ","[""inanition"",""lethargy"",""slackness"",""languor"",""listlessness"",""sluggishness""]","[]","6","high","WordNet 3.1; CMU Pronouncing Dictionary; cross-list GRE frequency ranking","https://github.com/Xatta-Trone/gre-words-collection","2026-07-16"
"vocab-0755","lavish","L AE1 V IH0 SH","adjective","characterized by extravagance and profusion","[""lucullan"",""plush"",""plushy"",""munificent"",""overgenerous"",""too-generous"",""unsparing"",""unstinted"",""unstinting"",""shower""]","[""a lavish buffet"",""a lucullan feast"",""distributed gifts with a lavish hand"",""the critics were lavish in their praise""]","6","high","WordNet 3.1; CMU Pronouncing Dictionary; cross-list GRE frequency ranking","https://github.com/Xatta-Trone/gre-words-collection","2026-07-16"
"vocab-0756","leery","L IH1 R IY0","adjective","openly distrustful and unwilling to confide  ","[""mistrustful"",""suspicious"",""untrusting"",""wary""]","[]","6","high","WordNet 3.1; CMU Pronouncing Dictionary; cross-list GRE frequency ranking","https://github.com/Xatta-Trone/gre-words-collection","2026-07-16"
"vocab-0757","licentious","L AY0 S EH1 N CH AH0 S","adjective","lacking moral discipline","[]","[""especially sexually unrestrained"",""coarse and licentious men""]","6","high","WordNet 3.1; CMU Pronouncing Dictionary; cross-list GRE frequency ranking","https://github.com/Xatta-Trone/gre-words-collection","2026-07-16"
"vocab-0758","lionize","L AY1 AH0 N AY2 Z","verb","assign great social importance to","[""lionise"",""celebrate""]","[""The film director was celebrated all over Hollywood"",""The tenor was lionized in Vienna""]","6","high","WordNet 3.1; CMU Pronouncing Dictionary; cross-list GRE frequency ranking","https://github.com/Xatta-Trone/gre-words-collection","2026-07-16"
"vocab-0759","macabre","M AH0 K AA1 B R AH0","adjective","shockingly repellent","[""ghastly"",""grim"",""grisly"",""gruesome"",""sick""]","[""inspiring horror"",""ghastly wounds"",""the grim aftermath of the bombing"",""the grim task of burying the victims""]","6","high","WordNet 3.1; CMU Pronouncing Dictionary; cross-list GRE frequency ranking","https://github.com/Xatta-Trone/gre-words-collection","2026-07-16"
"vocab-0760","magnate","M AE1 G N AH0 T","noun","a very wealthy or powerful businessman","[""baron"",""big businessman"",""business leader"",""king"",""mogul"",""power"",""top executive"",""tycoon""]","[""an oil baron""]","6","high","WordNet 3.1; CMU Pronouncing Dictionary; cross-list GRE frequency ranking","https://github.com/Xatta-Trone/gre-words-collection","2026-07-16"
"vocab-0761","maladroit","M AE2 L AH0 D R OY1 T","adjective","not adroit","[]","[""a maladroit movement of his hand caused the car to swerve"",""a maladroit translation"",""maladroit propaganda""]","6","high","WordNet 3.1; CMU Pronouncing Dictionary; cross-list GRE frequency ranking","https://github.com/Xatta-Trone/gre-words-collection","2026-07-16"
"vocab-0762","malign","M AH0 L AY1 N","adjective","evil or harmful in nature or influence","[]","[""prompted by malign motives"",""believed in witches and malign spirits"",""gave him a malign look"",""a malign lesion""]","6","high","WordNet 3.1; CMU Pronouncing Dictionary; cross-list GRE frequency ranking","https://github.com/Xatta-Trone/gre-words-collection","2026-07-16"
"vocab-0763","mellifluous","","adjective","pleasing to the ear","[""dulcet"",""honeyed"",""mellisonant"",""sweet""]","[""the dulcet tones of the cello""]","6","high","WordNet 3.1; CMU Pronouncing Dictionary; cross-list GRE frequency ranking","https://github.com/Xatta-Trone/gre-words-collection","2026-07-16"
"vocab-0764","mendacious","M EH0 N D EY1 SH AH0 S","adjective","intentionally untrue","[]","[""a mendacious statement"",""a mendacious child""]","6","high","WordNet 3.1; CMU Pronouncing Dictionary; cross-list GRE frequency ranking","https://github.com/Xatta-Trone/gre-words-collection","2026-07-16"
"vocab-0765","mendacity","M EH0 N D AE1 S IH0 T IY0","noun","the tendency to be untruthful  ","[]","[]","6","high","WordNet 3.1; CMU Pronouncing Dictionary; cross-list GRE frequency ranking","https://github.com/Xatta-Trone/gre-words-collection","2026-07-16"
"vocab-0766","minute","M IH1 N AH0 T","adjective","characterized by painstaking care and detailed examination","[""narrow"",""arcminute"",""minute of arc""]","[""a minute inspection of the grounds"",""a narrow scrutiny"",""an exact and minute report"",""the secretary keeps the minutes of the meeting""]","6","high","WordNet 3.1; CMU Pronouncing Dictionary; cross-list GRE frequency ranking","https://github.com/Xatta-Trone/gre-words-collection","2026-07-16"
"vocab-0767","misconstrue","M IH0 S K AH0 N S T R UW1","verb","interpret in the wrong way","[""misinterpret"",""misconceive"",""misunderstand"",""misapprehend"",""be amiss""]","[""Don't misinterpret my comments as criticism"",""She misconstrued my remarks""]","6","high","WordNet 3.1; CMU Pronouncing Dictionary; cross-list GRE frequency ranking","https://github.com/Xatta-Trone/gre-words-collection","2026-07-16"
"vocab-0768","molt","M OW1 L T","noun","periodic shedding of the cuticle in arthropods or the outer skin in reptiles  ","[""molting"",""moult"",""moulting"",""ecdysis""]","[]","6","high","WordNet 3.1; CMU Pronouncing Dictionary; cross-list GRE frequency ranking","https://github.com/Xatta-Trone/gre-words-collection","2026-07-16"
"vocab-0769","nettle","N EH1 T AH0 L","verb","sting with or as with nettles and cause a stinging pain or sensation  ","[""urticate""]","[]","6","high","WordNet 3.1; CMU Pronouncing Dictionary; cross-list GRE frequency ranking","https://github.com/Xatta-Trone/gre-words-collection","2026-07-16"
"vocab-0770","noxious","N AA1 K SH AH0 S","adjective","injurious to physical or mental health","[]","[""noxious chemical wastes"",""noxious ideas""]","6","high","WordNet 3.1; CMU Pronouncing Dictionary; cross-list GRE frequency ranking","https://github.com/Xatta-Trone/gre-words-collection","2026-07-16"
"vocab-0771","occult","AH0 K AH1 L T","adjective","hidden and difficult to see","[""occult arts""]","[""an occult fracture"",""occult blood in the stool"",""he is a student of the occult""]","6","high","WordNet 3.1; CMU Pronouncing Dictionary; cross-list GRE frequency ranking","https://github.com/Xatta-Trone/gre-words-collection","2026-07-16"
"vocab-0772","odious","OW1 D IY0 AH0 S","adjective","unequivocally detestable","[""abominable"",""detestable"",""execrable""]","[""abominable treatment of prisoners"",""detestable vices"",""execrable crimes"",""consequences odious to those you govern- Edmund Burke""]","6","high","WordNet 3.1; CMU Pronouncing Dictionary; cross-list GRE frequency ranking","https://github.com/Xatta-Trone/gre-words-collection","2026-07-16"
"vocab-0773","orthodox","AO1 R TH AH0 D AA2 K S","adjective","adhering to what is commonly accepted","[]","[""an orthodox view of the world""]","6","high","WordNet 3.1; CMU Pronouncing Dictionary; cross-list GRE frequency ranking","https://github.com/Xatta-Trone/gre-words-collection","2026-07-16"
"vocab-0774","ostracize","AO1 S T R AH0 S AY2 Z","verb","avoid speaking to or dealing with","[""ostracise""]","[""Ever since I spoke up, my colleagues ostracize me""]","6","high","WordNet 3.1; CMU Pronouncing Dictionary; cross-list GRE frequency ranking","https://github.com/Xatta-Trone/gre-words-collection","2026-07-16"
"vocab-0775","outstrip","AW0 T S T R IH1 P","verb","go far ahead of","[""outdistance"",""distance"",""surpass"",""outmatch"",""outgo"",""exceed"",""outdo"",""surmount"",""outperform""]","[""He outdistanced the other runners"",""her performance surpasses that of any other student I know"",""She outdoes all other athletes"",""This exceeds all my expectations""]","6","high","WordNet 3.1; CMU Pronouncing Dictionary; cross-list GRE frequency ranking","https://github.com/Xatta-Trone/gre-words-collection","2026-07-16"
"vocab-0776","palatable","P AE1 L AH0 T AH0 B AH0 L","adjective","acceptable to the taste or mind","[""toothsome""]","[""palatable food"",""a palatable solution to the problem""]","6","high","WordNet 3.1; CMU Pronouncing Dictionary; cross-list GRE frequency ranking","https://github.com/Xatta-Trone/gre-words-collection","2026-07-16"
"vocab-0777","parochial","P ER0 OW1 K IY0 AH0 L","adjective","relating to or supported by or located in a parish","[]","[""parochial schools""]","6","high","WordNet 3.1; CMU Pronouncing Dictionary; cross-list GRE frequency ranking","https://github.com/Xatta-Trone/gre-words-collection","2026-07-16"
"vocab-0778","parody","P EH1 R AH0 D IY0","verb","make a spoof of or make fun of  ","[""mockery"",""takeoff"",""lampoon"",""spoof"",""sendup"",""send-up"",""burlesque"",""travesty"",""pasquinade"",""put-on""]","[]","6","high","WordNet 3.1; CMU Pronouncing Dictionary; cross-list GRE frequency ranking","https://github.com/Xatta-Trone/gre-words-collection","2026-07-16"
"vocab-0779","parry","P EH1 R IY0","verb","impede the movement of (an opponent or a ball)","[""block"",""deflect""]","[""block an attack""]","6","high","WordNet 3.1; CMU Pronouncing Dictionary; cross-list GRE frequency ranking","https://github.com/Xatta-Trone/gre-words-collection","2026-07-16"
"vocab-0780","pastiche","P AE2 S T IY1 SH","noun","a work of art that imitates the style of some previous work  ","[]","[]","6","high","WordNet 3.1; CMU Pronouncing Dictionary; cross-list GRE frequency ranking","https://github.com/Xatta-Trone/gre-words-collection","2026-07-16"
"vocab-0781","pastoral","P AE1 S T ER0 AH0 L","adjective","of or relating to a pastor","[]","[""pastoral work"",""a pastoral letter""]","6","high","WordNet 3.1; CMU Pronouncing Dictionary; cross-list GRE frequency ranking","https://github.com/Xatta-Trone/gre-words-collection","2026-07-16"
"vocab-0782","penurious","P EH2 N Y UW1 R IY0 AH0 S","adjective","excessively unwilling to spend","[""parsimonious"",""hard up"",""impecunious"",""in straitened circumstances(p)"",""penniless"",""pinched""]","[""parsimonious thrift relieved by few generous impulses"",""lived in a most penurious manner--denying himself every indulgence""]","6","high","WordNet 3.1; CMU Pronouncing Dictionary; cross-list GRE frequency ranking","https://github.com/Xatta-Trone/gre-words-collection","2026-07-16"
"vocab-0783","perfidious","","adjective","tending to betray","[""punic"",""treacherous""]","[""especially having a treacherous character as attributed to the Carthaginians by the Romans"",""Punic faith"",""the perfidious Judas"",""the fiercest and most treacherous of foes""]","6","high","WordNet 3.1; CMU Pronouncing Dictionary; cross-list GRE frequency ranking","https://github.com/Xatta-Trone/gre-words-collection","2026-07-16"
"vocab-0784","permeate","P ER1 M IY0 EY2 T","verb","spread or diffuse through","[""pervade"",""penetrate"",""interpenetrate"",""diffuse"",""imbue"",""riddle""]","[""An atmosphere of distrust has permeated this administration"",""music penetrated the entire building"",""His campaign was riddled with accusations and personal attacks""]","6","high","WordNet 3.1; CMU Pronouncing Dictionary; cross-list GRE frequency ranking","https://github.com/Xatta-Trone/gre-words-collection","2026-07-16"
"vocab-0785","perpetuate","P ER0 P EH1 CH AH0 W EY2 T","verb","cause to continue or prevail","[]","[""perpetuate a myth""]","6","high","WordNet 3.1; CMU Pronouncing Dictionary; cross-list GRE frequency ranking","https://github.com/Xatta-Trone/gre-words-collection","2026-07-16"
"vocab-0786","pertinacious","","adjective","stubbornly unyielding","[""dogged"",""dour"",""persistent"",""tenacious"",""unyielding""]","[""dogged persistence"",""dour determination"",""the most vocal and pertinacious of all the critics"",""a mind not gifted to discover truth but tenacious to hold it- T.S.Eliot""]","6","high","WordNet 3.1; CMU Pronouncing Dictionary; cross-list GRE frequency ranking","https://github.com/Xatta-Trone/gre-words-collection","2026-07-16"
"vocab-0787","perturb","P ER0 T ER1 B","verb","throw into great confusion or disorder","[""derange"",""throw out of kilter""]","[""Fundamentalists threaten to perturb the social order"",""The orbits of these stars were perturbed by the passings of a comet"",""The electrons were perturbed by the passing ion""]","6","high","WordNet 3.1; CMU Pronouncing Dictionary; cross-list GRE frequency ranking","https://github.com/Xatta-Trone/gre-words-collection","2026-07-16"
"vocab-0788","pillory","P IH1 L ER0 IY0","verb","punish by putting in a pillory  ","[""gibbet""]","[""offenders were locked in and so exposed to public scorn""]","6","high","WordNet 3.1; CMU Pronouncing Dictionary; cross-list GRE frequency ranking","https://github.com/Xatta-Trone/gre-words-collection","2026-07-16"
"vocab-0789","pine","P AY1 N","noun","straight-grained durable and often resinous white to yellowish timber of any of numerous trees of the genus Pinus  ","[""pine tree"",""true pine""]","[]","6","high","WordNet 3.1; CMU Pronouncing Dictionary; cross-list GRE frequency ranking","https://github.com/Xatta-Trone/gre-words-collection","2026-07-16"
"vocab-0790","pinnacle","P IH1 N AH0 K AH0 L","verb","raise on or as if on a pinnacle","[]","[""He did not want to be pinnacled"",""pinnacle a pediment""]","6","high","WordNet 3.1; CMU Pronouncing Dictionary; cross-list GRE frequency ranking","https://github.com/Xatta-Trone/gre-words-collection","2026-07-16"
"vocab-0791","piquant","P IY1 K AH0 N T","adjective","engagingly stimulating or provocative","[""salty"",""savory"",""savoury"",""zesty""]","[""a piquant wit"",""salty language""]","6","high","WordNet 3.1; CMU Pronouncing Dictionary; cross-list GRE frequency ranking","https://github.com/Xatta-Trone/gre-words-collection","2026-07-16"
"vocab-0792","pith","P IH1 TH","verb","remove the pith from (a plant)  ","[]","[]","6","high","WordNet 3.1; CMU Pronouncing Dictionary; cross-list GRE frequency ranking","https://github.com/Xatta-Trone/gre-words-collection","2026-07-16"
"vocab-0793","pittance","P IH1 T AH0 N S","noun","an inadequate payment","[]","[""they work all day for a mere pittance""]","6","high","WordNet 3.1; CMU Pronouncing Dictionary; cross-list GRE frequency ranking","https://github.com/Xatta-Trone/gre-words-collection","2026-07-16"
"vocab-0794","plausible","P L AO1 Z AH0 B AH0 L","adjective","given to or characterized by presenting specious arguments","[]","[""a plausible liar"",""a plausible excuse""]","6","high","WordNet 3.1; CMU Pronouncing Dictionary; cross-list GRE frequency ranking","https://github.com/Xatta-Trone/gre-words-collection","2026-07-16"
"vocab-0795","poignant","P OY1 N Y AH0 N T","adjective","keenly distressing to the mind or feelings","[]","[""poignant anxiety""]","6","high","WordNet 3.1; CMU Pronouncing Dictionary; cross-list GRE frequency ranking","https://github.com/Xatta-Trone/gre-words-collection","2026-07-16"
"vocab-0796","polarize","P OW1 L ER0 AY2 Z","verb","become polarized in a conflict or contrasting situation  ","[""polarise""]","[""polarize light waves""]","6","high","WordNet 3.1; CMU Pronouncing Dictionary; cross-list GRE frequency ranking","https://github.com/Xatta-Trone/gre-words-collection","2026-07-16"
"vocab-0797","polemic","P AH0 L EH1 M IH0 K","adjective","of or involving dispute or controversy  ","[""polemical""]","[]","6","high","WordNet 3.1; CMU Pronouncing Dictionary; cross-list GRE frequency ranking","https://github.com/Xatta-Trone/gre-words-collection","2026-07-16"
"vocab-0798","posit","P AA1 Z AH0 T","verb","take as a given","[""postulate"",""submit"",""state"",""put forward"",""situate"",""fix"",""deposit""]","[""assume as a postulate or axiom"",""He posited three basic laws of nature"",""I submit to you that the accused is guilty"",""She posited her hand on his shoulder""]","6","high","WordNet 3.1; CMU Pronouncing Dictionary; cross-list GRE frequency ranking","https://github.com/Xatta-Trone/gre-words-collection","2026-07-16"
"vocab-0799","potentate","P OW1 T AH0 N T EY2 T","noun","a ruler who is unconstrained by law  ","[""dictator""]","[]","6","high","WordNet 3.1; CMU Pronouncing Dictionary; cross-list GRE frequency ranking","https://github.com/Xatta-Trone/gre-words-collection","2026-07-16"
"vocab-0800","prattle","P R AE1 T AH0 L","verb","speak (about unimportant matters) rapidly and incessantly  ","[""chatter"",""piffle"",""palaver"",""prate"",""tittle-tattle"",""twaddle"",""clack"",""maunder"",""blab"",""gibber""]","[]","6","high","WordNet 3.1; CMU Pronouncing Dictionary; cross-list GRE frequency ranking","https://github.com/Xatta-Trone/gre-words-collection","2026-07-16"
"vocab-0801","precedent","P R EH1 S IH0 D AH0 N T","adjective","preceding in time, order, or significance  ","[""case in point""]","[]","6","high","WordNet 3.1; CMU Pronouncing Dictionary; cross-list GRE frequency ranking","https://github.com/Xatta-Trone/gre-words-collection","2026-07-16"
"vocab-0802","precipitous","P R IH0 S IH1 P IH0 T AH0 S","adjective","extremely steep","[""abrupt"",""sharp"",""hasty"",""overhasty"",""precipitate"",""precipitant""]","[""an abrupt canyon"",""the precipitous rapids of the upper river"",""the precipitous hills of Chinese paintings"",""a sharp drop""]","6","high","WordNet 3.1; CMU Pronouncing Dictionary; cross-list GRE frequency ranking","https://github.com/Xatta-Trone/gre-words-collection","2026-07-16"
"vocab-0803","preternatural","","adjective","surpassing the ordinary or normal","[""uncanny""]","[""Beyond his preternatural affability there is some acid and some steel - George Will"",""his uncanny sense of direction""]","6","high","WordNet 3.1; CMU Pronouncing Dictionary; cross-list GRE frequency ranking","https://github.com/Xatta-Trone/gre-words-collection","2026-07-16"
"vocab-0804","prevail","P R IH0 V EY1 L","verb","use persuasion successfully","[""triumph"",""persist"",""die hard"",""run"",""endure""]","[""He prevailed upon her to visit his parents"",""The champion prevailed, though it was a hard fight"",""These stories die hard"",""The legend of Elvis endures""]","6","high","WordNet 3.1; CMU Pronouncing Dictionary; cross-list GRE frequency ranking","https://github.com/Xatta-Trone/gre-words-collection","2026-07-16"
"vocab-0805","promulgate","P R OW0 M AH1 L G EY0 T","verb","put a law into effect by formal declaration  ","[]","[]","6","high","WordNet 3.1; CMU Pronouncing Dictionary; cross-list GRE frequency ranking","https://github.com/Xatta-Trone/gre-words-collection","2026-07-16"
"vocab-0806","proselytize","P R AA1 S AH0 L AH0 T AY2 Z","verb","convert to another faith or religion  ","[""proselytise""]","[]","6","high","WordNet 3.1; CMU Pronouncing Dictionary; cross-list GRE frequency ranking","https://github.com/Xatta-Trone/gre-words-collection","2026-07-16"
"vocab-0807","provident","P R AA1 V IH0 D AH0 N T","adjective","careful in regard to your own interests","[]","[""the prudent use and development of resources"",""wild squirrels are provident"",""a provident father plans for his children's education""]","6","high","WordNet 3.1; CMU Pronouncing Dictionary; cross-list GRE frequency ranking","https://github.com/Xatta-Trone/gre-words-collection","2026-07-16"
"vocab-0808","prowess","P R AW1 AH0 S","noun","a superior skill that you can learn by study and practice and observation","[""art"",""artistry""]","[""the art of conversation"",""it's quite an art""]","6","high","WordNet 3.1; CMU Pronouncing Dictionary; cross-list GRE frequency ranking","https://github.com/Xatta-Trone/gre-words-collection","2026-07-16"
"vocab-0809","proxy","P R AA1 K S IY0","noun","a power of attorney document given by shareholders of a corporation authorizing a specific vote on their behalf at a corporate meeting  ","[""placeholder"",""procurator""]","[]","6","high","WordNet 3.1; CMU Pronouncing Dictionary; cross-list GRE frequency ranking","https://github.com/Xatta-Trone/gre-words-collection","2026-07-16"
"vocab-0810","puissant","","adjective","powerful  ","[]","[]","6","high","WordNet 3.1; CMU Pronouncing Dictionary; cross-list GRE frequency ranking","https://github.com/Xatta-Trone/gre-words-collection","2026-07-16"
"vocab-0811","pusillanimous","P Y UW0 S AH0 L AE1 N AH0 M AH0 S","adjective","lacking in courage and manly strength and resolution","[""poor-spirited"",""unmanly""]","[""contemptibly fearful""]","6","high","WordNet 3.1; CMU Pronouncing Dictionary; cross-list GRE frequency ranking","https://github.com/Xatta-Trone/gre-words-collection","2026-07-16"
"vocab-0812","quail","K W EY1 L","noun","small gallinaceous game birds  ","[]","[""suitable for roasting or broiling if young"",""otherwise must be braised""]","6","high","WordNet 3.1; CMU Pronouncing Dictionary; cross-list GRE frequency ranking","https://github.com/Xatta-Trone/gre-words-collection","2026-07-16"
"vocab-0813","qualm","","noun","a mild state of nausea  ","[""queasiness"",""squeamishness"",""scruple"",""misgiving""]","[]","6","high","WordNet 3.1; CMU Pronouncing Dictionary; cross-list GRE frequency ranking","https://github.com/Xatta-Trone/gre-words-collection","2026-07-16"
"vocab-0814","rakish","R EY1 K IH0 SH","adjective","marked by a carefree unconventionality or disreputableness","[""devil-may-care"",""raffish"",""dapper"",""dashing"",""jaunty"",""natty"",""spiffy"",""snappy"",""spruce""]","[""a cocktail party given by some...raffish bachelors- Crary Moore"",""a dapper young man"",""a jaunty red hat""]","6","high","WordNet 3.1; CMU Pronouncing Dictionary; cross-list GRE frequency ranking","https://github.com/Xatta-Trone/gre-words-collection","2026-07-16"
"vocab-0815","rebuke","R IY0 B Y UW1 K","noun","an act or expression of criticism and censure","[""reproof"",""reproval"",""reprehension"",""reprimand""]","[""he had to take the rebuke with a smile on his face""]","6","high","WordNet 3.1; CMU Pronouncing Dictionary; cross-list GRE frequency ranking","https://github.com/Xatta-Trone/gre-words-collection","2026-07-16"
"vocab-0816","relevant","R EH1 L AH0 V AH0 N T","adjective","having a bearing on or connection with the subject at issue","[]","[""the scientist corresponds with colleagues in order to learn about matters relevant to her own research""]","6","high","WordNet 3.1; CMU Pronouncing Dictionary; cross-list GRE frequency ranking","https://github.com/Xatta-Trone/gre-words-collection","2026-07-16"
"vocab-0817","relish","R EH1 L IH0 SH","noun","the taste experience when a savoury condiment is taken into the mouth  ","[""flavor"",""flavour"",""sapidity"",""savor"",""savour"",""smack"",""nip"",""tang""]","[]","6","high","WordNet 3.1; CMU Pronouncing Dictionary; cross-list GRE frequency ranking","https://github.com/Xatta-Trone/gre-words-collection","2026-07-16"
"vocab-0818","remonstrate","","verb","present and urge reasons in opposition  ","[""point out""]","[]","6","high","WordNet 3.1; CMU Pronouncing Dictionary; cross-list GRE frequency ranking","https://github.com/Xatta-Trone/gre-words-collection","2026-07-16"
"vocab-0819","renege","R IH0 N IH1 G","verb","fail to fulfill a promise or obligation","[""renege on"",""renegue on"",""go back on""]","[""She backed out of her promise""]","6","high","WordNet 3.1; CMU Pronouncing Dictionary; cross-list GRE frequency ranking","https://github.com/Xatta-Trone/gre-words-collection","2026-07-16"
"vocab-0820","requite","","verb","make repayment for or return something  ","[""repay""]","[]","6","high","WordNet 3.1; CMU Pronouncing Dictionary; cross-list GRE frequency ranking","https://github.com/Xatta-Trone/gre-words-collection","2026-07-16"
"vocab-0821","retiring","R IH0 T AY1 R IH0 NG","adjective","not arrogant or presuming","[""unassuming""]","[""unassuming to a fault, skeptical about the value of his work"",""a shy retiring girl""]","6","high","WordNet 3.1; CMU Pronouncing Dictionary; cross-list GRE frequency ranking","https://github.com/Xatta-Trone/gre-words-collection","2026-07-16"
"vocab-0822","retract","R IY0 T R AE1 K T","verb","use a surgical instrument to hold open (the edges of a wound or an organ)  ","[""pull back"",""draw back""]","[]","6","high","WordNet 3.1; CMU Pronouncing Dictionary; cross-list GRE frequency ranking","https://github.com/Xatta-Trone/gre-words-collection","2026-07-16"
"vocab-0823","rile","R AY1 L","verb","make turbid by stirring up the sediments of  ","[""roil"",""annoy"",""rag"",""get to"",""bother"",""get at"",""irritate"",""nark"",""nettle"",""gravel""]","[""disturb, especially by minor irritations"",""Mosquitoes buzzing in my ear really bothers me"",""It irritates me that she never closes the door after she leaves""]","6","high","WordNet 3.1; CMU Pronouncing Dictionary; cross-list GRE frequency ranking","https://github.com/Xatta-Trone/gre-words-collection","2026-07-16"
"vocab-0824","rue","R UW1","noun","(French) a street or road in France  ","[""herb of grace"",""Ruta graveolens""]","[""an irritant similar to poison ivy""]","6","high","WordNet 3.1; CMU Pronouncing Dictionary; cross-list GRE frequency ranking","https://github.com/Xatta-Trone/gre-words-collection","2026-07-16"
"vocab-0825","ruminate","R UW1 M IH0 N EY2 T","verb","chew the cuds","[]","[""cows ruminate""]","6","high","WordNet 3.1; CMU Pronouncing Dictionary; cross-list GRE frequency ranking","https://github.com/Xatta-Trone/gre-words-collection","2026-07-16"
"vocab-0826","salutary","S AE1 L Y AH0 T EH2 R IY0","adjective","tending to promote physical well-being","[""good""]","[""beneficial to health"",""beneficial effects of a balanced diet"",""a good night's sleep"",""the salutary influence of pure air""]","6","high","WordNet 3.1; CMU Pronouncing Dictionary; cross-list GRE frequency ranking","https://github.com/Xatta-Trone/gre-words-collection","2026-07-16"
"vocab-0827","satire","S AE1 T AY2 ER0","noun","witty language used to convey insults or scorn","[""sarcasm"",""irony"",""caustic remark""]","[""he used sarcasm to upset his opponent"",""irony is wasted on the stupid"",""Satire is a sort of glass, wherein beholders do generally discover everybody's face but their own--Jonathan Swift""]","6","high","WordNet 3.1; CMU Pronouncing Dictionary; cross-list GRE frequency ranking","https://github.com/Xatta-Trone/gre-words-collection","2026-07-16"
"vocab-0828","saturnine","","adjective","bitter or scornful","[]","[""the face was saturnine and swarthy, and the sensual lips...twisted with disdain- Oscar Wilde""]","6","high","WordNet 3.1; CMU Pronouncing Dictionary; cross-list GRE frequency ranking","https://github.com/Xatta-Trone/gre-words-collection","2026-07-16"
"vocab-0829","savor","S EY1 V ER0","verb","give taste to  ","[""savour""]","[""savor the soup""]","6","high","WordNet 3.1; CMU Pronouncing Dictionary; cross-list GRE frequency ranking","https://github.com/Xatta-Trone/gre-words-collection","2026-07-16"
"vocab-0830","schism","S K IH1 Z AH0 M","noun","the formal separation of a church into two churches or the withdrawal of one group over doctrinal differences  ","[""split""]","[""another schism like that and they will wind up in bankruptcy""]","6","high","WordNet 3.1; CMU Pronouncing Dictionary; cross-list GRE frequency ranking","https://github.com/Xatta-Trone/gre-words-collection","2026-07-16"
"vocab-0831","secrete","S IH0 K R IY1 T","verb","place out of sight","[""release""]","[""keep secret"",""The money was secreted from his children"",""secrete digestive juices"",""release a hormone into the blood stream""]","6","high","WordNet 3.1; CMU Pronouncing Dictionary; cross-list GRE frequency ranking","https://github.com/Xatta-Trone/gre-words-collection","2026-07-16"
"vocab-0832","semblance","S EH1 M B L AH0 N S","noun","an outward or token appearance or form that is deliberately misleading","[""gloss"",""color"",""colour""]","[""he hoped his claims would have a semblance of authenticity"",""he tried to give his falsehood the gloss of moral sanction"",""the situation soon took on a different color""]","6","high","WordNet 3.1; CMU Pronouncing Dictionary; cross-list GRE frequency ranking","https://github.com/Xatta-Trone/gre-words-collection","2026-07-16"
"vocab-0833","sentient","","adjective","consciously perceiving","[""animate""]","[""sentient of the intolerable load"",""a boy so sentient of his surroundings- W.A.White"",""the living knew themselves just sentient puppets on God's stage- T.E.Lawrence""]","6","high","WordNet 3.1; CMU Pronouncing Dictionary; cross-list GRE frequency ranking","https://github.com/Xatta-Trone/gre-words-collection","2026-07-16"
"vocab-0834","shard","SH AA1 R D","noun","a broken piece of a brittle artifact  ","[""sherd"",""fragment""]","[]","6","high","WordNet 3.1; CMU Pronouncing Dictionary; cross-list GRE frequency ranking","https://github.com/Xatta-Trone/gre-words-collection","2026-07-16"
"vocab-0835","sinuous","S IH1 N W AH0 S","adjective","gracefully thin and bending and moving with ease  ","[""lissome"",""lissom"",""lithe"",""lithesome"",""supple"",""sinuate"",""wiggly""]","[""wiggly lines""]","6","high","WordNet 3.1; CMU Pronouncing Dictionary; cross-list GRE frequency ranking","https://github.com/Xatta-Trone/gre-words-collection","2026-07-16"
"vocab-0836","skeptic","S K EH1 P T IH0 K","noun","someone who habitually doubts accepted beliefs  ","[""sceptic"",""doubter""]","[]","6","high","WordNet 3.1; CMU Pronouncing Dictionary; cross-list GRE frequency ranking","https://github.com/Xatta-Trone/gre-words-collection","2026-07-16"
"vocab-0837","smattering","S M AE1 T ER0 IH0 NG","noun","a slight or superficial understanding of a subject  ","[]","[]","6","high","WordNet 3.1; CMU Pronouncing Dictionary; cross-list GRE frequency ranking","https://github.com/Xatta-Trone/gre-words-collection","2026-07-16"
"vocab-0838","soliloquy","S AH0 L IH1 L AH0 K W IY0","noun","a (usually long) dramatic speech intended to give the illusion of unspoken reflections  ","[""monologue""]","[]","6","high","WordNet 3.1; CMU Pronouncing Dictionary; cross-list GRE frequency ranking","https://github.com/Xatta-Trone/gre-words-collection","2026-07-16"
"vocab-0839","solvent","S AA1 L V AH0 N T","adjective","capable of meeting financial obligations  ","[""dissolvent"",""dissolver"",""dissolving agent"",""resolvent""]","[""the solvent does not change its state in forming a solution""]","6","high","WordNet 3.1; CMU Pronouncing Dictionary; cross-list GRE frequency ranking","https://github.com/Xatta-Trone/gre-words-collection","2026-07-16"
"vocab-0840","spurn","S P ER1 N","verb","reject with contempt","[""reject"",""freeze off"",""scorn"",""pooh-pooh"",""disdain"",""turn down""]","[""She spurned his advances""]","6","high","WordNet 3.1; CMU Pronouncing Dictionary; cross-list GRE frequency ranking","https://github.com/Xatta-Trone/gre-words-collection","2026-07-16"
"vocab-0841","squalid","S K W AA1 L AH0 D","adjective","foul and run-down and repulsive","[""flyblown"",""sordid"",""seamy"",""seedy"",""sleazy""]","[""a flyblown bar on the edge of town"",""a squalid overcrowded apartment in the poorest part of town"",""squalid living conditions"",""sordid shantytowns""]","6","high","WordNet 3.1; CMU Pronouncing Dictionary; cross-list GRE frequency ranking","https://github.com/Xatta-Trone/gre-words-collection","2026-07-16"
"vocab-0842","squander","S K W AA1 N D ER0","verb","spend extravagantly","[""consume"",""waste"",""ware"",""blow""]","[""waste not, want not"",""throw away"",""He wasted his inheritance on his insincere friends"",""You squandered the opportunity to get and advanced degree""]","6","high","WordNet 3.1; CMU Pronouncing Dictionary; cross-list GRE frequency ranking","https://github.com/Xatta-Trone/gre-words-collection","2026-07-16"
"vocab-0843","squelch","S K W EH1 L CH","verb","walk through mud or mire","[""squish"",""splash"",""splosh"",""slosh"",""slop"",""quell"",""quench""]","[""We had to splosh across the wet meadow"",""squelch any sign of dissent"",""quench a rebellion""]","6","high","WordNet 3.1; CMU Pronouncing Dictionary; cross-list GRE frequency ranking","https://github.com/Xatta-Trone/gre-words-collection","2026-07-16"
"vocab-0844","staid","S T EY1 D","adjective","characterized by dignity and propriety  ","[""sedate""]","[]","6","high","WordNet 3.1; CMU Pronouncing Dictionary; cross-list GRE frequency ranking","https://github.com/Xatta-Trone/gre-words-collection","2026-07-16"
"vocab-0845","stalwart","S T AO1 L W ER0 T","adjective","used especially of persons","[""stouthearted"",""stout""]","[""a stalwart knight"",""a stouthearted fellow who had an active career in the army"",""the stalwart citizens at Lexington"",""a stalwart supporter of the UN""]","6","high","WordNet 3.1; CMU Pronouncing Dictionary; cross-list GRE frequency ranking","https://github.com/Xatta-Trone/gre-words-collection","2026-07-16"
"vocab-0846","static","S T AE1 T IH0 K","adjective","showing little if any change","[""stable"",""unchanging"",""atmospherics"",""atmospheric static""]","[""a static population"",""they will probably give you a lot of static about your editorial""]","6","high","WordNet 3.1; CMU Pronouncing Dictionary; cross-list GRE frequency ranking","https://github.com/Xatta-Trone/gre-words-collection","2026-07-16"
"vocab-0847","steadfast","S T EH1 D F AE2 S T","adjective","firm and dependable especially in loyalty","[""staunch"",""unswerving""]","[""a steadfast ally"",""a staunch defender of free speech"",""unswerving devotion"",""unswerving allegiance""]","6","high","WordNet 3.1; CMU Pronouncing Dictionary; cross-list GRE frequency ranking","https://github.com/Xatta-Trone/gre-words-collection","2026-07-16"
"vocab-0848","stentorian","","adjective","(used of the voice or sound) deep and resonant  ","[""booming""]","[]","6","high","WordNet 3.1; CMU Pronouncing Dictionary; cross-list GRE frequency ranking","https://github.com/Xatta-Trone/gre-words-collection","2026-07-16"
"vocab-0849","stint","S T IH1 N T","verb","supply sparingly and with restricted quantities","[""skimp"",""scant""]","[""stint with the allowance"",""her stint as a lifeguard exhausted her""]","6","high","WordNet 3.1; CMU Pronouncing Dictionary; cross-list GRE frequency ranking","https://github.com/Xatta-Trone/gre-words-collection","2026-07-16"
"vocab-0850","stipulate","S T IH1 P Y AH0 L EY2 T","verb","make an oral contract or agreement in the verbal form of question and answer that is necessary to give it legal force  ","[""qualify"",""condition"",""specify""]","[""They stipulated to release all the prisoners"",""make an express demand or provision in an agreement"",""The will stipulates that she can live in the house for the rest of her life"",""The contract stipulates the dates of the payments""]","6","high","WordNet 3.1; CMU Pronouncing Dictionary; cross-list GRE frequency ranking","https://github.com/Xatta-Trone/gre-words-collection","2026-07-16"
"vocab-0851","stoic","S T OW1 IH0 K","adjective","seeming unaffected by pleasure or pain","[""stoical"",""unemotional person""]","[""impassive"",""stoic courage"",""stoic patience"",""a stoical sufferer""]","6","high","WordNet 3.1; CMU Pronouncing Dictionary; cross-list GRE frequency ranking","https://github.com/Xatta-Trone/gre-words-collection","2026-07-16"
"vocab-0852","sublime","S AH0 B L AY1 M","adjective","lifted up or set high","[""sublimate""]","[""their hearts were jocund and sublime- Milton"",""sublime iodine"",""some salts sublime when heated""]","6","high","WordNet 3.1; CMU Pronouncing Dictionary; cross-list GRE frequency ranking","https://github.com/Xatta-Trone/gre-words-collection","2026-07-16"
"vocab-0853","subpoena","S AH0 P IY1 N AH0","verb","serve or summon with a subpoena","[""subpoena ad testificandum""]","[""The witness and her records were subpoenaed"",""disobedience may be punishable as a contempt of court""]","6","high","WordNet 3.1; CMU Pronouncing Dictionary; cross-list GRE frequency ranking","https://github.com/Xatta-Trone/gre-words-collection","2026-07-16"
"vocab-0854","substantiate","S AH0 B S T AE1 N CH IY0 EY2 T","verb","solidify, firm, or strengthen","[]","[""The president's trip will substantiate good relations with the former enemy country""]","6","high","WordNet 3.1; CMU Pronouncing Dictionary; cross-list GRE frequency ranking","https://github.com/Xatta-Trone/gre-words-collection","2026-07-16"
"vocab-0855","subversive","S AH0 B V ER1 S IH0 V","adjective","in opposition to a civil authority or government  ","[""insurgent"",""seditious"",""revolutionist"",""revolutionary"",""subverter""]","[]","6","high","WordNet 3.1; CMU Pronouncing Dictionary; cross-list GRE frequency ranking","https://github.com/Xatta-Trone/gre-words-collection","2026-07-16"
"vocab-0856","supersede","S UW2 P ER0 S IY1 D","verb","take the place or move into the position of","[""supplant"",""replace"",""supervene upon""]","[""Smith replaced Miller as CEO after Miller left"",""the computer has supplanted the slide rule"",""Mary replaced Susan as the team's captain and the highest-ranked player in the school""]","6","high","WordNet 3.1; CMU Pronouncing Dictionary; cross-list GRE frequency ranking","https://github.com/Xatta-Trone/gre-words-collection","2026-07-16"
"vocab-0857","tarnish","T AA1 R N IH0 SH","verb","make dirty or spotty, as by exposure to air","[""stain"",""maculate"",""sully"",""defile""]","[""also used metaphorically"",""The silver was tarnished by the long exposure to the air"",""Her reputation was sullied after the affair with a married man""]","6","high","WordNet 3.1; CMU Pronouncing Dictionary; cross-list GRE frequency ranking","https://github.com/Xatta-Trone/gre-words-collection","2026-07-16"
"vocab-0858","travail","T R AH0 V EY1 L","verb","work hard","[""labor"",""labour"",""toil"",""fag"",""grind"",""drudge"",""dig"",""moil"",""effort"",""elbow grease""]","[""She was digging away at her math homework"",""Lexicographers drudge all day long"",""hard work"",""he got an A for effort""]","6","high","WordNet 3.1; CMU Pronouncing Dictionary; cross-list GRE frequency ranking","https://github.com/Xatta-Trone/gre-words-collection","2026-07-16"
"vocab-0859","truculence","","noun","obstreperous and defiant aggressiveness  ","[""truculency""]","[]","6","high","WordNet 3.1; CMU Pronouncing Dictionary; cross-list GRE frequency ranking","https://github.com/Xatta-Trone/gre-words-collection","2026-07-16"
"vocab-0860","unimpeachable","AH2 N IH0 M P IY1 CH AH0 B AH0 L","adjective","beyond doubt or reproach","[]","[""an unimpeachable source""]","6","high","WordNet 3.1; CMU Pronouncing Dictionary; cross-list GRE frequency ranking","https://github.com/Xatta-Trone/gre-words-collection","2026-07-16"
"vocab-0861","usury","Y UW1 ZH ER0 IY0","noun","the act of lending money at an exorbitant rate of interest  ","[""vigorish""]","[]","6","high","WordNet 3.1; CMU Pronouncing Dictionary; cross-list GRE frequency ranking","https://github.com/Xatta-Trone/gre-words-collection","2026-07-16"
"vocab-0862","vacuous","V AE1 K Y UW0 AH0 S","adjective","devoid of matter","[]","[""a vacuous space""]","6","high","WordNet 3.1; CMU Pronouncing Dictionary; cross-list GRE frequency ranking","https://github.com/Xatta-Trone/gre-words-collection","2026-07-16"
"vocab-0863","venial","","adjective","easily excused or forgiven","[""excusable"",""forgivable"",""minor""]","[""a venial error"",""venial sin""]","6","high","WordNet 3.1; CMU Pronouncing Dictionary; cross-list GRE frequency ranking","https://github.com/Xatta-Trone/gre-words-collection","2026-07-16"
"vocab-0864","veritable","V EH1 R IH0 T AH0 B AH0 L","adjective","not counterfeit or copied","[""authentic"",""bona fide"",""unquestionable"",""regular(a)"",""veritable(a)""]","[""an authentic signature"",""a bona fide manuscript"",""an unquestionable antique"",""photographs taken in a veritable bull ring""]","6","high","WordNet 3.1; CMU Pronouncing Dictionary; cross-list GRE frequency ranking","https://github.com/Xatta-Trone/gre-words-collection","2026-07-16"
"vocab-0865","vestige","V EH1 S T IH0 JH","noun","an indication that something has been present","[""trace"",""tincture"",""shadow""]","[""there wasn't a trace of evidence for the claim"",""a tincture of condescension""]","6","high","WordNet 3.1; CMU Pronouncing Dictionary; cross-list GRE frequency ranking","https://github.com/Xatta-Trone/gre-words-collection","2026-07-16"
"vocab-0866","viable","V AY1 AH0 B AH0 L","adjective","capable of life or normal growth and development","[]","[""viable seeds"",""a viable fetus""]","6","high","WordNet 3.1; CMU Pronouncing Dictionary; cross-list GRE frequency ranking","https://github.com/Xatta-Trone/gre-words-collection","2026-07-16"
"vocab-0867","vilify","V IH1 L IH0 F AY2","verb","spread negative information about","[""revile"",""vituperate"",""rail""]","[""The Nazi propaganda vilified the Jews""]","6","high","WordNet 3.1; CMU Pronouncing Dictionary; cross-list GRE frequency ranking","https://github.com/Xatta-Trone/gre-words-collection","2026-07-16"
"vocab-0868","viscous","V IH1 S K AH0 S","adjective","having the sticky properties of an adhesive  ","[""gluey"",""glutinous"",""gummy"",""mucilaginous"",""pasty"",""sticky"",""viscid"",""syrupy""]","[]","6","high","WordNet 3.1; CMU Pronouncing Dictionary; cross-list GRE frequency ranking","https://github.com/Xatta-Trone/gre-words-collection","2026-07-16"
"vocab-0869","vitiate","V IY1 SH IH0 EY2 T","verb","take away the legal force of or render ineffective","[""invalidate"",""void"",""mar"",""impair"",""spoil"",""deflower"",""corrupt"",""pervert"",""subvert"",""demoralize""]","[""invalidate a contract"",""nothing marred her beauty"",""debauch the young people with wine and women"",""Socrates was accused of corrupting young men""]","6","high","WordNet 3.1; CMU Pronouncing Dictionary; cross-list GRE frequency ranking","https://github.com/Xatta-Trone/gre-words-collection","2026-07-16"
"vocab-0870","vituperate","","verb","spread negative information about","[""vilify"",""revile"",""rail""]","[""The Nazi propaganda vilified the Jews""]","6","high","WordNet 3.1; CMU Pronouncing Dictionary; cross-list GRE frequency ranking","https://github.com/Xatta-Trone/gre-words-collection","2026-07-16"
"vocab-0871","voracious","V AO0 R EY1 SH AH0 S","adjective","devouring or craving food in great quantities","[""edacious"",""esurient"",""rapacious"",""ravening"",""ravenous"",""wolfish""]","[""edacious vultures"",""a rapacious appetite"",""ravenous as wolves"",""voracious sharks""]","6","high","WordNet 3.1; CMU Pronouncing Dictionary; cross-list GRE frequency ranking","https://github.com/Xatta-Trone/gre-words-collection","2026-07-16"
"vocab-0872","wary","W EH1 R IY0","adjective","marked by keen caution and watchful prudence","[]","[""they were wary in their movements"",""a wary glance at the black clouds"",""taught to be wary of strangers""]","6","high","WordNet 3.1; CMU Pronouncing Dictionary; cross-list GRE frequency ranking","https://github.com/Xatta-Trone/gre-words-collection","2026-07-16"
"vocab-0873","whet","W EH1 T","verb","sharpen by rubbing, as on a whetstone  ","[""quicken""]","[""whet my appetite""]","6","high","WordNet 3.1; CMU Pronouncing Dictionary; cross-list GRE frequency ranking","https://github.com/Xatta-Trone/gre-words-collection","2026-07-16"
"vocab-0874","zealot","Z EH1 L AH0 T","noun","a fervent and even militant proponent of something  ","[""partisan"",""drumbeater"",""Zealot""]","[]","6","high","WordNet 3.1; CMU Pronouncing Dictionary; cross-list GRE frequency ranking","https://github.com/Xatta-Trone/gre-words-collection","2026-07-16"
"vocab-0875","abdicate","AE1 B D AH0 K EY2 T","verb","give up, such as power, as of monarchs and emperors, or duties and obligations","[""renounce""]","[""The King abdicated when he married a divorcee""]","5","high","WordNet 3.1; CMU Pronouncing Dictionary; cross-list GRE frequency ranking","https://github.com/Xatta-Trone/gre-words-collection","2026-07-16"
"vocab-0876","aberration","AE2 B ER0 EY1 SH AH0 N","noun","an optical phenomenon resulting from the failure of a lens or mirror to produce a good image  ","[""distortion"",""optical aberration""]","[]","5","high","WordNet 3.1; CMU Pronouncing Dictionary; cross-list GRE frequency ranking","https://github.com/Xatta-Trone/gre-words-collection","2026-07-16"
"vocab-0877","abhor","AE0 B HH AO1 R","verb","find repugnant","[""loathe"",""abominate"",""execrate""]","[""I loathe that man"",""She abhors cats""]","5","high","WordNet 3.1; CMU Pronouncing Dictionary; cross-list GRE frequency ranking","https://github.com/Xatta-Trone/gre-words-collection","2026-07-16"
"vocab-0878","abridge","AH0 B R IH1 JH","verb","lessen, diminish, or curtail","[""foreshorten"",""abbreviate"",""shorten"",""cut"",""contract"",""reduce""]","[""the new law might abridge our freedom of expression"",""The manuscript must be shortened""]","5","high","WordNet 3.1; CMU Pronouncing Dictionary; cross-list GRE frequency ranking","https://github.com/Xatta-Trone/gre-words-collection","2026-07-16"
"vocab-0879","abscission","","noun","the act of cutting something off  ","[""cutting off""]","[]","5","high","WordNet 3.1; CMU Pronouncing Dictionary; cross-list GRE frequency ranking","https://github.com/Xatta-Trone/gre-words-collection","2026-07-16"
"vocab-0880","abut","AH0 B AH1 T","verb","lie adjacent to another or share a boundary","[""border"",""adjoin"",""edge"",""march"",""butt"",""butt against"",""butt on""]","[""Canada adjoins the U.S."",""England marches with Scotland""]","5","high","WordNet 3.1; CMU Pronouncing Dictionary; cross-list GRE frequency ranking","https://github.com/Xatta-Trone/gre-words-collection","2026-07-16"
"vocab-0881","accessible","AE0 K S EH1 S AH0 B AH0 L","adjective","easy to get along with or talk to","[""approachable""]","[""friendly"",""an accessible and genial man"",""most students now have computers accessible"",""accessible money""]","5","high","WordNet 3.1; CMU Pronouncing Dictionary; cross-list GRE frequency ranking","https://github.com/Xatta-Trone/gre-words-collection","2026-07-16"
"vocab-0882","accolade","AE1 K AH0 L EY2 D","noun","a tangible symbol signifying approval or distinction","[""award"",""honor"",""honour"",""laurels""]","[""an award for bravery""]","5","high","WordNet 3.1; CMU Pronouncing Dictionary; cross-list GRE frequency ranking","https://github.com/Xatta-Trone/gre-words-collection","2026-07-16"
"vocab-0883","acerbic","AH0 S EH1 R B IH0 K","adjective","harsh or corrosive in tone","[""acerb"",""acid"",""acrid"",""bitter"",""blistering"",""caustic"",""sulfurous"",""sulphurous"",""virulent"",""vitriolic""]","[""an acerbic tone piercing otherwise flowery prose"",""a barrage of acid comments"",""her acrid remarks make her many enemies"",""bitter words""]","5","high","WordNet 3.1; CMU Pronouncing Dictionary; cross-list GRE frequency ranking","https://github.com/Xatta-Trone/gre-words-collection","2026-07-16"
"vocab-0884","acrid","AE1 K R IH0 D","adjective","harsh or corrosive in tone","[""acerb"",""acerbic"",""acid"",""bitter"",""blistering"",""caustic"",""sulfurous"",""sulphurous"",""virulent"",""vitriolic""]","[""an acerbic tone piercing otherwise flowery prose"",""a barrage of acid comments"",""her acrid remarks make her many enemies"",""bitter words""]","5","high","WordNet 3.1; CMU Pronouncing Dictionary; cross-list GRE frequency ranking","https://github.com/Xatta-Trone/gre-words-collection","2026-07-16"
"vocab-0885","acrimonious","AE2 K R AH0 M OW1 N IY0 AH0 S","adjective","marked by strong resentment or cynicism","[""bitter""]","[""an acrimonious dispute"",""bitter about the divorce""]","5","high","WordNet 3.1; CMU Pronouncing Dictionary; cross-list GRE frequency ranking","https://github.com/Xatta-Trone/gre-words-collection","2026-07-16"
"vocab-0886","adhere","AH0 D HH IH1 R","verb","stick to firmly","[""hold fast"",""bond"",""bind"",""stick"",""stick to""]","[""Will this wallpaper adhere to the wall?"",""The residents of this village adhered to Catholicism"",""She sticks to her principles"",""They adhered to their plan""]","5","high","WordNet 3.1; CMU Pronouncing Dictionary; cross-list GRE frequency ranking","https://github.com/Xatta-Trone/gre-words-collection","2026-07-16"
"vocab-0887","adroit","AH0 D R OY1 T","adjective","quick or skillful or adept in action or thought","[]","[""an exceptionally adroit pianist"",""an adroit technician"",""his adroit replies to hecklers won him many followers"",""an adroit negotiator""]","5","high","WordNet 3.1; CMU Pronouncing Dictionary; cross-list GRE frequency ranking","https://github.com/Xatta-Trone/gre-words-collection","2026-07-16"
"vocab-0888","advert","AE1 D V ER0 T","verb","make reference to","[""mention"",""bring up"",""cite"",""name"",""refer"",""allude"",""touch"",""attend"",""hang"",""pay heed""]","[""His name was mentioned in connection with the invention"",""He alluded to the problem but did not mention it"",""The children in the audience attended the recital quietly"",""She hung on his every word""]","5","high","WordNet 3.1; CMU Pronouncing Dictionary; cross-list GRE frequency ranking","https://github.com/Xatta-Trone/gre-words-collection","2026-07-16"
"vocab-0889","affectation","AE2 F EH0 K T EY1 SH AH0 N","noun","a deliberate pretense or exaggerated display  ","[""mannerism"",""pose"",""affectedness""]","[]","5","high","WordNet 3.1; CMU Pronouncing Dictionary; cross-list GRE frequency ranking","https://github.com/Xatta-Trone/gre-words-collection","2026-07-16"
"vocab-0890","aghast","AH0 G AE1 S T","adjective","struck with fear, dread, or consternation  ","[""aghast(p)"",""appalled"",""dismayed"",""shocked""]","[]","5","high","WordNet 3.1; CMU Pronouncing Dictionary; cross-list GRE frequency ranking","https://github.com/Xatta-Trone/gre-words-collection","2026-07-16"
"vocab-0891","agitate","AE1 JH AH0 T EY2 T","verb","change the arrangement or position of  ","[""vex"",""disturb"",""commove"",""shake up"",""stir up"",""raise up"",""rouse"",""turn on"",""charge"",""excite""]","[""The speaker charged up the crowd with his inflammatory remarks""]","5","high","WordNet 3.1; CMU Pronouncing Dictionary; cross-list GRE frequency ranking","https://github.com/Xatta-Trone/gre-words-collection","2026-07-16"
"vocab-0892","allay","AH0 L EY1","verb","satisfy (thirst)","[""quench"",""slake"",""assuage"",""still"",""relieve"",""ease""]","[""The cold water quenched his thirst"",""The news eased my conscience"",""still the fears""]","5","high","WordNet 3.1; CMU Pronouncing Dictionary; cross-list GRE frequency ranking","https://github.com/Xatta-Trone/gre-words-collection","2026-07-16"
"vocab-0893","allege","AH0 L EH1 JH","verb","report or maintain","[""aver"",""say""]","[""He alleged that he was the victim of a crime"",""He said it was too late to intervene in the war"",""The registrar says that I owe the school money""]","5","high","WordNet 3.1; CMU Pronouncing Dictionary; cross-list GRE frequency ranking","https://github.com/Xatta-Trone/gre-words-collection","2026-07-16"
"vocab-0894","altruism","AE1 L T R UW0 IH2 Z AH0 M","noun","the quality of unselfish concern for the welfare of others  ","[""selflessness""]","[]","5","high","WordNet 3.1; CMU Pronouncing Dictionary; cross-list GRE frequency ranking","https://github.com/Xatta-Trone/gre-words-collection","2026-07-16"
"vocab-0895","amalgam","AH0 M AE1 L G AH0 M","noun","a combination or blend of diverse things","[""dental amalgam""]","[""his theory is an amalgam of earlier ideas"",""except for iron and platinum all metals dissolve in mercury and chemists refer to the resulting mercury mixtures as amalgams""]","5","high","WordNet 3.1; CMU Pronouncing Dictionary; cross-list GRE frequency ranking","https://github.com/Xatta-Trone/gre-words-collection","2026-07-16"
"vocab-0896","ambivalent","AE0 M B IH1 V AH0 L AH0 N T","adjective","uncertain or unable to decide about what course to follow","[]","[""was ambivalent about having children""]","5","high","WordNet 3.1; CMU Pronouncing Dictionary; cross-list GRE frequency ranking","https://github.com/Xatta-Trone/gre-words-collection","2026-07-16"
"vocab-0897","anesthetic","AE2 N AH0 S TH EH1 T IH0 K","noun","a drug that causes temporary loss of bodily sensations  ","[""anaesthetic"",""anesthetic agent"",""anaesthetic agent""]","[]","5","high","WordNet 3.1; CMU Pronouncing Dictionary; cross-list GRE frequency ranking","https://github.com/Xatta-Trone/gre-words-collection","2026-07-16"
"vocab-0898","animus","AE1 N IH0 M AH0 S","noun","a feeling of ill will arousing active hostility  ","[""animosity"",""bad blood""]","[]","5","high","WordNet 3.1; CMU Pronouncing Dictionary; cross-list GRE frequency ranking","https://github.com/Xatta-Trone/gre-words-collection","2026-07-16"
"vocab-0899","anoint","AH0 N OY1 N T","verb","administer an oil or ointment to","[""inunct"",""oil"",""anele"",""embrocate""]","[""often in a religious ceremony of blessing"",""She was anointed the head of the Christian fundamentalist group""]","5","high","WordNet 3.1; CMU Pronouncing Dictionary; cross-list GRE frequency ranking","https://github.com/Xatta-Trone/gre-words-collection","2026-07-16"
"vocab-0900","anthology","AE0 N TH AA1 L AH0 JH IY0","noun","a collection of selected literary passages  ","[]","[]","5","high","WordNet 3.1; CMU Pronouncing Dictionary; cross-list GRE frequency ranking","https://github.com/Xatta-Trone/gre-words-collection","2026-07-16"
"vocab-0901","apex","EY1 P EH2 K S","noun","the point on the celestial sphere toward which the sun and solar system appear to be moving relative to the fixed stars  ","[""solar apex"",""apex of the sun's way""]","[]","5","high","WordNet 3.1; CMU Pronouncing Dictionary; cross-list GRE frequency ranking","https://github.com/Xatta-Trone/gre-words-collection","2026-07-16"
"vocab-0902","apropos","AE2 P R AH0 P OW1","adjective","of an appropriate or pertinent nature  ","[]","[]","5","high","WordNet 3.1; CMU Pronouncing Dictionary; cross-list GRE frequency ranking","https://github.com/Xatta-Trone/gre-words-collection","2026-07-16"
"vocab-0903","artful","AA1 R T F AH0 L","adjective","marked by skill in achieving a desired end especially with cunning or craft","[]","[""the artful dodger"",""an artful choice of metaphors""]","5","high","WordNet 3.1; CMU Pronouncing Dictionary; cross-list GRE frequency ranking","https://github.com/Xatta-Trone/gre-words-collection","2026-07-16"
"vocab-0904","artifice","AA1 R T AH0 F IH0 S","noun","a deceptive maneuver (especially to avoid capture)  ","[""ruse""]","[]","5","high","WordNet 3.1; CMU Pronouncing Dictionary; cross-list GRE frequency ranking","https://github.com/Xatta-Trone/gre-words-collection","2026-07-16"
"vocab-0905","ascendancy","AH0 S EH1 N D AH0 N S IY0","noun","the state that exists when one person or group has power over another","[""dominance"",""ascendance"",""ascendence"",""ascendency"",""control""]","[""her apparent dominance of her husband was really her attempt to make him pay attention to her""]","5","high","WordNet 3.1; CMU Pronouncing Dictionary; cross-list GRE frequency ranking","https://github.com/Xatta-Trone/gre-words-collection","2026-07-16"
"vocab-0906","aspersion","AH0 S P ER1 ZH AH0 N","noun","the act of sprinkling water in baptism (rare)  ","[""sprinkling"",""calumny"",""slander"",""defamation"",""denigration"",""slur""]","[""in the 19th century any reference to female sexuality was considered a vile aspersion"",""it is difficult for a woman to understand a man's sensitivity to any slur on his virility""]","5","high","WordNet 3.1; CMU Pronouncing Dictionary; cross-list GRE frequency ranking","https://github.com/Xatta-Trone/gre-words-collection","2026-07-16"
"vocab-0907","assent","AH0 S EH1 N T","verb","to agree or express agreement","[""accede"",""acquiesce"",""acquiescence""]","[""The Maestro assented to the request for an encore"",""he gave his assent eagerly"",""a murmur of acquiescence from the assembly""]","5","high","WordNet 3.1; CMU Pronouncing Dictionary; cross-list GRE frequency ranking","https://github.com/Xatta-Trone/gre-words-collection","2026-07-16"
"vocab-0908","atavism","AE1 T AH0 V IH0 Z AH0 M","noun","a reappearance of an earlier characteristic  ","[""reversion"",""throwback""]","[]","5","high","WordNet 3.1; CMU Pronouncing Dictionary; cross-list GRE frequency ranking","https://github.com/Xatta-Trone/gre-words-collection","2026-07-16"
"vocab-0909","augury","","noun","an event that is experienced as indicating important things to come","[""sign"",""foretoken"",""preindication""]","[""he hoped it was an augury"",""it was a sign from God""]","5","high","WordNet 3.1; CMU Pronouncing Dictionary; cross-list GRE frequency ranking","https://github.com/Xatta-Trone/gre-words-collection","2026-07-16"
"vocab-0910","avert","AH0 V ER1 T","verb","turn away or aside","[""turn away""]","[""They averted their eyes when the King entered""]","5","high","WordNet 3.1; CMU Pronouncing Dictionary; cross-list GRE frequency ranking","https://github.com/Xatta-Trone/gre-words-collection","2026-07-16"
"vocab-0911","axiom","AE1 K S IY0 AH0 M","noun","(logic) a proposition that is not susceptible of proof or disproof","[]","[""its truth is assumed to be self-evident""]","5","high","WordNet 3.1; CMU Pronouncing Dictionary; cross-list GRE frequency ranking","https://github.com/Xatta-Trone/gre-words-collection","2026-07-16"
"vocab-0912","bane","B EY1 N","noun","something causing misery or death","[""curse"",""scourge"",""nemesis""]","[""the bane of my life""]","5","high","WordNet 3.1; CMU Pronouncing Dictionary; cross-list GRE frequency ranking","https://github.com/Xatta-Trone/gre-words-collection","2026-07-16"
"vocab-0913","beatific","","adjective","experiencing or bestowing celestial joy","[]","[""beatific peace""]","5","high","WordNet 3.1; CMU Pronouncing Dictionary; cross-list GRE frequency ranking","https://github.com/Xatta-Trone/gre-words-collection","2026-07-16"
"vocab-0914","begrudge","B IH0 G R AH1 JH","verb","wish ill or allow unwillingly  ","[""resent""]","[]","5","high","WordNet 3.1; CMU Pronouncing Dictionary; cross-list GRE frequency ranking","https://github.com/Xatta-Trone/gre-words-collection","2026-07-16"
"vocab-0915","beleaguer","B IH0 L IY1 G ER0","verb","surround so as to force to give up","[""besiege"",""surround"",""hem in"",""circumvent"",""tease"",""badger"",""pester"",""bug""]","[""The Turks besieged Vienna"",""The children teased the boy because of his stammer""]","5","high","WordNet 3.1; CMU Pronouncing Dictionary; cross-list GRE frequency ranking","https://github.com/Xatta-Trone/gre-words-collection","2026-07-16"
"vocab-0916","belittle","B IH0 L IH1 T AH0 L","verb","lessen the authority, dignity, or reputation of","[""diminish"",""disparage"",""pick at"",""minimize"",""denigrate"",""derogate""]","[""don't belittle your colleagues"",""She disparaged her student's efforts"",""play down"",""Don't belittle his influence""]","5","high","WordNet 3.1; CMU Pronouncing Dictionary; cross-list GRE frequency ranking","https://github.com/Xatta-Trone/gre-words-collection","2026-07-16"
"vocab-0917","benevolent","B AH0 N EH1 V AH0 L AH0 N T","adjective","generous in providing aid to others  ","[""freehearted""]","[""a benevolent society""]","5","high","WordNet 3.1; CMU Pronouncing Dictionary; cross-list GRE frequency ranking","https://github.com/Xatta-Trone/gre-words-collection","2026-07-16"
"vocab-0918","bent","B EH1 N T","adjective","of metal e.g.","[""crumpled"",""dented"",""bent on(p)"",""dead set(p)"",""out to(p)"",""knack"",""hang""]","[""bent nails"",""a car with a crumpled front end"",""dented fenders"",""bent on going to the theater""]","5","high","WordNet 3.1; CMU Pronouncing Dictionary; cross-list GRE frequency ranking","https://github.com/Xatta-Trone/gre-words-collection","2026-07-16"
"vocab-0919","bereft","B ER0 EH1 F T","adjective","unhappy in love","[""lovelorn"",""unbeloved""]","[""suffering from unrequited love""]","5","high","WordNet 3.1; CMU Pronouncing Dictionary; cross-list GRE frequency ranking","https://github.com/Xatta-Trone/gre-words-collection","2026-07-16"
"vocab-0920","beseech","B IY0 S IY1 CH","verb","ask for or request earnestly","[""bid"",""entreat"",""adjure"",""press"",""conjure""]","[""The prophet bid all people to become good persons""]","5","high","WordNet 3.1; CMU Pronouncing Dictionary; cross-list GRE frequency ranking","https://github.com/Xatta-Trone/gre-words-collection","2026-07-16"
"vocab-0921","besmirch","","verb","smear so as to make dirty or stained  ","[""smirch"",""defame"",""slander"",""asperse"",""denigrate"",""calumniate"",""smear"",""sully""]","[""attack the good name and reputation of someone"",""The journalists have defamed me!"",""The article in the paper sullied my reputation""]","5","high","WordNet 3.1; CMU Pronouncing Dictionary; cross-list GRE frequency ranking","https://github.com/Xatta-Trone/gre-words-collection","2026-07-16"
"vocab-0922","bilious","B IH1 L IY0 AH0 S","adjective","suffering from or suggesting a liver disorder or gastric distress  ","[""liverish"",""livery"",""biliary""]","[]","5","high","WordNet 3.1; CMU Pronouncing Dictionary; cross-list GRE frequency ranking","https://github.com/Xatta-Trone/gre-words-collection","2026-07-16"
"vocab-0923","bleak","B L IY1 K","adjective","unpleasantly cold and damp","[""cutting"",""raw""]","[""bleak winds of the North Atlantic""]","5","high","WordNet 3.1; CMU Pronouncing Dictionary; cross-list GRE frequency ranking","https://github.com/Xatta-Trone/gre-words-collection","2026-07-16"
"vocab-0924","blight","B L AY1 T","verb","cause to suffer a blight","[""plague""]","[""Too much rain may blight the garden with mold""]","5","high","WordNet 3.1; CMU Pronouncing Dictionary; cross-list GRE frequency ranking","https://github.com/Xatta-Trone/gre-words-collection","2026-07-16"
"vocab-0925","boor","B UH1 R","noun","a crude uncouth ill-bred person lacking culture or refinement  ","[""peasant"",""barbarian"",""churl"",""Goth"",""tyke"",""tike""]","[]","5","high","WordNet 3.1; CMU Pronouncing Dictionary; cross-list GRE frequency ranking","https://github.com/Xatta-Trone/gre-words-collection","2026-07-16"
"vocab-0926","bowdlerize","","verb","edit by omitting or modifying parts considered indelicate","[""bowdlerise"",""expurgate"",""castrate"",""shorten""]","[""bowdlerize a novel""]","5","high","WordNet 3.1; CMU Pronouncing Dictionary; cross-list GRE frequency ranking","https://github.com/Xatta-Trone/gre-words-collection","2026-07-16"
"vocab-0927","bravado","B R AH0 V AA1 D OW0","noun","a swaggering show of courage  ","[""bluster""]","[]","5","high","WordNet 3.1; CMU Pronouncing Dictionary; cross-list GRE frequency ranking","https://github.com/Xatta-Trone/gre-words-collection","2026-07-16"
"vocab-0928","brevity","B R EH1 V AH0 T IY0","noun","the attribute of being brief or fleeting  ","[""briefness"",""transience""]","[]","5","high","WordNet 3.1; CMU Pronouncing Dictionary; cross-list GRE frequency ranking","https://github.com/Xatta-Trone/gre-words-collection","2026-07-16"
"vocab-0929","broach","B R OW1 CH","verb","bring up a topic for discussion  ","[""initiate""]","[]","5","high","WordNet 3.1; CMU Pronouncing Dictionary; cross-list GRE frequency ranking","https://github.com/Xatta-Trone/gre-words-collection","2026-07-16"
"vocab-0930","buoyant","B OY1 AH0 N T","adjective","characterized by liveliness and lightheartedness","[""chirpy"",""perky"",""floaty""]","[""buoyant spirits"",""his quick wit and chirpy humor"",""looking bright and well and chirpy"",""a perky little widow in her 70s""]","5","high","WordNet 3.1; CMU Pronouncing Dictionary; cross-list GRE frequency ranking","https://github.com/Xatta-Trone/gre-words-collection","2026-07-16"
"vocab-0931","byzantine","B IH1 Z AH0 N T AY2 N","adjective","highly complex or intricate and occasionally devious","[""Byzantine"",""convoluted"",""involved"",""knotty"",""tangled"",""tortuous""]","[""the Byzantine tax structure"",""Byzantine methods for holding on to his chairmanship"",""convoluted legal language"",""convoluted reasoning""]","5","high","WordNet 3.1; CMU Pronouncing Dictionary; cross-list GRE frequency ranking","https://github.com/Xatta-Trone/gre-words-collection","2026-07-16"
"vocab-0932","cabal","K AH0 B AA1 L","noun","a clique (often secret) that seeks power usually through intrigue  ","[""faction"",""junto"",""camarilla""]","[]","5","high","WordNet 3.1; CMU Pronouncing Dictionary; cross-list GRE frequency ranking","https://github.com/Xatta-Trone/gre-words-collection","2026-07-16"
"vocab-0933","cacophony","K AE0 K AA1 F AH0 N IY0","noun","loud confusing disagreeable sounds  ","[]","[]","5","high","WordNet 3.1; CMU Pronouncing Dictionary; cross-list GRE frequency ranking","https://github.com/Xatta-Trone/gre-words-collection","2026-07-16"
"vocab-0934","cameo","K AE1 M IY0 OW2","noun","engraving or carving in low relief on a stone (as in a brooch or ring)  ","[]","[]","5","high","WordNet 3.1; CMU Pronouncing Dictionary; cross-list GRE frequency ranking","https://github.com/Xatta-Trone/gre-words-collection","2026-07-16"
"vocab-0935","candor","K AE1 N D ER0","noun","the quality of being honest and straightforward in attitude and speech  ","[""candour"",""candidness"",""frankness"",""directness"",""forthrightness""]","[]","5","high","WordNet 3.1; CMU Pronouncing Dictionary; cross-list GRE frequency ranking","https://github.com/Xatta-Trone/gre-words-collection","2026-07-16"
"vocab-0936","canon","K AE1 N AH0 N","noun","a collection of books accepted as holy scripture especially the books of the Bible recognized by any Christian church as genuine and inspired  ","[]","[]","5","high","WordNet 3.1; CMU Pronouncing Dictionary; cross-list GRE frequency ranking","https://github.com/Xatta-Trone/gre-words-collection","2026-07-16"
"vocab-0937","caprice","K AH0 P R IY1 S","noun","a sudden desire","[""impulse"",""whim""]","[""he bought it on an impulse""]","5","high","WordNet 3.1; CMU Pronouncing Dictionary; cross-list GRE frequency ranking","https://github.com/Xatta-Trone/gre-words-collection","2026-07-16"
"vocab-0938","captious","","adjective","tending to find and call attention to faults","[""faultfinding""]","[""a captious pedant"",""an excessively demanding and faultfinding tutor""]","5","high","WordNet 3.1; CMU Pronouncing Dictionary; cross-list GRE frequency ranking","https://github.com/Xatta-Trone/gre-words-collection","2026-07-16"
"vocab-0939","caricature","K EH1 R AH0 K AH0 CH ER0","verb","represent in or produce a caricature of","[""ape"",""imitation"",""impersonation""]","[""The drawing caricatured the President""]","5","high","WordNet 3.1; CMU Pronouncing Dictionary; cross-list GRE frequency ranking","https://github.com/Xatta-Trone/gre-words-collection","2026-07-16"
"vocab-0940","champion","CH AE1 M P IY0 AH0 N","adjective","holding first place in a contest","[""prizewinning"",""defend"",""fighter"",""hero"",""paladin""]","[""a champion show dog"",""a prizewinning wine""]","5","high","WordNet 3.1; CMU Pronouncing Dictionary; cross-list GRE frequency ranking","https://github.com/Xatta-Trone/gre-words-collection","2026-07-16"
"vocab-0941","chivalrous","","adjective","being attentive to women like an ideal knight  ","[""gallant"",""knightly""]","[]","5","high","WordNet 3.1; CMU Pronouncing Dictionary; cross-list GRE frequency ranking","https://github.com/Xatta-Trone/gre-words-collection","2026-07-16"
"vocab-0942","circumlocution","","noun","an indirect way of expressing something  ","[""indirect expression"",""periphrasis"",""ambage""]","[]","5","high","WordNet 3.1; CMU Pronouncing Dictionary; cross-list GRE frequency ranking","https://github.com/Xatta-Trone/gre-words-collection","2026-07-16"
"vocab-0943","clarion","K L EH1 R IY0 AH0 N","adjective","loud and clear","[]","[""a clarion call""]","5","high","WordNet 3.1; CMU Pronouncing Dictionary; cross-list GRE frequency ranking","https://github.com/Xatta-Trone/gre-words-collection","2026-07-16"
"vocab-0944","clemency","K L EH1 M AH0 N S IY0","noun","leniency and compassion shown toward offenders by a person or agency charged with administering justice","[""mercifulness"",""mercy""]","[""he threw himself on the mercy of the court""]","5","high","WordNet 3.1; CMU Pronouncing Dictionary; cross-list GRE frequency ranking","https://github.com/Xatta-Trone/gre-words-collection","2026-07-16"
"vocab-0945","cloying","K L OY1 IH0 NG","adjective","overly sweet  ","[""saccharine"",""syrupy"",""treacly""]","[]","5","high","WordNet 3.1; CMU Pronouncing Dictionary; cross-list GRE frequency ranking","https://github.com/Xatta-Trone/gre-words-collection","2026-07-16"
"vocab-0946","coagulate","K OW0 AE1 G Y AH0 L EY2 T","adjective","transformed from a liquid into a soft semisolid or solid mass","[""coagulated"",""curdled"",""grumous"",""grumose""]","[""coagulated blood"",""curdled milk"",""grumous blood""]","5","high","WordNet 3.1; CMU Pronouncing Dictionary; cross-list GRE frequency ranking","https://github.com/Xatta-Trone/gre-words-collection","2026-07-16"
"vocab-0947","coda","K OW1 D AH0","noun","the closing section of a musical composition  ","[""finale""]","[]","5","high","WordNet 3.1; CMU Pronouncing Dictionary; cross-list GRE frequency ranking","https://github.com/Xatta-Trone/gre-words-collection","2026-07-16"
"vocab-0948","colossal","K AH0 L AA1 S AH0 L","adjective","so great in size or force or extent as to elicit awe","[""prodigious"",""stupendous""]","[""colossal crumbling ruins of an ancient temple"",""has a colossal nerve"",""a prodigious storm"",""a stupendous field of grass""]","5","high","WordNet 3.1; CMU Pronouncing Dictionary; cross-list GRE frequency ranking","https://github.com/Xatta-Trone/gre-words-collection","2026-07-16"
"vocab-0949","compelling","K AH0 M P EH1 L IH0 NG","adjective","tending to persuade by forcefulness of argument","[]","[""new and compelling evidence"",""compelling ambition""]","5","high","WordNet 3.1; CMU Pronouncing Dictionary; cross-list GRE frequency ranking","https://github.com/Xatta-Trone/gre-words-collection","2026-07-16"
"vocab-0950","compendium","K AH0 M P EH1 N D IY0 AH0 M","noun","a concise but comprehensive summary of a larger work  ","[]","[]","5","high","WordNet 3.1; CMU Pronouncing Dictionary; cross-list GRE frequency ranking","https://github.com/Xatta-Trone/gre-words-collection","2026-07-16"
"vocab-0951","compound","K AA1 M P AW0 N D","adjective","consisting of two or more substances or ingredients or elements or parts","[""combine""]","[""soap is a compound substance"",""housetop is a compound word"",""a blackberry is a compound fruit"",""compound leaves are composed of several lobes""]","5","high","WordNet 3.1; CMU Pronouncing Dictionary; cross-list GRE frequency ranking","https://github.com/Xatta-Trone/gre-words-collection","2026-07-16"
"vocab-0952","comprehensive","K AA2 M P R IY0 HH EH1 N S IH0 V","adjective","broad in scope","[]","[""a comprehensive survey of world affairs"",""comprehensive coverage"",""a comprehensive history of the revolution"",""a comprehensive survey""]","5","high","WordNet 3.1; CMU Pronouncing Dictionary; cross-list GRE frequency ranking","https://github.com/Xatta-Trone/gre-words-collection","2026-07-16"
"vocab-0953","concur","K AH0 N K ER1","verb","happen simultaneously","[""coincide""]","[""The two events coincided""]","5","high","WordNet 3.1; CMU Pronouncing Dictionary; cross-list GRE frequency ranking","https://github.com/Xatta-Trone/gre-words-collection","2026-07-16"
"vocab-0954","confluence","K AA1 N F L UW0 AH0 N S","noun","a flowing together  ","[""conflux"",""merging"",""meeting""]","[""Pittsburgh is located at the confluence of the Allegheny and Monongahela rivers""]","5","high","WordNet 3.1; CMU Pronouncing Dictionary; cross-list GRE frequency ranking","https://github.com/Xatta-Trone/gre-words-collection","2026-07-16"
"vocab-0955","congeal","K AH0 N JH IY1 L","verb","become gelatinous","[""jell"",""set""]","[""the liquid jelled after we added the enzyme""]","5","high","WordNet 3.1; CMU Pronouncing Dictionary; cross-list GRE frequency ranking","https://github.com/Xatta-Trone/gre-words-collection","2026-07-16"
"vocab-0956","conscientious","K AA2 N SH IY0 EH1 N SH AH0 S","adjective","guided by or in accordance with conscience or sense of right and wrong","[""painstaking"",""scrupulous""]","[""a conscientious decision to speak out about injustice"",""conscientious application to the work at hand"",""painstaking research"",""scrupulous attention to details""]","5","high","WordNet 3.1; CMU Pronouncing Dictionary; cross-list GRE frequency ranking","https://github.com/Xatta-Trone/gre-words-collection","2026-07-16"
"vocab-0957","consensus","K AH0 N S EH1 N S AH0 S","noun","agreement in the judgment or opinion reached by a group as a whole","[]","[""the lack of consensus reflected differences in theoretical positions"",""those rights and obligations are based on an unstated consensus""]","5","high","WordNet 3.1; CMU Pronouncing Dictionary; cross-list GRE frequency ranking","https://github.com/Xatta-Trone/gre-words-collection","2026-07-16"
"vocab-0958","conservatory","K AH0 N S ER1 V AH0 T AO0 R IY0","noun","a greenhouse in which plants are arranged in a pleasing manner  ","[""hothouse"",""indoor garden"",""conservatoire""]","[]","5","high","WordNet 3.1; CMU Pronouncing Dictionary; cross-list GRE frequency ranking","https://github.com/Xatta-Trone/gre-words-collection","2026-07-16"
"vocab-0959","console","K AA1 N S OW0 L","noun","an ornamental scroll-shaped bracket (especially one used to support a wall fixture)","[]","[""the bust of Napoleon stood on a console""]","5","high","WordNet 3.1; CMU Pronouncing Dictionary; cross-list GRE frequency ranking","https://github.com/Xatta-Trone/gre-words-collection","2026-07-16"
"vocab-0960","conspire","K AH0 N S P AY1 ER0","verb","act in unison or agreement and in secret towards a deceitful or illegal purpose","[""collude"",""cabal"",""complot"",""conjure"",""machinate""]","[""The two companies conspired to cause the value of the stock to fall"",""They conspired to overthrow the government""]","5","high","WordNet 3.1; CMU Pronouncing Dictionary; cross-list GRE frequency ranking","https://github.com/Xatta-Trone/gre-words-collection","2026-07-16"
"vocab-0961","constituent","K AH0 N S T IH1 CH UW0 AH0 N T","noun","(grammar) a word or phrase or clause forming part of a larger grammatical construction  ","[""grammatical constituent""]","[""a citizen who is represented in a government by officials for whom he or she votes"",""needs continued support by constituents to be re-elected""]","5","high","WordNet 3.1; CMU Pronouncing Dictionary; cross-list GRE frequency ranking","https://github.com/Xatta-Trone/gre-words-collection","2026-07-16"
"vocab-0962","contiguous","K AH0 N T IH1 G Y UW0 AH0 S","adjective","very close or connected in space or time","[""immediate""]","[""contiguous events"",""immediate contact"",""the immediate vicinity"",""the immediate past""]","5","high","WordNet 3.1; CMU Pronouncing Dictionary; cross-list GRE frequency ranking","https://github.com/Xatta-Trone/gre-words-collection","2026-07-16"
"vocab-0963","contingent","K AH0 N T IH1 N JH AH0 N T","adjective","uncertain because of uncontrollable circumstances","[""contingent on(p)"",""contingent upon(p)"",""dependent on(p)"",""dependant on(p)"",""dependent upon(p)"",""dependant upon(p)"",""depending on(p)""]","[""the results of confession were not contingent, they were certain- George Eliot"",""arms sales contingent on the approval of congress"",""they had to plan for contingent expenses""]","5","high","WordNet 3.1; CMU Pronouncing Dictionary; cross-list GRE frequency ranking","https://github.com/Xatta-Trone/gre-words-collection","2026-07-16"
"vocab-0964","contravene","K AA1 N T R AH0 V IY2 N","verb","deny the truth of  ","[""contradict"",""negate"",""conflict"",""run afoul"",""infringe""]","[""He ran afoul of the law"",""This behavior conflicts with our rules""]","5","high","WordNet 3.1; CMU Pronouncing Dictionary; cross-list GRE frequency ranking","https://github.com/Xatta-Trone/gre-words-collection","2026-07-16"
"vocab-0965","convention","K AH0 N V EH1 N SH AH0 N","noun","the act of convening  ","[""convening"",""normal"",""pattern"",""rule"",""formula""]","[""the convention of not naming the main character"",""violence is the rule not the exception"",""his formula for impressing visitors""]","5","high","WordNet 3.1; CMU Pronouncing Dictionary; cross-list GRE frequency ranking","https://github.com/Xatta-Trone/gre-words-collection","2026-07-16"
"vocab-0966","conversant","K AH0 N V ER1 S AH0 N T","adjective","(usually followed by `with') well informed about or knowing thoroughly","[""conversant(p)"",""familiar(p)""]","[""conversant with business trends"",""familiar with the complex machinery"",""he was familiar with those roads""]","5","high","WordNet 3.1; CMU Pronouncing Dictionary; cross-list GRE frequency ranking","https://github.com/Xatta-Trone/gre-words-collection","2026-07-16"
"vocab-0967","corollary","K AO1 R AH0 L EH2 R IY0","noun","(logic) an inference that follows directly from the proof of another proposition  ","[]","[""blind jealousy is a frequent corollary of passionate love""]","5","high","WordNet 3.1; CMU Pronouncing Dictionary; cross-list GRE frequency ranking","https://github.com/Xatta-Trone/gre-words-collection","2026-07-16"
"vocab-0968","corporeal","","adjective","having material or physical form or substance","[""material""]","[""that which is created is of necessity corporeal and visible and tangible - Benjamin Jowett""]","5","high","WordNet 3.1; CMU Pronouncing Dictionary; cross-list GRE frequency ranking","https://github.com/Xatta-Trone/gre-words-collection","2026-07-16"
"vocab-0969","corpulent","","adjective","excessively fat","[""obese"",""weighty"",""rotund""]","[""a weighty man""]","5","high","WordNet 3.1; CMU Pronouncing Dictionary; cross-list GRE frequency ranking","https://github.com/Xatta-Trone/gre-words-collection","2026-07-16"
"vocab-0970","countenance","K AW1 N T AH0 N AH0 N S","noun","the human face (`kisser' and `smiler' and `mug' are informal terms for `face' and `phiz' is British)  ","[""physiognomy"",""phiz"",""visage"",""kisser"",""smiler"",""mug""]","[""a pleasant countenance"",""a stern visage""]","5","high","WordNet 3.1; CMU Pronouncing Dictionary; cross-list GRE frequency ranking","https://github.com/Xatta-Trone/gre-words-collection","2026-07-16"
"vocab-0971","cow","K AW1","noun","a large unpleasant woman  ","[""moo-cow""]","[]","5","high","WordNet 3.1; CMU Pronouncing Dictionary; cross-list GRE frequency ranking","https://github.com/Xatta-Trone/gre-words-collection","2026-07-16"
"vocab-0972","cunning","K AH1 N IH0 NG","adjective","attractive especially by means of smallness or prettiness or quaintness","[""cute""]","[""a cute kid with pigtails"",""a cute little apartment"",""cunning kittens"",""a cunning baby""]","5","high","WordNet 3.1; CMU Pronouncing Dictionary; cross-list GRE frequency ranking","https://github.com/Xatta-Trone/gre-words-collection","2026-07-16"
"vocab-0973","curtail","K ER0 T EY1 L","verb","terminate or abbreviate before its intended or proper end or its full extent","[""clip"",""cut short"",""restrict"",""curb"",""cut back""]","[""My speech was cut short"",""Personal freedom is curtailed in many countries"",""curtail drinking in school""]","5","high","WordNet 3.1; CMU Pronouncing Dictionary; cross-list GRE frequency ranking","https://github.com/Xatta-Trone/gre-words-collection","2026-07-16"
"vocab-0974","debacle","D AH0 B AA1 K AH0 L","noun","flooding caused by a tumultuous breakup of ice in a river during the spring or summer  ","[""fiasco""]","[]","5","high","WordNet 3.1; CMU Pronouncing Dictionary; cross-list GRE frequency ranking","https://github.com/Xatta-Trone/gre-words-collection","2026-07-16"
"vocab-0975","debonair","D EH2 B AH0 N EH1 R","adjective","having a sophisticated charm","[""debonaire"",""debonnaire"",""suave""]","[""a debonair gentleman""]","5","high","WordNet 3.1; CMU Pronouncing Dictionary; cross-list GRE frequency ranking","https://github.com/Xatta-Trone/gre-words-collection","2026-07-16"
"vocab-0976","decipher","D IH0 S AY1 F ER0","verb","read with difficulty","[""trace""]","[""Can you decipher this letter?"",""The archeologist traced the hieroglyphs""]","5","high","WordNet 3.1; CMU Pronouncing Dictionary; cross-list GRE frequency ranking","https://github.com/Xatta-Trone/gre-words-collection","2026-07-16"
"vocab-0977","declivity","","noun","a downward slope or bend  ","[""descent"",""fall"",""decline"",""declination"",""declension"",""downslope""]","[]","5","high","WordNet 3.1; CMU Pronouncing Dictionary; cross-list GRE frequency ranking","https://github.com/Xatta-Trone/gre-words-collection","2026-07-16"
"vocab-0978","decorous","D EH1 K ER0 AH0 S","adjective","characterized by propriety and dignity and good taste in manners and conduct","[]","[""the tete-a-tete was decorous in the extreme""]","5","high","WordNet 3.1; CMU Pronouncing Dictionary; cross-list GRE frequency ranking","https://github.com/Xatta-Trone/gre-words-collection","2026-07-16"
"vocab-0979","decry","D IH0 K R AY1","verb","express strong disapproval of","[""condemn"",""reprobate"",""objurgate"",""excoriate""]","[""We condemn the racism in South Africa"",""These ideas were reprobated""]","5","high","WordNet 3.1; CMU Pronouncing Dictionary; cross-list GRE frequency ranking","https://github.com/Xatta-Trone/gre-words-collection","2026-07-16"
"vocab-0980","default","D IH0 F AO1 L T","verb","fail to pay up  ","[""default on"",""nonpayment"",""nonremittal""]","[""he lost the game by default""]","5","high","WordNet 3.1; CMU Pronouncing Dictionary; cross-list GRE frequency ranking","https://github.com/Xatta-Trone/gre-words-collection","2026-07-16"
"vocab-0981","defer","D IH0 F ER1","verb","yield to another's wish or opinion","[""submit"",""bow"",""accede"",""give in"",""postpone"",""prorogue"",""hold over"",""put over"",""table"",""shelve""]","[""The government bowed to the military pressure"",""let's postpone the exam""]","5","high","WordNet 3.1; CMU Pronouncing Dictionary; cross-list GRE frequency ranking","https://github.com/Xatta-Trone/gre-words-collection","2026-07-16"
"vocab-0982","deft","D EH1 F T","adjective","skillful in physical movements","[""dexterous"",""dextrous""]","[""especially of the hands"",""a deft waiter"",""deft fingers massaged her face"",""dexterous of hand and inventive of mind""]","5","high","WordNet 3.1; CMU Pronouncing Dictionary; cross-list GRE frequency ranking","https://github.com/Xatta-Trone/gre-words-collection","2026-07-16"
"vocab-0983","delusion","D IH0 L UW1 ZH AH0 N","noun","the act of deluding","[""illusion"",""head game"",""hallucination"",""psychotic belief""]","[""deception by creating illusory ideas"",""he has delusions of competence"",""his dreams of vast wealth are a hallucination""]","5","high","WordNet 3.1; CMU Pronouncing Dictionary; cross-list GRE frequency ranking","https://github.com/Xatta-Trone/gre-words-collection","2026-07-16"
"vocab-0984","demure","D IH0 M Y UH1 R","adjective","affectedly modest or shy especially in a playful or provocative way  ","[""coy"",""overmodest""]","[]","5","high","WordNet 3.1; CMU Pronouncing Dictionary; cross-list GRE frequency ranking","https://github.com/Xatta-Trone/gre-words-collection","2026-07-16"
"vocab-0985","depose","D IH0 P OW1 Z","verb","force to leave (an office)  ","[""force out""]","[]","5","high","WordNet 3.1; CMU Pronouncing Dictionary; cross-list GRE frequency ranking","https://github.com/Xatta-Trone/gre-words-collection","2026-07-16"
"vocab-0986","deprecate","D EH1 P R AH0 K EY2 T","verb","belittle","[""depreciate"",""vilipend""]","[""The teacher should not deprecate his student's efforts"",""deplore""]","5","high","WordNet 3.1; CMU Pronouncing Dictionary; cross-list GRE frequency ranking","https://github.com/Xatta-Trone/gre-words-collection","2026-07-16"
"vocab-0987","desecrate","D EH0 Z AH0 K R EY1 T","verb","remove the consecration from a person or an object  ","[""unhallow"",""deconsecrate"",""profane"",""outrage"",""violate""]","[""desecrate a cemetery"",""violate the sanctity of the church"",""profane the name of God""]","5","high","WordNet 3.1; CMU Pronouncing Dictionary; cross-list GRE frequency ranking","https://github.com/Xatta-Trone/gre-words-collection","2026-07-16"
"vocab-0988","deterrent","D IH0 T ER1 R AH0 N T","adjective","tending to deter","[]","[""the deterrent effects of high prices""]","5","high","WordNet 3.1; CMU Pronouncing Dictionary; cross-list GRE frequency ranking","https://github.com/Xatta-Trone/gre-words-collection","2026-07-16"
"vocab-0989","devolve","D IH0 V AA1 L V","verb","grow worse","[""deteriorate"",""drop"",""degenerate""]","[""Her condition deteriorated"",""Conditions in the slums degenerated"",""The discussion devolved into a shouting match"",""The representative devolved his duties to his aides while he was in the hospital""]","5","high","WordNet 3.1; CMU Pronouncing Dictionary; cross-list GRE frequency ranking","https://github.com/Xatta-Trone/gre-words-collection","2026-07-16"
"vocab-0990","diffidence","","noun","lack of self-confidence  ","[""self-doubt"",""self-distrust""]","[]","5","high","WordNet 3.1; CMU Pronouncing Dictionary; cross-list GRE frequency ranking","https://github.com/Xatta-Trone/gre-words-collection","2026-07-16"
"vocab-0991","dilate","D AY2 L EY1 T","verb","become wider","[""distend""]","[""His pupils were dilated""]","5","high","WordNet 3.1; CMU Pronouncing Dictionary; cross-list GRE frequency ranking","https://github.com/Xatta-Trone/gre-words-collection","2026-07-16"
"vocab-0992","din","D IH1 N","verb","instill (into a person) by constant repetition","[]","[""he dinned the lessons into his students""]","5","high","WordNet 3.1; CMU Pronouncing Dictionary; cross-list GRE frequency ranking","https://github.com/Xatta-Trone/gre-words-collection","2026-07-16"
"vocab-0993","discordant","D IH0 S K AO1 R D AH0 N T","adjective","lacking in harmony  ","[""disharmonious"",""dissonant"",""inharmonic""]","[""views discordant with present-day ideas""]","5","high","WordNet 3.1; CMU Pronouncing Dictionary; cross-list GRE frequency ranking","https://github.com/Xatta-Trone/gre-words-collection","2026-07-16"
"vocab-0994","disdain","D IH0 S D EY1 N","verb","reject with contempt","[""reject"",""spurn"",""freeze off"",""scorn"",""pooh-pooh"",""turn down"",""contemn"",""despise"",""condescension"",""patronage""]","[""She spurned his advances"",""He despises the people he has to work for"",""The professor scorns the students who don't catch on immediately""]","5","high","WordNet 3.1; CMU Pronouncing Dictionary; cross-list GRE frequency ranking","https://github.com/Xatta-Trone/gre-words-collection","2026-07-16"
"vocab-0995","disenfranchise","D IH0 S IH0 N F R AE1 N CH AY2 Z","verb","deprive of voting rights  ","[""disfranchise""]","[]","5","high","WordNet 3.1; CMU Pronouncing Dictionary; cross-list GRE frequency ranking","https://github.com/Xatta-Trone/gre-words-collection","2026-07-16"
"vocab-0996","distort","D IH0 S T AO1 R T","verb","alter the shape of (something) by stress","[""deform"",""strain"",""tinge"",""color"",""colour"",""contort"",""wring""]","[""His body was deformed by leprosy"",""My personal feelings color my judgment in this case"",""The sadness tinged his life""]","5","high","WordNet 3.1; CMU Pronouncing Dictionary; cross-list GRE frequency ranking","https://github.com/Xatta-Trone/gre-words-collection","2026-07-16"
"vocab-0997","diverge","D IH0 V ER1 JH","verb","extend in a different direction","[]","[""The lines start to diverge here"",""Their interests diverged"",""The two paths diverge here""]","5","high","WordNet 3.1; CMU Pronouncing Dictionary; cross-list GRE frequency ranking","https://github.com/Xatta-Trone/gre-words-collection","2026-07-16"
"vocab-0998","doctrinaire","D AA2 K T R AH0 N EH1 R","adjective","stubbornly insistent on theory without regard for practicality or suitability  ","[]","[]","5","high","WordNet 3.1; CMU Pronouncing Dictionary; cross-list GRE frequency ranking","https://github.com/Xatta-Trone/gre-words-collection","2026-07-16"
"vocab-0999","dogged","D AO1 G D","adjective","stubbornly unyielding","[""dour"",""persistent"",""pertinacious"",""tenacious"",""unyielding""]","[""dogged persistence"",""dour determination"",""the most vocal and pertinacious of all the critics"",""a mind not gifted to discover truth but tenacious to hold it- T.S.Eliot""]","5","high","WordNet 3.1; CMU Pronouncing Dictionary; cross-list GRE frequency ranking","https://github.com/Xatta-Trone/gre-words-collection","2026-07-16"
"vocab-1000","duress","D UH1 R EH0 S","noun","compulsory force or threat","[]","[""confessed under duress""]","5","high","WordNet 3.1; CMU Pronouncing Dictionary; cross-list GRE frequency ranking","https://github.com/Xatta-Trone/gre-words-collection","2026-07-16"
"vocab-1001","effete","EH0 F IY1 T","adjective","deprived of vigor and the ability to be effective","[]","[""fundamentalism has flowered because it has concluded that liberalism is effete, ineffectual and impoverished"",""the young man spoke in effete, accented English""]","5","high","WordNet 3.1; CMU Pronouncing Dictionary; cross-list GRE frequency ranking","https://github.com/Xatta-Trone/gre-words-collection","2026-07-16"
"vocab-1002","efficacious","EH2 F AH0 K EY1 SH AH0 S","adjective","marked by qualities giving the power to produce an intended effect","[]","[""written propaganda is less efficacious than the habits and prejudices...of the readers-Aldous Huxley"",""the medicine is efficacious in stopping a cough""]","5","high","WordNet 3.1; CMU Pronouncing Dictionary; cross-list GRE frequency ranking","https://github.com/Xatta-Trone/gre-words-collection","2026-07-16"
"vocab-1003","effluvium","","noun","a foul-smelling outflow or vapor (especially a gaseous waste)  ","[]","[]","5","high","WordNet 3.1; CMU Pronouncing Dictionary; cross-list GRE frequency ranking","https://github.com/Xatta-Trone/gre-words-collection","2026-07-16"
"vocab-1004","embroil","EH0 M B R OY1 L","verb","force into some kind of situation, condition, or course of action","[""tangle"",""sweep"",""sweep up"",""drag"",""drag in""]","[""They were swept up by the events"",""don't drag me into this business""]","5","high","WordNet 3.1; CMU Pronouncing Dictionary; cross-list GRE frequency ranking","https://github.com/Xatta-Trone/gre-words-collection","2026-07-16"
"vocab-1005","encomium","EH0 N K AO1 M IH2 AH0 M","noun","a formal expression of praise  ","[""eulogy"",""panegyric"",""paean"",""pean""]","[]","5","high","WordNet 3.1; CMU Pronouncing Dictionary; cross-list GRE frequency ranking","https://github.com/Xatta-Trone/gre-words-collection","2026-07-16"
"vocab-1006","enhance","EH0 N HH AE1 N S","verb","make better or more attractive","[""heighten"",""raise""]","[""This sauce will enhance the flavor of the meat"",""This will enhance your enjoyment"",""heighten the tension""]","5","high","WordNet 3.1; CMU Pronouncing Dictionary; cross-list GRE frequency ranking","https://github.com/Xatta-Trone/gre-words-collection","2026-07-16"
"vocab-1007","ennui","EH0 N UW1 IY0","noun","the feeling of being bored by something tedious  ","[""boredom"",""tedium""]","[]","5","high","WordNet 3.1; CMU Pronouncing Dictionary; cross-list GRE frequency ranking","https://github.com/Xatta-Trone/gre-words-collection","2026-07-16"
"vocab-1008","enormity","IH0 N AO1 R M AH0 T IY0","noun","an act of extreme wickedness  ","[]","[""in careful usage the noun enormity is not used to express the idea of great size"",""universities recognized the enormity of their task""]","5","high","WordNet 3.1; CMU Pronouncing Dictionary; cross-list GRE frequency ranking","https://github.com/Xatta-Trone/gre-words-collection","2026-07-16"
"vocab-1009","entice","IH0 N T AY1 S","verb","provoke someone to do something through (often false or exaggerated) promises or persuasion","[""lure"",""tempt""]","[""He lured me into temptation""]","5","high","WordNet 3.1; CMU Pronouncing Dictionary; cross-list GRE frequency ranking","https://github.com/Xatta-Trone/gre-words-collection","2026-07-16"
"vocab-1010","entreat","","verb","ask for or request earnestly","[""bid"",""beseech"",""adjure"",""press"",""conjure""]","[""The prophet bid all people to become good persons""]","5","high","WordNet 3.1; CMU Pronouncing Dictionary; cross-list GRE frequency ranking","https://github.com/Xatta-Trone/gre-words-collection","2026-07-16"
"vocab-1011","epitome","IH0 P IH1 T AH0 M IY0","noun","a brief abstract (as of an article or book)  ","[]","[]","5","high","WordNet 3.1; CMU Pronouncing Dictionary; cross-list GRE frequency ranking","https://github.com/Xatta-Trone/gre-words-collection","2026-07-16"
"vocab-1012","equable","EH1 K W AH0 B AH0 L","adjective","not easily irritated","[""even-tempered"",""good-tempered"",""placid""]","[""an equable temper"",""not everyone shared his placid temperament"",""remained placid despite the repeated delays"",""an equable climate""]","5","high","WordNet 3.1; CMU Pronouncing Dictionary; cross-list GRE frequency ranking","https://github.com/Xatta-Trone/gre-words-collection","2026-07-16"
"vocab-1013","eradicate","IH0 R AE1 D AH0 K EY2 T","verb","destroy completely, as if down to the roots","[""uproot"",""extirpate"",""root out"",""exterminate"",""eliminate"",""annihilate"",""extinguish"",""wipe out"",""decimate"",""carry off""]","[""the vestiges of political democracy were soon uprooted"",""root out corruption"",""the plague wiped out an entire population""]","5","high","WordNet 3.1; CMU Pronouncing Dictionary; cross-list GRE frequency ranking","https://github.com/Xatta-Trone/gre-words-collection","2026-07-16"
"vocab-1014","erroneous","EH0 R OW1 N IY0 AH0 S","adjective","containing or characterized by error","[]","[""erroneous conclusions""]","5","high","WordNet 3.1; CMU Pronouncing Dictionary; cross-list GRE frequency ranking","https://github.com/Xatta-Trone/gre-words-collection","2026-07-16"
"vocab-1015","euphoria","Y UW0 F AO1 R IY0 AH0","noun","a feeling of great (usually exaggerated) elation  ","[""euphory""]","[]","5","high","WordNet 3.1; CMU Pronouncing Dictionary; cross-list GRE frequency ranking","https://github.com/Xatta-Trone/gre-words-collection","2026-07-16"
"vocab-1016","evasive","IH0 V EY1 Z IH0 V","adjective","avoiding or escaping from difficulty or danger especially enemy fire","[]","[""pilots are taught to take evasive action"",""his answers were brief, constrained and evasive"",""an evasive statement""]","5","high","WordNet 3.1; CMU Pronouncing Dictionary; cross-list GRE frequency ranking","https://github.com/Xatta-Trone/gre-words-collection","2026-07-16"
"vocab-1017","evoke","IH0 V OW1 K","verb","call to mind","[""suggest"",""paint a picture"",""raise"",""conjure"",""conjure up"",""invoke"",""stir"",""call down"",""arouse"",""bring up""]","[""this remark evoked sadness"",""raise the specter of unemployment"",""he conjured wild birds in the air"",""call down the spirits from the mountain""]","5","high","WordNet 3.1; CMU Pronouncing Dictionary; cross-list GRE frequency ranking","https://github.com/Xatta-Trone/gre-words-collection","2026-07-16"
"vocab-1018","exemplify","IH0 G Z EH1 M P L AH0 F AY2","verb","clarify by giving an example of  ","[""illustrate"",""instance"",""represent""]","[""This compositional style is exemplified by this fugue""]","5","high","WordNet 3.1; CMU Pronouncing Dictionary; cross-list GRE frequency ranking","https://github.com/Xatta-Trone/gre-words-collection","2026-07-16"
"vocab-1019","exigency","EH2 K S IH1 JH AH0 N S IY0","noun","a pressing or urgent situation","[]","[""the health-care exigency""]","5","high","WordNet 3.1; CMU Pronouncing Dictionary; cross-list GRE frequency ranking","https://github.com/Xatta-Trone/gre-words-collection","2026-07-16"
"vocab-1020","exotic","IH0 G Z AA1 T IH0 K","adjective","strikingly strange or unusual","[]","[""an exotic hair style"",""protons, neutrons, electrons and all their exotic variants"",""the exotic landscape of a dead planet""]","5","high","WordNet 3.1; CMU Pronouncing Dictionary; cross-list GRE frequency ranking","https://github.com/Xatta-Trone/gre-words-collection","2026-07-16"
"vocab-1021","expansive","IH0 K S P AE1 N S IH0 V","adjective","friendly and open and willing to talk","[""talkative"",""grand"",""heroic""]","[""wine made the guest expansive"",""an expansive lifestyle"",""in the grand manner"",""collecting on a grand scale""]","5","high","WordNet 3.1; CMU Pronouncing Dictionary; cross-list GRE frequency ranking","https://github.com/Xatta-Trone/gre-words-collection","2026-07-16"
"vocab-1022","expatiate","","verb","add details, as to an account or idea","[""elaborate"",""lucubrate"",""exposit"",""enlarge"",""flesh out"",""expand"",""expound"",""dilate""]","[""clarify the meaning of and discourse in a learned way, usually in writing"",""She elaborated on the main ideas in her dissertation""]","5","high","WordNet 3.1; CMU Pronouncing Dictionary; cross-list GRE frequency ranking","https://github.com/Xatta-Trone/gre-words-collection","2026-07-16"
"vocab-1023","expedient","IH0 K S P IY1 D IY0 AH0 N T","adjective","appropriate to a purpose","[]","[""practical"",""in the circumstances it was expedient to express loyalty"",""was merciful only when mercy was expedient"",""not necessarily a principled or ethical one""]","5","high","WordNet 3.1; CMU Pronouncing Dictionary; cross-list GRE frequency ranking","https://github.com/Xatta-Trone/gre-words-collection","2026-07-16"
"vocab-1024","expedite","EH1 K S P IH0 D AY2 T","verb","process fast and efficiently","[""hasten""]","[""I will try to expedite the matter"",""facilitate"",""This should expedite the process""]","5","high","WordNet 3.1; CMU Pronouncing Dictionary; cross-list GRE frequency ranking","https://github.com/Xatta-Trone/gre-words-collection","2026-07-16"
"vocab-1025","expiate","EH1 K S P IY0 EY2 T","verb","make amends for","[""aby"",""abye"",""atone""]","[""expiate one's sins""]","5","high","WordNet 3.1; CMU Pronouncing Dictionary; cross-list GRE frequency ranking","https://github.com/Xatta-Trone/gre-words-collection","2026-07-16"
"vocab-1026","explicate","EH1 K S P L AH0 K EY2 T","verb","elaborate, as of theories and hypotheses","[""formulate"",""develop""]","[""Could you develop the ideas in your thesis""]","5","high","WordNet 3.1; CMU Pronouncing Dictionary; cross-list GRE frequency ranking","https://github.com/Xatta-Trone/gre-words-collection","2026-07-16"
"vocab-1027","extenuate","IH0 K S T EH1 N Y UW0 EY2 T","verb","lessen or to try to lessen the seriousness or extent of","[""palliate"",""mitigate""]","[""The circumstances extenuate the crime""]","5","high","WordNet 3.1; CMU Pronouncing Dictionary; cross-list GRE frequency ranking","https://github.com/Xatta-Trone/gre-words-collection","2026-07-16"
"vocab-1028","extort","EH0 K S T AO1 R T","verb","get or cause to become in a difficult or laborious manner  ","[""wring from"",""squeeze"",""rack"",""gouge"",""wring""]","[""They extorted money from the executive by threatening to reveal his past to the company boss"",""They squeezed money from the owner of the business by threatening him""]","5","high","WordNet 3.1; CMU Pronouncing Dictionary; cross-list GRE frequency ranking","https://github.com/Xatta-Trone/gre-words-collection","2026-07-16"
"vocab-1029","extrapolate","EH0 K S T R AE1 P AH0 L EY2 T","verb","gain knowledge of (an area not known or experienced) by extrapolating  ","[]","[]","5","high","WordNet 3.1; CMU Pronouncing Dictionary; cross-list GRE frequency ranking","https://github.com/Xatta-Trone/gre-words-collection","2026-07-16"
"vocab-1030","fabricate","F AE1 B R AH0 K EY2 T","verb","concoct something artificial or untrue  ","[""manufacture"",""cook up"",""make up"",""invent""]","[]","5","high","WordNet 3.1; CMU Pronouncing Dictionary; cross-list GRE frequency ranking","https://github.com/Xatta-Trone/gre-words-collection","2026-07-16"
"vocab-1031","factitious","F AE0 K T IH1 SH AH0 S","adjective","not produced by natural forces","[]","[""brokers created a factitious demand for stocks""]","5","high","WordNet 3.1; CMU Pronouncing Dictionary; cross-list GRE frequency ranking","https://github.com/Xatta-Trone/gre-words-collection","2026-07-16"
"vocab-1032","fallacy","F AE1 L AH0 S IY0","noun","a misconception resulting from incorrect reasoning  ","[""false belief""]","[]","5","high","WordNet 3.1; CMU Pronouncing Dictionary; cross-list GRE frequency ranking","https://github.com/Xatta-Trone/gre-words-collection","2026-07-16"
"vocab-1033","fallible","F AE1 L AH0 B AH0 L","adjective","wanting in moral strength, courage, or will","[""frail"",""imperfect"",""weak""]","[""having the attributes of man as opposed to e.g. divine beings"",""I'm only a fallible human"",""frail humanity"",""everyone is fallible to some degree""]","5","high","WordNet 3.1; CMU Pronouncing Dictionary; cross-list GRE frequency ranking","https://github.com/Xatta-Trone/gre-words-collection","2026-07-16"
"vocab-1034","feasible","F IY1 Z AH0 B AH0 L","adjective","capable of being done with means at hand and circumstances as they are  ","[""executable"",""practicable"",""viable"",""workable""]","[]","5","high","WordNet 3.1; CMU Pronouncing Dictionary; cross-list GRE frequency ranking","https://github.com/Xatta-Trone/gre-words-collection","2026-07-16"
"vocab-1035","fete","F EY1 T","noun","an elaborate party (often outdoors)  ","[""feast"",""fiesta""]","[]","5","high","WordNet 3.1; CMU Pronouncing Dictionary; cross-list GRE frequency ranking","https://github.com/Xatta-Trone/gre-words-collection","2026-07-16"
"vocab-1036","fetid","F EH1 T AH0 D","adjective","offensively malodorous","[""foetid"",""foul"",""foul-smelling"",""funky"",""noisome"",""smelly"",""stinking"",""ill-scented""]","[""a foul odor"",""the kitchen smelled really funky""]","5","high","WordNet 3.1; CMU Pronouncing Dictionary; cross-list GRE frequency ranking","https://github.com/Xatta-Trone/gre-words-collection","2026-07-16"
"vocab-1037","fiasco","F IY0 AE1 S K OW0","noun","a sudden and violent collapse  ","[""debacle""]","[]","5","high","WordNet 3.1; CMU Pronouncing Dictionary; cross-list GRE frequency ranking","https://github.com/Xatta-Trone/gre-words-collection","2026-07-16"
"vocab-1038","figurative","F IH1 G Y ER0 AH0 T IH0 V","adjective","(used of the meanings of words or text) not literal","[""nonliteral""]","[""using figures of speech"",""figurative language""]","5","high","WordNet 3.1; CMU Pronouncing Dictionary; cross-list GRE frequency ranking","https://github.com/Xatta-Trone/gre-words-collection","2026-07-16"
"vocab-1039","filibuster","F IH1 L AH0 B AH2 S T ER0","verb","obstruct deliberately by delaying  ","[""filibusterer""]","[]","5","high","WordNet 3.1; CMU Pronouncing Dictionary; cross-list GRE frequency ranking","https://github.com/Xatta-Trone/gre-words-collection","2026-07-16"
"vocab-1040","finesse","F IH0 N EH1 S","noun","subtly skillful handling of a situation  ","[""delicacy"",""diplomacy"",""discreetness""]","[]","5","high","WordNet 3.1; CMU Pronouncing Dictionary; cross-list GRE frequency ranking","https://github.com/Xatta-Trone/gre-words-collection","2026-07-16"
"vocab-1041","firebrand","F AY1 ER0 B R AE2 N D","noun","someone who deliberately foments trouble","[""instigator"",""provoker"",""inciter"",""instigant"",""brand""]","[""she was the instigator of their quarrel""]","5","high","WordNet 3.1; CMU Pronouncing Dictionary; cross-list GRE frequency ranking","https://github.com/Xatta-Trone/gre-words-collection","2026-07-16"
"vocab-1042","fluctuate","F L AH1 K CH AH0 W EY2 T","verb","be unstable","[""vacillate"",""waver""]","[""The stock market fluctuates"",""the line on the monitor vacillated""]","5","high","WordNet 3.1; CMU Pronouncing Dictionary; cross-list GRE frequency ranking","https://github.com/Xatta-Trone/gre-words-collection","2026-07-16"
"vocab-1043","flux","F L AH1 K S","noun","in constant change","[""state of flux""]","[""his opinions are in flux"",""the newness and flux of the computer industry"",""the flux following the death of the emperor""]","5","high","WordNet 3.1; CMU Pronouncing Dictionary; cross-list GRE frequency ranking","https://github.com/Xatta-Trone/gre-words-collection","2026-07-16"
"vocab-1044","foil","F OY1 L","verb","cover or back with foil","[]","[""foil mirrors"",""In this picture, the figures are foiled against the background""]","5","high","WordNet 3.1; CMU Pronouncing Dictionary; cross-list GRE frequency ranking","https://github.com/Xatta-Trone/gre-words-collection","2026-07-16"
"vocab-1045","forbearance","F AO0 R B EH1 R AH0 N S","noun","a delay in enforcing rights or claims or privileges","[]","[""refraining from acting"",""his forbearance to reply was alarming""]","5","high","WordNet 3.1; CMU Pronouncing Dictionary; cross-list GRE frequency ranking","https://github.com/Xatta-Trone/gre-words-collection","2026-07-16"
"vocab-1046","formidable","F AO1 R M AH0 D AH0 B AH0 L","adjective","inspiring fear","[""redoubtable"",""unnerving""]","[""the formidable prospect of major surgery"",""a tougher and more redoubtable adversary than the heel-clicking, jackbooted fanatic- G.H.Johnston"",""something unnerving and prisonlike about high grey wall"",""a formidable opponent""]","5","high","WordNet 3.1; CMU Pronouncing Dictionary; cross-list GRE frequency ranking","https://github.com/Xatta-Trone/gre-words-collection","2026-07-16"
"vocab-1047","fortitude","F AO1 R T IH0 T UW2 D","noun","strength of mind that enables one to endure adversity with courage  ","[]","[]","5","high","WordNet 3.1; CMU Pronouncing Dictionary; cross-list GRE frequency ranking","https://github.com/Xatta-Trone/gre-words-collection","2026-07-16"
"vocab-1048","foster","F AA1 S T ER0","adjective","providing or receiving nurture or parental care though not related by blood or legal ties","[""surrogate"",""nurture""]","[""foster parent"",""foster child"",""foster home"",""surrogate father""]","5","high","WordNet 3.1; CMU Pronouncing Dictionary; cross-list GRE frequency ranking","https://github.com/Xatta-Trone/gre-words-collection","2026-07-16"
"vocab-1049","fracas","F R EY1 K AH0 S","noun","noisy quarrel  ","[""affray"",""altercation""]","[]","5","high","WordNet 3.1; CMU Pronouncing Dictionary; cross-list GRE frequency ranking","https://github.com/Xatta-Trone/gre-words-collection","2026-07-16"
"vocab-1050","fraught","F R AO1 T","adjective","marked by distress","[]","[""a fraught mother-daughter relationship""]","5","high","WordNet 3.1; CMU Pronouncing Dictionary; cross-list GRE frequency ranking","https://github.com/Xatta-Trone/gre-words-collection","2026-07-16"
"vocab-1051","frenetic","F R AH0 N EH1 T IH0 K","adjective","excessively agitated","[""frantic"",""phrenetic"",""frenzied""]","[""distraught with fear or other violent emotion"",""frantic with anger and frustration"",""frenetic screams followed the accident"",""a frenzied look in his eye""]","5","high","WordNet 3.1; CMU Pronouncing Dictionary; cross-list GRE frequency ranking","https://github.com/Xatta-Trone/gre-words-collection","2026-07-16"
"vocab-1052","fresco","F R EH1 S K OW0","verb","paint onto wet plaster on a wall  ","[]","[]","5","high","WordNet 3.1; CMU Pronouncing Dictionary; cross-list GRE frequency ranking","https://github.com/Xatta-Trone/gre-words-collection","2026-07-16"
"vocab-1053","fringe","F R IH1 N JH","verb","decorate with or as if with a surrounding fringe","[]","[""fur fringed the hem of the dress"",""The weaver fringed the scarf""]","5","high","WordNet 3.1; CMU Pronouncing Dictionary; cross-list GRE frequency ranking","https://github.com/Xatta-Trone/gre-words-collection","2026-07-16"
"vocab-1054","gall","G AO1 L","verb","irritate or vex","[""irk""]","[""It galls me that we lost the suit""]","5","high","WordNet 3.1; CMU Pronouncing Dictionary; cross-list GRE frequency ranking","https://github.com/Xatta-Trone/gre-words-collection","2026-07-16"
"vocab-1055","garner","G AA1 R N ER0","verb","store grain  ","[]","[]","5","high","WordNet 3.1; CMU Pronouncing Dictionary; cross-list GRE frequency ranking","https://github.com/Xatta-Trone/gre-words-collection","2026-07-16"
"vocab-1056","genial","JH IY1 N Y AH0 L","adjective","of or relating to the chin or median part of the lower jaw  ","[""mental""]","[]","5","high","WordNet 3.1; CMU Pronouncing Dictionary; cross-list GRE frequency ranking","https://github.com/Xatta-Trone/gre-words-collection","2026-07-16"
"vocab-1057","gerrymander","JH EH1 R IY0 M AE2 N D ER0","verb","divide unfairly and to one's advantage","[]","[""of voting districts""]","5","high","WordNet 3.1; CMU Pronouncing Dictionary; cross-list GRE frequency ranking","https://github.com/Xatta-Trone/gre-words-collection","2026-07-16"
"vocab-1058","gibe","JH AY1 B","verb","laugh at with contempt and derision","[""jeer"",""scoff"",""flout"",""barrack"",""match"",""fit"",""correspond"",""check"",""jibe"",""tally""]","[""The crowd jeered at the speaker"",""coincide in their characteristics"",""The two stories don't agree in many details"",""The handwriting checks with the signature on the check""]","5","high","WordNet 3.1; CMU Pronouncing Dictionary; cross-list GRE frequency ranking","https://github.com/Xatta-Trone/gre-words-collection","2026-07-16"
"vocab-1059","gist","JH IH1 S T","noun","the choicest or most essential or most vital part of some idea or experience","[""kernel"",""substance"",""core"",""center"",""centre"",""essence"",""heart"",""heart and soul"",""inwardness"",""marrow""]","[""the gist of the prosecutor's argument"",""the heart and soul of the Republican Party"",""the nub of the story""]","5","high","WordNet 3.1; CMU Pronouncing Dictionary; cross-list GRE frequency ranking","https://github.com/Xatta-Trone/gre-words-collection","2026-07-16"
"vocab-1060","glower","G L AW1 ER0","verb","look at with a fixed gaze","[""glare""]","[""The girl glared at the man who tried to make a pass at her""]","5","high","WordNet 3.1; CMU Pronouncing Dictionary; cross-list GRE frequency ranking","https://github.com/Xatta-Trone/gre-words-collection","2026-07-16"
"vocab-1061","glut","G L AH1 T","noun","the quality of being so overabundant that prices fall  ","[""oversupply"",""surfeit""]","[]","5","high","WordNet 3.1; CMU Pronouncing Dictionary; cross-list GRE frequency ranking","https://github.com/Xatta-Trone/gre-words-collection","2026-07-16"
"vocab-1062","gouge","G AW1 JH","verb","force with the thumb","[""force out""]","[""gouge out his eyes""]","5","high","WordNet 3.1; CMU Pronouncing Dictionary; cross-list GRE frequency ranking","https://github.com/Xatta-Trone/gre-words-collection","2026-07-16"
"vocab-1063","gradation","G R EY0 D EY1 SH AH0 N","noun","the act of arranging in grades  ","[""graduation"",""step""]","[""always a step behind"",""subtle gradations in color"",""keep in step with the fashions""]","5","high","WordNet 3.1; CMU Pronouncing Dictionary; cross-list GRE frequency ranking","https://github.com/Xatta-Trone/gre-words-collection","2026-07-16"
"vocab-1064","gratify","G R AE1 T AH0 F AY2","verb","yield (to)","[""pander"",""indulge""]","[""give satisfaction to""]","5","high","WordNet 3.1; CMU Pronouncing Dictionary; cross-list GRE frequency ranking","https://github.com/Xatta-Trone/gre-words-collection","2026-07-16"
"vocab-1065","grisly","G R IH1 Z L IY0","adjective","shockingly repellent","[""ghastly"",""grim"",""gruesome"",""macabre"",""sick""]","[""inspiring horror"",""ghastly wounds"",""the grim aftermath of the bombing"",""the grim task of burying the victims""]","5","high","WordNet 3.1; CMU Pronouncing Dictionary; cross-list GRE frequency ranking","https://github.com/Xatta-Trone/gre-words-collection","2026-07-16"
"vocab-1066","guileless","G AY1 L L AH0 S","adjective","free of deceit  ","[""transparent""]","[]","5","high","WordNet 3.1; CMU Pronouncing Dictionary; cross-list GRE frequency ranking","https://github.com/Xatta-Trone/gre-words-collection","2026-07-16"
"vocab-1067","hale","HH EY1 L","adjective","exhibiting or restored to vigorous good health","[""whole""]","[""hale and hearty"",""whole in mind and body"",""a whole person again""]","5","high","WordNet 3.1; CMU Pronouncing Dictionary; cross-list GRE frequency ranking","https://github.com/Xatta-Trone/gre-words-collection","2026-07-16"
"vocab-1068","hapless","HH AE1 P L AH0 S","adjective","deserving or inciting pity","[""miserable"",""misfortunate"",""pathetic"",""piteous"",""pitiable"",""pitiful"",""poor"",""wretched""]","[""a hapless victim"",""miserable victims of war"",""the shabby room struck her as extraordinarily pathetic- Galsworthy"",""piteous appeals for help""]","5","high","WordNet 3.1; CMU Pronouncing Dictionary; cross-list GRE frequency ranking","https://github.com/Xatta-Trone/gre-words-collection","2026-07-16"
"vocab-1069","harbinger","HH AA1 R B IH0 N JH ER0","noun","something that precedes and indicates the approach of something or someone  ","[""forerunner"",""predecessor"",""herald"",""precursor""]","[]","5","high","WordNet 3.1; CMU Pronouncing Dictionary; cross-list GRE frequency ranking","https://github.com/Xatta-Trone/gre-words-collection","2026-07-16"
"vocab-1070","hermetic","","adjective","completely sealed","[]","[""completely airtight""]","5","high","WordNet 3.1; CMU Pronouncing Dictionary; cross-list GRE frequency ranking","https://github.com/Xatta-Trone/gre-words-collection","2026-07-16"
"vocab-1071","heterodox","HH EH1 T ER0 AH0 D AA2 K S","adjective","characterized by departure from accepted beliefs or standards  ","[""dissident"",""heretical""]","[]","5","high","WordNet 3.1; CMU Pronouncing Dictionary; cross-list GRE frequency ranking","https://github.com/Xatta-Trone/gre-words-collection","2026-07-16"
"vocab-1072","heterogeneous","HH EH2 T ER0 AH0 JH IY1 N Y AH0 S","adjective","consisting of elements that are not of the same kind or nature","[""heterogenous""]","[""the population of the United States is vast and heterogeneous""]","5","high","WordNet 3.1; CMU Pronouncing Dictionary; cross-list GRE frequency ranking","https://github.com/Xatta-Trone/gre-words-collection","2026-07-16"
"vocab-1073","hew","HH Y UW1","verb","strike with an axe","[""hew out""]","[""cut down, strike"",""hew an oak"",""hew out a path in the rock""]","5","high","WordNet 3.1; CMU Pronouncing Dictionary; cross-list GRE frequency ranking","https://github.com/Xatta-Trone/gre-words-collection","2026-07-16"
"vocab-1074","heyday","HH EY1 D EY2","noun","the period of greatest prosperity or productivity  ","[""flower"",""prime"",""peak"",""bloom"",""blossom"",""efflorescence"",""flush""]","[]","5","high","WordNet 3.1; CMU Pronouncing Dictionary; cross-list GRE frequency ranking","https://github.com/Xatta-Trone/gre-words-collection","2026-07-16"
"vocab-1075","hodgepodge","HH AA1 JH P AA2 JH","noun","a theory or argument made up of miscellaneous or incongruous ideas  ","[""patchwork"",""jumble"",""odds and ends"",""oddments"",""melange"",""farrago"",""ragbag"",""mishmash"",""mingle-mangle"",""hotchpotch""]","[]","5","high","WordNet 3.1; CMU Pronouncing Dictionary; cross-list GRE frequency ranking","https://github.com/Xatta-Trone/gre-words-collection","2026-07-16"
"vocab-1076","homage","AA1 M AH0 JH","noun","respectful deference","[""court""]","[""pay court to the emperor""]","5","high","WordNet 3.1; CMU Pronouncing Dictionary; cross-list GRE frequency ranking","https://github.com/Xatta-Trone/gre-words-collection","2026-07-16"
"vocab-1077","homogeneous","HH OW2 M AH0 JH IY1 N IY0 AH0 S","adjective","all of the same or similar kind or nature","[""homogenous""]","[""a close-knit homogeneous group""]","5","high","WordNet 3.1; CMU Pronouncing Dictionary; cross-list GRE frequency ranking","https://github.com/Xatta-Trone/gre-words-collection","2026-07-16"
"vocab-1078","illicit","IH2 L IH1 S AH0 T","adjective","contrary to accepted morality (especially sexual morality) or convention","[]","[""an illicit association with his secretary""]","5","high","WordNet 3.1; CMU Pronouncing Dictionary; cross-list GRE frequency ranking","https://github.com/Xatta-Trone/gre-words-collection","2026-07-16"
"vocab-1079","immaculate","IH2 M AE1 K Y UW0 L IH0 T","adjective","free from stain or blemish  ","[""undefiled"",""speckless"",""spick-and-span"",""spic-and-span"",""spic"",""spick"",""spotless""]","[""the apartment was immaculate"",""in her immaculate white uniform"",""a spick-and-span kitchen"",""their spic red-visored caps""]","5","high","WordNet 3.1; CMU Pronouncing Dictionary; cross-list GRE frequency ranking","https://github.com/Xatta-Trone/gre-words-collection","2026-07-16"
"vocab-1080","impermeable","","adjective","preventing especially liquids to pass or diffuse through","[]","[""impermeable stone"",""an impermeable layer of scum"",""a coat impermeable to rain""]","5","high","WordNet 3.1; CMU Pronouncing Dictionary; cross-list GRE frequency ranking","https://github.com/Xatta-Trone/gre-words-collection","2026-07-16"
"vocab-1081","impiety","","noun","unrighteousness by virtue of lacking respect for a god  ","[""impiousness""]","[]","5","high","WordNet 3.1; CMU Pronouncing Dictionary; cross-list GRE frequency ranking","https://github.com/Xatta-Trone/gre-words-collection","2026-07-16"
"vocab-1082","impious","IH2 M P AY1 AH0 S","adjective","lacking due respect or dutifulness","[""undutiful""]","[""impious toward one's parents"",""an undutiful son""]","5","high","WordNet 3.1; CMU Pronouncing Dictionary; cross-list GRE frequency ranking","https://github.com/Xatta-Trone/gre-words-collection","2026-07-16"
"vocab-1083","implausible","IH2 M P L AO1 Z AH0 B AH0 L","adjective","having a quality that provokes disbelief","[]","[""gave the teacher an implausible excuse""]","5","high","WordNet 3.1; CMU Pronouncing Dictionary; cross-list GRE frequency ranking","https://github.com/Xatta-Trone/gre-words-collection","2026-07-16"
"vocab-1084","implode","IH2 M P L OW1 D","verb","burst inward","[""go off""]","[""The bottle imploded""]","5","high","WordNet 3.1; CMU Pronouncing Dictionary; cross-list GRE frequency ranking","https://github.com/Xatta-Trone/gre-words-collection","2026-07-16"
"vocab-1085","impregnable","IH2 M P R EH1 G N AH0 B AH0 L","adjective","incapable of being overcome, challenged or refuted","[""inexpugnable"",""inviolable"",""secure"",""strong"",""unassailable"",""unattackable""]","[""an impregnable argument"",""impregnable self-confidence"",""incapable of being tampered with"",""an impregnable fortress""]","5","high","WordNet 3.1; CMU Pronouncing Dictionary; cross-list GRE frequency ranking","https://github.com/Xatta-Trone/gre-words-collection","2026-07-16"
"vocab-1086","improvise","IH1 M P R AH0 V AY2 Z","verb","manage in a makeshift way","[""extemporize"",""improvize"",""ad-lib"",""extemporise""]","[""do with whatever is at hand"",""after the hurricane destroyed our house, we had to improvise for weeks"",""he extemporized a speech at the wedding""]","5","high","WordNet 3.1; CMU Pronouncing Dictionary; cross-list GRE frequency ranking","https://github.com/Xatta-Trone/gre-words-collection","2026-07-16"
"vocab-1087","inarticulate","IH2 N AA0 R T IH1 K Y AH0 L AH0 T","adjective","without or deprived of the use of speech or words","[""unarticulate""]","[""inarticulate beasts"",""remained stupidly inarticulate and saying something noncommittal"",""inarticulate with rage"",""an inarticulate cry""]","5","high","WordNet 3.1; CMU Pronouncing Dictionary; cross-list GRE frequency ranking","https://github.com/Xatta-Trone/gre-words-collection","2026-07-16"
"vocab-1088","incandescent","IH2 N K AH0 N D EH1 S AH0 N T","adjective","characterized by ardent emotion or intensity or brilliance","[""candent""]","[""an incandescent performance"",""an incandescent bulb""]","5","high","WordNet 3.1; CMU Pronouncing Dictionary; cross-list GRE frequency ranking","https://github.com/Xatta-Trone/gre-words-collection","2026-07-16"
"vocab-1089","incense","IH2 N S EH1 N S","noun","the pleasing scent produced when incense is burned","[]","[""incense filled the room""]","5","high","WordNet 3.1; CMU Pronouncing Dictionary; cross-list GRE frequency ranking","https://github.com/Xatta-Trone/gre-words-collection","2026-07-16"
"vocab-1090","incisive","IH2 N S AY1 S IH0 V","adjective","suitable for cutting or piercing","[]","[""incisive teeth""]","5","high","WordNet 3.1; CMU Pronouncing Dictionary; cross-list GRE frequency ranking","https://github.com/Xatta-Trone/gre-words-collection","2026-07-16"
"vocab-1091","incredulous","IH2 N K R EH1 JH AH0 L AH0 S","adjective","not disposed or willing to believe","[]","[""unbelieving""]","5","high","WordNet 3.1; CMU Pronouncing Dictionary; cross-list GRE frequency ranking","https://github.com/Xatta-Trone/gre-words-collection","2026-07-16"
"vocab-1092","inculcate","IH1 NG K AH0 L K EY2 T","verb","teach and impress by frequent repetitions or admonitions","[""instill"",""infuse""]","[""inculcate values into the young generation""]","5","high","WordNet 3.1; CMU Pronouncing Dictionary; cross-list GRE frequency ranking","https://github.com/Xatta-Trone/gre-words-collection","2026-07-16"
"vocab-1093","incumbent","IH2 N K AH1 M B AH0 N T","adjective","currently holding an office","[]","[""the incumbent governor"",""morally binding"",""it is incumbent on them to pay their own debts"",""an incumbent geological formation""]","5","high","WordNet 3.1; CMU Pronouncing Dictionary; cross-list GRE frequency ranking","https://github.com/Xatta-Trone/gre-words-collection","2026-07-16"
"vocab-1094","indifferent","IH2 N D IH1 F R AH0 N T","adjective","neither too great nor too little","[""so-so(p)"",""unbiased"",""unbiassed""]","[""a couple of indifferent hills to climb"",""an indifferent performance"",""a gifted painter but an indifferent actor"",""her work at the office is passable""]","5","high","WordNet 3.1; CMU Pronouncing Dictionary; cross-list GRE frequency ranking","https://github.com/Xatta-Trone/gre-words-collection","2026-07-16"
"vocab-1095","indigence","","noun","a state of extreme poverty or destitution","[""need"",""penury"",""pauperism"",""pauperization""]","[""their indigence appalled him"",""a general state of need exists among the homeless""]","5","high","WordNet 3.1; CMU Pronouncing Dictionary; cross-list GRE frequency ranking","https://github.com/Xatta-Trone/gre-words-collection","2026-07-16"
"vocab-1096","indignant","IH2 N D IH1 G N AH0 N T","adjective","angered at something unjust or wrong","[""incensed"",""outraged"",""umbrageous""]","[""an indignant denial"",""incensed at the judges' unfairness"",""a look of outraged disbelief"",""umbrageous at the loss of their territory""]","5","high","WordNet 3.1; CMU Pronouncing Dictionary; cross-list GRE frequency ranking","https://github.com/Xatta-Trone/gre-words-collection","2026-07-16"
"vocab-1097","industrious","IH2 N D AH1 S T R IY0 AH0 S","adjective","working hard to promote an enterprise  ","[""energetic"",""gumptious"",""up-and-coming"",""hardworking"",""tireless"",""untiring""]","[]","5","high","WordNet 3.1; CMU Pronouncing Dictionary; cross-list GRE frequency ranking","https://github.com/Xatta-Trone/gre-words-collection","2026-07-16"
"vocab-1098","inept","IH2 N EH1 P T","adjective","revealing lack of perceptiveness or judgment or finesse","[""tactless""]","[""an inept remark"",""it was tactless to bring up those disagreeable""]","5","high","WordNet 3.1; CMU Pronouncing Dictionary; cross-list GRE frequency ranking","https://github.com/Xatta-Trone/gre-words-collection","2026-07-16"
"vocab-1099","infallible","IH2 N F AE1 L AH0 B AH0 L","adjective","incapable of failure or error","[]","[""an infallible antidote"",""an infallible memory"",""the Catholic Church considers the Pope infallible"",""no doctor is infallible""]","5","high","WordNet 3.1; CMU Pronouncing Dictionary; cross-list GRE frequency ranking","https://github.com/Xatta-Trone/gre-words-collection","2026-07-16"
"vocab-1100","ingenious","IH2 N JH IY1 N Y AH0 S","adjective","showing inventiveness and skill","[""clever"",""cunning""]","[""a clever gadget"",""the cunning maneuvers leading to his success"",""an ingenious solution to the problem""]","5","high","WordNet 3.1; CMU Pronouncing Dictionary; cross-list GRE frequency ranking","https://github.com/Xatta-Trone/gre-words-collection","2026-07-16"
"vocab-1101","ingenuity","IH2 N JH AH0 N UW1 AH0 T IY2","noun","the property of being ingenious","[""ingeniousness"",""cleverness""]","[""a plot of great ingenuity"",""the cleverness of its design""]","5","high","WordNet 3.1; CMU Pronouncing Dictionary; cross-list GRE frequency ranking","https://github.com/Xatta-Trone/gre-words-collection","2026-07-16"
"vocab-1102","ingrate","","noun","a person who shows no gratitude  ","[""thankless wretch"",""ungrateful person""]","[]","5","high","WordNet 3.1; CMU Pronouncing Dictionary; cross-list GRE frequency ranking","https://github.com/Xatta-Trone/gre-words-collection","2026-07-16"
"vocab-1103","insensible","IH2 N S EH1 N S AH0 B AH0 L","adjective","unresponsive to stimulation","[""senseless"",""out of it""]","[""he lay insensible where he had fallen"",""drugged and senseless"",""insensible to pain"",""insensible earth""]","5","high","WordNet 3.1; CMU Pronouncing Dictionary; cross-list GRE frequency ranking","https://github.com/Xatta-Trone/gre-words-collection","2026-07-16"
"vocab-1104","insurgent","IH2 N S ER1 JH AH0 N T","adjective","in opposition to a civil authority or government  ","[""seditious"",""subversive"",""insurrectionist"",""freedom fighter"",""rebel""]","[]","5","high","WordNet 3.1; CMU Pronouncing Dictionary; cross-list GRE frequency ranking","https://github.com/Xatta-Trone/gre-words-collection","2026-07-16"
"vocab-1105","insurrection","IH2 N S ER0 EH1 K SH AH0 N","noun","organized opposition to authority","[""rebellion"",""revolt"",""rising"",""uprising""]","[""a conflict in which one faction tries to wrest control from another""]","5","high","WordNet 3.1; CMU Pronouncing Dictionary; cross-list GRE frequency ranking","https://github.com/Xatta-Trone/gre-words-collection","2026-07-16"
"vocab-1106","inter","IH2 N T ER1","verb","place in a grave or tomb","[""bury"",""entomb"",""inhume"",""lay to rest""]","[""Stalin was buried behind the Kremlin wall on Red Square"",""The pharaohs were entombed in the pyramids"",""My grandfather was laid to rest last Sunday""]","5","high","WordNet 3.1; CMU Pronouncing Dictionary; cross-list GRE frequency ranking","https://github.com/Xatta-Trone/gre-words-collection","2026-07-16"
"vocab-1107","interdict","IH1 N T ER0 D IH2 K T","verb","destroy by firepower, such as an enemy's line of communication  ","[""interdiction""]","[]","5","high","WordNet 3.1; CMU Pronouncing Dictionary; cross-list GRE frequency ranking","https://github.com/Xatta-Trone/gre-words-collection","2026-07-16"
"vocab-1108","interminable","IH2 N T ER1 M AH0 N AH0 B AH0 L","adjective","tiresomely long","[""endless"",""eternal""]","[""seemingly without end"",""endless debates"",""an endless conversation"",""the wait seemed eternal""]","5","high","WordNet 3.1; CMU Pronouncing Dictionary; cross-list GRE frequency ranking","https://github.com/Xatta-Trone/gre-words-collection","2026-07-16"
"vocab-1109","interregnum","IH2 N T ER0 R EH1 G N AH0 M","noun","the time between two reigns, governments, etc.  ","[]","[]","5","high","WordNet 3.1; CMU Pronouncing Dictionary; cross-list GRE frequency ranking","https://github.com/Xatta-Trone/gre-words-collection","2026-07-16"
"vocab-1110","inviolable","IH2 N V AY1 AH0 L AH0 B AH0 L","adjective","must be kept sacred  ","[""inviolate"",""sacrosanct""]","[""the person of the king is inviolable"",""an inviolable oath""]","5","high","WordNet 3.1; CMU Pronouncing Dictionary; cross-list GRE frequency ranking","https://github.com/Xatta-Trone/gre-words-collection","2026-07-16"
"vocab-1111","invoke","IH2 N V OW1 K","verb","cite as an authority","[""appeal""]","[""resort to"",""He invoked the law that would save him"",""I appealed to the law of 1900"",""She invoked an ancient law""]","5","high","WordNet 3.1; CMU Pronouncing Dictionary; cross-list GRE frequency ranking","https://github.com/Xatta-Trone/gre-words-collection","2026-07-16"
"vocab-1112","irksome","ER1 K S AH0 M","adjective","so lacking in interest as to cause mental weariness","[""boring"",""deadening"",""dull"",""ho-hum"",""slow"",""tedious"",""tiresome"",""wearisome""]","[""a boring evening with uninteresting people"",""the deadening effect of some routine tasks"",""a dull play"",""his competent but dull performance""]","5","high","WordNet 3.1; CMU Pronouncing Dictionary; cross-list GRE frequency ranking","https://github.com/Xatta-Trone/gre-words-collection","2026-07-16"
"vocab-1113","jingoism","JH IH1 NG G OW2 IH0 Z AH0 M","noun","fanatical patriotism  ","[""chauvinism"",""superpatriotism"",""ultranationalism"",""flag waving""]","[]","5","high","WordNet 3.1; CMU Pronouncing Dictionary; cross-list GRE frequency ranking","https://github.com/Xatta-Trone/gre-words-collection","2026-07-16"
"vocab-1114","jingoist","","noun","an extreme bellicose nationalist  ","[""chauvinist"",""jingo"",""flag-waver"",""hundred-percenter"",""patrioteer""]","[]","5","high","WordNet 3.1; CMU Pronouncing Dictionary; cross-list GRE frequency ranking","https://github.com/Xatta-Trone/gre-words-collection","2026-07-16"
"vocab-1115","jocund","","adjective","full of or showing high-spirited merriment","[""gay"",""jolly"",""jovial"",""merry"",""mirthful""]","[""when hearts were young and gay"",""a poet could not but be gay, in such a jocund company- Wordsworth"",""the jolly crowd at the reunion"",""jolly old Saint Nick""]","5","high","WordNet 3.1; CMU Pronouncing Dictionary; cross-list GRE frequency ranking","https://github.com/Xatta-Trone/gre-words-collection","2026-07-16"
"vocab-1116","juggernaut","JH AH1 G ER0 N AO2 T","noun","a massive inexorable force that seems to crush everything in its way  ","[""steamroller""]","[]","5","high","WordNet 3.1; CMU Pronouncing Dictionary; cross-list GRE frequency ranking","https://github.com/Xatta-Trone/gre-words-collection","2026-07-16"
"vocab-1117","junta","HH UH1 N T AH0","noun","a group of military officers who rule a country after seizing power  ","[""military junta""]","[]","5","high","WordNet 3.1; CMU Pronouncing Dictionary; cross-list GRE frequency ranking","https://github.com/Xatta-Trone/gre-words-collection","2026-07-16"
"vocab-1118","laborious","L AH0 B AO1 R IY0 AH0 S","adjective","characterized by effort to the point of exhaustion","[""arduous"",""backbreaking"",""grueling"",""gruelling"",""hard"",""heavy"",""operose"",""punishing"",""toilsome""]","[""especially physical effort"",""worked their arduous way up the mining valley"",""a grueling campaign"",""hard labor""]","5","high","WordNet 3.1; CMU Pronouncing Dictionary; cross-list GRE frequency ranking","https://github.com/Xatta-Trone/gre-words-collection","2026-07-16"
"vocab-1119","lacerate","L AE1 S ER0 EY2 T","adjective","having edges that are jagged from injury  ","[""lacerated"",""mangled"",""torn""]","[""lacerate leaves"",""distress"",""his lacerating remarks""]","5","high","WordNet 3.1; CMU Pronouncing Dictionary; cross-list GRE frequency ranking","https://github.com/Xatta-Trone/gre-words-collection","2026-07-16"
"vocab-1120","lackluster","L AE1 K L AH2 S T ER0","adjective","lacking luster or shine","[""lacklustre"",""lusterless"",""lustreless""]","[""staring with lackluster eyes"",""lusterless hair"",""a dull lackluster life"",""a lusterless performance""]","5","high","WordNet 3.1; CMU Pronouncing Dictionary; cross-list GRE frequency ranking","https://github.com/Xatta-Trone/gre-words-collection","2026-07-16"
"vocab-1121","lascivious","L AH0 S IH1 V IY0 AH0 S","adjective","driven by lust","[""lewd"",""libidinous"",""lustful""]","[""preoccupied with or exhibiting lustful desires"",""libidinous orgies""]","5","high","WordNet 3.1; CMU Pronouncing Dictionary; cross-list GRE frequency ranking","https://github.com/Xatta-Trone/gre-words-collection","2026-07-16"
"vocab-1122","latitude","L AE1 T AH0 T UW2 D","noun","scope for freedom of e.g. action or thought","[""line of latitude"",""parallel of latitude"",""parallel""]","[""freedom from restriction"",""the new freedom in movies and novels"",""allowed his children considerable latitude in how they spent their money""]","5","high","WordNet 3.1; CMU Pronouncing Dictionary; cross-list GRE frequency ranking","https://github.com/Xatta-Trone/gre-words-collection","2026-07-16"
"vocab-1123","laud","L AO1 D","verb","praise, glorify, or honor","[""extol"",""exalt"",""glorify"",""proclaim""]","[""extol the virtues of one's children"",""glorify one's spouse's cooking""]","5","high","WordNet 3.1; CMU Pronouncing Dictionary; cross-list GRE frequency ranking","https://github.com/Xatta-Trone/gre-words-collection","2026-07-16"
"vocab-1124","lax","L AE1 K S","adjective","emptying easily or excessively","[""loose""]","[""loose bowels"",""not taut"",""a lax rope""]","5","high","WordNet 3.1; CMU Pronouncing Dictionary; cross-list GRE frequency ranking","https://github.com/Xatta-Trone/gre-words-collection","2026-07-16"
"vocab-1125","levee","L EH1 V IY0","noun","an embankment that is built in order to prevent a river from overflowing  ","[]","[]","5","high","WordNet 3.1; CMU Pronouncing Dictionary; cross-list GRE frequency ranking","https://github.com/Xatta-Trone/gre-words-collection","2026-07-16"
"vocab-1126","listless","L IH1 S T L AH0 S","adjective","lacking zest or vivacity","[]","[""he was listless and bored""]","5","high","WordNet 3.1; CMU Pronouncing Dictionary; cross-list GRE frequency ranking","https://github.com/Xatta-Trone/gre-words-collection","2026-07-16"
"vocab-1127","loathe","L OW1 DH","verb","find repugnant","[""abhor"",""abominate"",""execrate""]","[""I loathe that man"",""She abhors cats""]","5","high","WordNet 3.1; CMU Pronouncing Dictionary; cross-list GRE frequency ranking","https://github.com/Xatta-Trone/gre-words-collection","2026-07-16"
"vocab-1128","lode","L OW1 D","noun","a deposit of valuable ore occurring within definite boundaries separating it from surrounding rocks  ","[""load""]","[]","5","high","WordNet 3.1; CMU Pronouncing Dictionary; cross-list GRE frequency ranking","https://github.com/Xatta-Trone/gre-words-collection","2026-07-16"
"vocab-1129","lull","L AH1 L","verb","become quiet or less intensive","[""calm down"",""quiet""]","[""the fighting lulled for a moment"",""Don't let yourself be lulled into a false state of security"",""there was a lull in the storm""]","5","high","WordNet 3.1; CMU Pronouncing Dictionary; cross-list GRE frequency ranking","https://github.com/Xatta-Trone/gre-words-collection","2026-07-16"
"vocab-1130","luminary","L UW1 M AH0 N EH2 R IY0","noun","a celebrity who is an inspiration to others","[""leading light"",""guiding light"",""notable"",""notability""]","[""he was host to a large gathering of luminaries""]","5","high","WordNet 3.1; CMU Pronouncing Dictionary; cross-list GRE frequency ranking","https://github.com/Xatta-Trone/gre-words-collection","2026-07-16"
"vocab-1131","maelstrom","M EY1 L S T R AH0 M","noun","a powerful circular current of water (usually the result of conflicting tides)  ","[""whirlpool"",""vortex""]","[]","5","high","WordNet 3.1; CMU Pronouncing Dictionary; cross-list GRE frequency ranking","https://github.com/Xatta-Trone/gre-words-collection","2026-07-16"
"vocab-1132","makeshift","M EY1 K SH IH2 F T","noun","something contrived to meet an urgent need or emergency  ","[""stopgap"",""make-do""]","[]","5","high","WordNet 3.1; CMU Pronouncing Dictionary; cross-list GRE frequency ranking","https://github.com/Xatta-Trone/gre-words-collection","2026-07-16"
"vocab-1133","malady","M AE1 L AH0 D IY0","noun","any unwholesome or desperate condition","[]","[""what maladies afflict our nation?""]","5","high","WordNet 3.1; CMU Pronouncing Dictionary; cross-list GRE frequency ranking","https://github.com/Xatta-Trone/gre-words-collection","2026-07-16"
"vocab-1134","malcontent","M AE2 L K AH0 N T EH1 N T","noun","a person who is discontented or disgusted  ","[]","[]","5","high","WordNet 3.1; CMU Pronouncing Dictionary; cross-list GRE frequency ranking","https://github.com/Xatta-Trone/gre-words-collection","2026-07-16"
"vocab-1135","malediction","","noun","the act of calling down a curse that invokes evil (and usually serves as an insult)","[""imprecation""]","[""he suffered the imprecations of the mob""]","5","high","WordNet 3.1; CMU Pronouncing Dictionary; cross-list GRE frequency ranking","https://github.com/Xatta-Trone/gre-words-collection","2026-07-16"
"vocab-1136","malfeasance","M AE2 L F IY1 Z AH0 N S","noun","wrongful conduct by a public official  ","[]","[]","5","high","WordNet 3.1; CMU Pronouncing Dictionary; cross-list GRE frequency ranking","https://github.com/Xatta-Trone/gre-words-collection","2026-07-16"
"vocab-1137","malingerer","","noun","someone shirking their duty by feigning illness or incapacity  ","[""skulker"",""shammer""]","[]","5","high","WordNet 3.1; CMU Pronouncing Dictionary; cross-list GRE frequency ranking","https://github.com/Xatta-Trone/gre-words-collection","2026-07-16"
"vocab-1138","malodorous","","adjective","having an unpleasant smell  ","[""malodourous"",""unpleasant-smelling"",""ill-smelling"",""stinky""]","[]","5","high","WordNet 3.1; CMU Pronouncing Dictionary; cross-list GRE frequency ranking","https://github.com/Xatta-Trone/gre-words-collection","2026-07-16"
"vocab-1139","mannered","M AE1 N ER0 D","adjective","having unnatural mannerisms","[]","[""brief, mannered and unlifelike idiom""]","5","high","WordNet 3.1; CMU Pronouncing Dictionary; cross-list GRE frequency ranking","https://github.com/Xatta-Trone/gre-words-collection","2026-07-16"
"vocab-1140","manumit","","verb","free from slavery or servitude  ","[""emancipate""]","[]","5","high","WordNet 3.1; CMU Pronouncing Dictionary; cross-list GRE frequency ranking","https://github.com/Xatta-Trone/gre-words-collection","2026-07-16"
"vocab-1141","mar","M AA1 R","verb","make imperfect","[""impair"",""spoil"",""deflower"",""vitiate""]","[""nothing marred her beauty""]","5","high","WordNet 3.1; CMU Pronouncing Dictionary; cross-list GRE frequency ranking","https://github.com/Xatta-Trone/gre-words-collection","2026-07-16"
"vocab-1142","mediate","M IY1 D IY0 EY2 T","adjective","acting through or dependent on an intervening agency","[]","[""the disease spread by mediate as well as direct contact"",""mediate between the old and the new""]","5","high","WordNet 3.1; CMU Pronouncing Dictionary; cross-list GRE frequency ranking","https://github.com/Xatta-Trone/gre-words-collection","2026-07-16"
"vocab-1143","meretricious","","adjective","like or relating to a prostitute","[]","[""meretricious relationships""]","5","high","WordNet 3.1; CMU Pronouncing Dictionary; cross-list GRE frequency ranking","https://github.com/Xatta-Trone/gre-words-collection","2026-07-16"
"vocab-1144","mesmerize","M EH1 Z M ER0 AY2 Z","verb","induce hypnosis in  ","[""hypnotize"",""hypnotise"",""mesmerise"",""magnetize"",""magnetise"",""bewitch"",""spellbind""]","[""She magnetized the audience with her tricks""]","5","high","WordNet 3.1; CMU Pronouncing Dictionary; cross-list GRE frequency ranking","https://github.com/Xatta-Trone/gre-words-collection","2026-07-16"
"vocab-1145","meteoric","M IY2 T IY0 AO1 R IH0 K","adjective","like a meteor in speed or brilliance or transience","[]","[""a meteoric rise to fame"",""meteoric shower"",""meteoric impacts""]","5","high","WordNet 3.1; CMU Pronouncing Dictionary; cross-list GRE frequency ranking","https://github.com/Xatta-Trone/gre-words-collection","2026-07-16"
"vocab-1146","mettle","M EH1 T AH0 L","noun","the courage to carry on","[""heart"",""nerve"",""spunk""]","[""he kept fighting on pure spunk"",""you haven't got the heart for baseball""]","5","high","WordNet 3.1; CMU Pronouncing Dictionary; cross-list GRE frequency ranking","https://github.com/Xatta-Trone/gre-words-collection","2026-07-16"
"vocab-1147","militate","M IH1 L IH0 T EY2 T","verb","have force or influence","[]","[""bring about an effect or change"",""Politeness militated against this opinion being expressed""]","5","high","WordNet 3.1; CMU Pronouncing Dictionary; cross-list GRE frequency ranking","https://github.com/Xatta-Trone/gre-words-collection","2026-07-16"
"vocab-1148","mirth","M ER1 TH","noun","great merriment  ","[""hilarity"",""mirthfulness"",""glee"",""gleefulness""]","[]","5","high","WordNet 3.1; CMU Pronouncing Dictionary; cross-list GRE frequency ranking","https://github.com/Xatta-Trone/gre-words-collection","2026-07-16"
"vocab-1149","miser","M AY1 Z ER0","noun","a stingy hoarder of money and possessions (often living miserably)  ","[]","[]","5","high","WordNet 3.1; CMU Pronouncing Dictionary; cross-list GRE frequency ranking","https://github.com/Xatta-Trone/gre-words-collection","2026-07-16"
"vocab-1150","miserly","M AY1 Z ER0 L IY0","adjective","(used of persons or behavior) characterized by or indicative of lack of generosity","[""mean"",""mingy"",""tight""]","[""a mean person"",""he left a miserly tip""]","5","high","WordNet 3.1; CMU Pronouncing Dictionary; cross-list GRE frequency ranking","https://github.com/Xatta-Trone/gre-words-collection","2026-07-16"
"vocab-1151","misnomer","M IH0 S N OW1 M ER0","noun","an incorrect or unsuitable name  ","[]","[]","5","high","WordNet 3.1; CMU Pronouncing Dictionary; cross-list GRE frequency ranking","https://github.com/Xatta-Trone/gre-words-collection","2026-07-16"
"vocab-1152","missive","M IH1 S IH0 V","noun","a written message addressed to a person or organization","[""letter""]","[""mailed an indignant letter to the editor""]","5","high","WordNet 3.1; CMU Pronouncing Dictionary; cross-list GRE frequency ranking","https://github.com/Xatta-Trone/gre-words-collection","2026-07-16"
"vocab-1153","mite","M AY1 T","noun","any of numerous very small to minute arachnids often infesting animals or plants or stored foods  ","[]","[]","5","high","WordNet 3.1; CMU Pronouncing Dictionary; cross-list GRE frequency ranking","https://github.com/Xatta-Trone/gre-words-collection","2026-07-16"
"vocab-1154","modish","","adjective","in the current fashion or style  ","[""latest"",""a la mode(p)"",""in style(p)"",""in vogue(p)""]","[]","5","high","WordNet 3.1; CMU Pronouncing Dictionary; cross-list GRE frequency ranking","https://github.com/Xatta-Trone/gre-words-collection","2026-07-16"
"vocab-1155","monotony","M AH0 N AA1 T AH0 N IY0","noun","constancy of tone or pitch or inflection  ","[""humdrum"",""sameness""]","[""he had never grown accustomed to the monotony of his work"",""he was sick of the humdrum of his fellow prisoners"",""he hated the sameness of the food the college served""]","5","high","WordNet 3.1; CMU Pronouncing Dictionary; cross-list GRE frequency ranking","https://github.com/Xatta-Trone/gre-words-collection","2026-07-16"
"vocab-1156","moratorium","M AO2 R AH0 T AO1 R IY0 AH0 M","noun","suspension of an ongoing activity  ","[]","[]","5","high","WordNet 3.1; CMU Pronouncing Dictionary; cross-list GRE frequency ranking","https://github.com/Xatta-Trone/gre-words-collection","2026-07-16"
"vocab-1157","morbid","M AO1 R B AH0 D","adjective","suggesting an unhealthy mental state","[]","[""morbid interest in death"",""morbid curiosity""]","5","high","WordNet 3.1; CMU Pronouncing Dictionary; cross-list GRE frequency ranking","https://github.com/Xatta-Trone/gre-words-collection","2026-07-16"
"vocab-1158","nefarious","N AH0 F EH1 R IY0 AH0 S","adjective","extremely wicked","[""villainous""]","[""nefarious schemes"",""a villainous plot"",""a villainous band of thieves""]","5","high","WordNet 3.1; CMU Pronouncing Dictionary; cross-list GRE frequency ranking","https://github.com/Xatta-Trone/gre-words-collection","2026-07-16"
"vocab-1159","negate","N IH0 G EY1 T","verb","prove negative","[""contradict""]","[""show to be false""]","5","high","WordNet 3.1; CMU Pronouncing Dictionary; cross-list GRE frequency ranking","https://github.com/Xatta-Trone/gre-words-collection","2026-07-16"
"vocab-1160","negligible","N EH1 G L AH0 JH AH0 B AH0 L","adjective","not worth considering","[""paltry"",""trifling""]","[""he considered the prize too paltry for the lives it must cost"",""piffling efforts"",""a trifling matter"",""insignificant""]","5","high","WordNet 3.1; CMU Pronouncing Dictionary; cross-list GRE frequency ranking","https://github.com/Xatta-Trone/gre-words-collection","2026-07-16"
"vocab-1161","neologism","","noun","the act of inventing a word or phrase  ","[""neology"",""coinage""]","[]","5","high","WordNet 3.1; CMU Pronouncing Dictionary; cross-list GRE frequency ranking","https://github.com/Xatta-Trone/gre-words-collection","2026-07-16"
"vocab-1162","nonentity","N AA0 N EH1 N T AH0 T IY0","noun","a person of no influence  ","[""cipher"",""cypher"",""nobody"",""nonexistence""]","[]","5","high","WordNet 3.1; CMU Pronouncing Dictionary; cross-list GRE frequency ranking","https://github.com/Xatta-Trone/gre-words-collection","2026-07-16"
"vocab-1163","obfuscate","AA1 B F AH0 S K EY2 T","verb","make obscure or unclear  ","[]","[]","5","high","WordNet 3.1; CMU Pronouncing Dictionary; cross-list GRE frequency ranking","https://github.com/Xatta-Trone/gre-words-collection","2026-07-16"
"vocab-1164","objective","AH0 B JH EH1 K T IH0 V","adjective","belonging to immediate experience of actual things or events","[""accusative""]","[""objective benefits"",""an objective example"",""there is no objective evidence of anything of the kind"",""objective art""]","5","high","WordNet 3.1; CMU Pronouncing Dictionary; cross-list GRE frequency ranking","https://github.com/Xatta-Trone/gre-words-collection","2026-07-16"
"vocab-1165","obsolete","AA1 B S AH0 L IY2 T","adjective","no longer in use","[""disused""]","[""obsolete words""]","5","high","WordNet 3.1; CMU Pronouncing Dictionary; cross-list GRE frequency ranking","https://github.com/Xatta-Trone/gre-words-collection","2026-07-16"
"vocab-1166","odium","","noun","state of disgrace resulting from detestable behavior  ","[]","[]","5","high","WordNet 3.1; CMU Pronouncing Dictionary; cross-list GRE frequency ranking","https://github.com/Xatta-Trone/gre-words-collection","2026-07-16"
"vocab-1167","omniscient","AA0 M N IH1 SH AH0 N T","adjective","infinitely wise  ","[""all-knowing""]","[]","5","high","WordNet 3.1; CMU Pronouncing Dictionary; cross-list GRE frequency ranking","https://github.com/Xatta-Trone/gre-words-collection","2026-07-16"
"vocab-1168","opulence","AA1 P Y AH0 L AH0 N S","noun","wealth as evidenced by sumptuous living  ","[""luxury"",""luxuriousness"",""sumptuousness""]","[]","5","high","WordNet 3.1; CMU Pronouncing Dictionary; cross-list GRE frequency ranking","https://github.com/Xatta-Trone/gre-words-collection","2026-07-16"
"vocab-1169","oscillate","AA1 S AH0 L EY2 T","verb","move or swing from side to side regularly","[""vibrate""]","[""the needle on the meter was oscillating""]","5","high","WordNet 3.1; CMU Pronouncing Dictionary; cross-list GRE frequency ranking","https://github.com/Xatta-Trone/gre-words-collection","2026-07-16"
"vocab-1170","oust","AW1 S T","verb","remove and replace","[""throw out"",""drum out"",""boot out"",""kick out"",""expel""]","[""The word processor has ousted the typewriter"",""The chairman was ousted after he misappropriated funds""]","5","high","WordNet 3.1; CMU Pronouncing Dictionary; cross-list GRE frequency ranking","https://github.com/Xatta-Trone/gre-words-collection","2026-07-16"
"vocab-1171","outlandish","AW0 T L AE1 N D IH0 SH","adjective","conspicuously or grossly unconventional or unusual","[""bizarre"",""eccentric"",""freakish"",""freaky"",""flaky"",""flakey"",""gonzo"",""off-the-wall"",""outre""]","[""restaurants of bizarre design--one like a hat, another like a rabbit"",""famed for his eccentric spelling"",""a freakish combination of styles"",""his off-the-wall antics""]","5","high","WordNet 3.1; CMU Pronouncing Dictionary; cross-list GRE frequency ranking","https://github.com/Xatta-Trone/gre-words-collection","2026-07-16"
"vocab-1172","overt","OW0 V ER1 T","adjective","open and observable","[""open""]","[""not secret or hidden"",""an overt lie"",""overt hostility"",""overt intelligence gathering""]","5","high","WordNet 3.1; CMU Pronouncing Dictionary; cross-list GRE frequency ranking","https://github.com/Xatta-Trone/gre-words-collection","2026-07-16"
"vocab-1173","overweening","","adjective","presumptuously arrogant","[""uppity""]","[""had a witty but overweening manner"",""no idea how overweening he would be- S.V.Benet"",""getting a little uppity and needed to be slapped down- NY Times""]","5","high","WordNet 3.1; CMU Pronouncing Dictionary; cross-list GRE frequency ranking","https://github.com/Xatta-Trone/gre-words-collection","2026-07-16"
"vocab-1174","painstaking","P EY1 N S T EY2 K IH0 NG","adjective","characterized by extreme care and great effort","[""conscientious"",""scrupulous""]","[""conscientious application to the work at hand"",""painstaking research"",""scrupulous attention to details""]","5","high","WordNet 3.1; CMU Pronouncing Dictionary; cross-list GRE frequency ranking","https://github.com/Xatta-Trone/gre-words-collection","2026-07-16"
"vocab-1175","pall","P AA1 L","verb","lose strength or effectiveness","[]","[""become or appear boring, insipid, or tiresome (to)"",""the course palled on her"",""pall the beer""]","5","high","WordNet 3.1; CMU Pronouncing Dictionary; cross-list GRE frequency ranking","https://github.com/Xatta-Trone/gre-words-collection","2026-07-16"
"vocab-1176","palpable","P AE1 L P AH0 B AH0 L","adjective","so intense as to be almost touched or felt","[""tangible""]","[""there was a palpable sense of joy in the air"",""a palpable tumor"",""especially capable of being handled or touched or felt"",""a barely palpable dust""]","5","high","WordNet 3.1; CMU Pronouncing Dictionary; cross-list GRE frequency ranking","https://github.com/Xatta-Trone/gre-words-collection","2026-07-16"
"vocab-1177","parable","P EH1 R AH0 B AH0 L","noun","(New Testament) any of the stories told by Jesus to convey his religious message","[]","[""the parable of the prodigal son""]","5","high","WordNet 3.1; CMU Pronouncing Dictionary; cross-list GRE frequency ranking","https://github.com/Xatta-Trone/gre-words-collection","2026-07-16"
"vocab-1178","paradigm","P EH1 R AH0 D AY2 M","noun","the generally accepted perspective of a particular discipline at a given time","[]","[""he framed the problem within the psychoanalytic paradigm""]","5","high","WordNet 3.1; CMU Pronouncing Dictionary; cross-list GRE frequency ranking","https://github.com/Xatta-Trone/gre-words-collection","2026-07-16"
"vocab-1179","parity","P EH1 R AH0 T IY0","noun","functional equality  ","[""conservation of parity"",""space-reflection symmetry"",""mirror symmetry""]","[""if one is odd and the other is even they have different parity"",""parity is often used to check the integrity of transmitted data""]","5","high","WordNet 3.1; CMU Pronouncing Dictionary; cross-list GRE frequency ranking","https://github.com/Xatta-Trone/gre-words-collection","2026-07-16"
"vocab-1180","parley","P AA1 R L IY0","verb","discuss, as between enemies  ","[]","[]","5","high","WordNet 3.1; CMU Pronouncing Dictionary; cross-list GRE frequency ranking","https://github.com/Xatta-Trone/gre-words-collection","2026-07-16"
"vocab-1181","pathological","P AE2 TH AH0 L AA1 JH IH0 K AH0 L","adjective","caused by or evidencing a mentally disturbed condition","[""pathologic""]","[""a pathological liar"",""a pathological urge to succeed"",""pathological laboratory""]","5","high","WordNet 3.1; CMU Pronouncing Dictionary; cross-list GRE frequency ranking","https://github.com/Xatta-Trone/gre-words-collection","2026-07-16"
"vocab-1182","patrician","P AH0 T R IH1 SH AH0 N","adjective","befitting a person of noble origin","[]","[""a patrician nose""]","5","high","WordNet 3.1; CMU Pronouncing Dictionary; cross-list GRE frequency ranking","https://github.com/Xatta-Trone/gre-words-collection","2026-07-16"
"vocab-1183","pecuniary","P EH0 K Y UW1 N IY0 EH2 R IY0","adjective","relating to or involving money","[""monetary""]","[""monetary rewards"",""he received thanks but no pecuniary compensation for his services""]","5","high","WordNet 3.1; CMU Pronouncing Dictionary; cross-list GRE frequency ranking","https://github.com/Xatta-Trone/gre-words-collection","2026-07-16"
"vocab-1184","pedagogue","","noun","someone who educates young people  ","[""educator"",""pedagog""]","[]","5","high","WordNet 3.1; CMU Pronouncing Dictionary; cross-list GRE frequency ranking","https://github.com/Xatta-Trone/gre-words-collection","2026-07-16"
"vocab-1185","peevish","P IY1 V IH0 SH","adjective","easily irritated or annoyed","[""cranky"",""fractious"",""irritable"",""nettlesome"",""peckish"",""pettish"",""petulant"",""scratchy"",""testy"",""tetchy""]","[""an incorrigibly fractious young man"",""not the least nettlesome of his countrymen""]","5","high","WordNet 3.1; CMU Pronouncing Dictionary; cross-list GRE frequency ranking","https://github.com/Xatta-Trone/gre-words-collection","2026-07-16"
"vocab-1186","penitent","P EH1 N IH0 T IH0 N T","adjective","feeling or expressing remorse for misdeeds  ","[""repentant""]","[]","5","high","WordNet 3.1; CMU Pronouncing Dictionary; cross-list GRE frequency ranking","https://github.com/Xatta-Trone/gre-words-collection","2026-07-16"
"vocab-1187","perjury","P ER1 JH ER0 IY0","noun","criminal offense of making false statements under oath  ","[""bearing false witness"",""lying under oath""]","[]","5","high","WordNet 3.1; CMU Pronouncing Dictionary; cross-list GRE frequency ranking","https://github.com/Xatta-Trone/gre-words-collection","2026-07-16"
"vocab-1188","perquisite","P ER1 K W AH0 Z IH0 T","noun","a right reserved exclusively by a particular person or group (especially a hereditary or official right)","[""prerogative"",""privilege"",""exclusive right"",""fringe benefit"",""perk""]","[""suffrage was the prerogative of white adult males"",""a limousine is one of the fringe benefits of the job""]","5","high","WordNet 3.1; CMU Pronouncing Dictionary; cross-list GRE frequency ranking","https://github.com/Xatta-Trone/gre-words-collection","2026-07-16"
"vocab-1189","pique","P IY1 K","verb","cause to feel resentment or indignation","[""offend"",""temper"",""irritation""]","[""Her tactless remark offended me"",""his temper sparked like damp firewood""]","5","high","WordNet 3.1; CMU Pronouncing Dictionary; cross-list GRE frequency ranking","https://github.com/Xatta-Trone/gre-words-collection","2026-07-16"
"vocab-1190","plasticity","","noun","the property of being physically malleable","[""malleability""]","[""the property of something that can be worked or hammered or shaped without breaking""]","5","high","WordNet 3.1; CMU Pronouncing Dictionary; cross-list GRE frequency ranking","https://github.com/Xatta-Trone/gre-words-collection","2026-07-16"
"vocab-1191","pliant","P L AY1 AH0 N T","adjective","capable of being bent or flexed or twisted without breaking","[""bendable"",""pliable"",""waxy"",""elastic"",""flexible"",""ductile"",""malleable"",""tensile"",""tractile""]","[""a flexible wire"",""a pliant young tree"",""an adaptable person"",""a flexible personality""]","5","high","WordNet 3.1; CMU Pronouncing Dictionary; cross-list GRE frequency ranking","https://github.com/Xatta-Trone/gre-words-collection","2026-07-16"
"vocab-1192","plucky","P L AH1 K IY0","adjective","showing courage","[""feisty"",""spunky"",""gutsy""]","[""the champion is faced with a feisty challenger"",""robust and uninhibited"",""you have to admire her"",""it was a gutsy thing to do""]","5","high","WordNet 3.1; CMU Pronouncing Dictionary; cross-list GRE frequency ranking","https://github.com/Xatta-Trone/gre-words-collection","2026-07-16"
"vocab-1193","plumb","P L AH1 M","adverb","exactly","[""plum""]","[""fell plumb in the middle of the puddle"",""the tower of Pisa is far out of plumb""]","5","high","WordNet 3.1; CMU Pronouncing Dictionary; cross-list GRE frequency ranking","https://github.com/Xatta-Trone/gre-words-collection","2026-07-16"
"vocab-1194","plutocracy","","noun","a political system governed by the wealthy people  ","[]","[]","5","high","WordNet 3.1; CMU Pronouncing Dictionary; cross-list GRE frequency ranking","https://github.com/Xatta-Trone/gre-words-collection","2026-07-16"
"vocab-1195","politic","P AA1 L AH0 T IH2 K","adjective","smoothly agreeable and courteous with a degree of sophistication","[""smooth"",""suave"",""bland""]","[""he was too politic to quarrel with so important a personage"",""the manager pacified the customer with a smooth apology for the error"",""it is neither polite nor politic to get into other people's quarrels"",""a politic decision""]","5","high","WordNet 3.1; CMU Pronouncing Dictionary; cross-list GRE frequency ranking","https://github.com/Xatta-Trone/gre-words-collection","2026-07-16"
"vocab-1196","polyglot","P AA2 L IY2 G L AA0 T","adjective","having a command of or composed in many languages","[]","[""a polyglot traveler"",""a polyglot Bible contains versions in different languages""]","5","high","WordNet 3.1; CMU Pronouncing Dictionary; cross-list GRE frequency ranking","https://github.com/Xatta-Trone/gre-words-collection","2026-07-16"
"vocab-1197","preamble","P R IY0 AE1 M B AH0 L","verb","make a preliminary introduction, usually to a formal document  ","[]","[]","5","high","WordNet 3.1; CMU Pronouncing Dictionary; cross-list GRE frequency ranking","https://github.com/Xatta-Trone/gre-words-collection","2026-07-16"
"vocab-1198","predecessor","P R EH1 D AH0 S EH2 S ER0","noun","one who precedes you in time (as in holding a position or office)  ","[]","[]","5","high","WordNet 3.1; CMU Pronouncing Dictionary; cross-list GRE frequency ranking","https://github.com/Xatta-Trone/gre-words-collection","2026-07-16"
"vocab-1199","presentiment","","noun","a feeling of evil to come","[""foreboding"",""premonition"",""boding""]","[""a steadily escalating sense of foreboding"",""the lawyer had a presentiment that the judge would dismiss the case""]","5","high","WordNet 3.1; CMU Pronouncing Dictionary; cross-list GRE frequency ranking","https://github.com/Xatta-Trone/gre-words-collection","2026-07-16"
"vocab-1200","presumption","P R IH0 Z AH1 M P SH AH0 N","noun","a kind of discourtesy in the form of an act of presuming","[""presumptuousness"",""effrontery"",""assumption""]","[""his presumption was intolerable"",""he despised them for their presumptuousness""]","5","high","WordNet 3.1; CMU Pronouncing Dictionary; cross-list GRE frequency ranking","https://github.com/Xatta-Trone/gre-words-collection","2026-07-16"
"vocab-1201","pretentious","P R IY0 T EH1 N SH AH0 S","adjective","making claim to or creating an appearance of (often undeserved) importance or distinction","[]","[""a pretentious country house"",""a pretentious fraud"",""a pretentious scholarly edition""]","5","high","WordNet 3.1; CMU Pronouncing Dictionary; cross-list GRE frequency ranking","https://github.com/Xatta-Trone/gre-words-collection","2026-07-16"
"vocab-1202","profound","P R OW0 F AW1 N D","adjective","situated at or extending to great depth","[""unfathomed"",""unplumbed"",""unsounded""]","[""too deep to have been sounded or plumbed"",""the profound depths of the sea"",""the dark unfathomed caves of ocean-Thomas Gray"",""unplumbed depths of the sea""]","5","high","WordNet 3.1; CMU Pronouncing Dictionary; cross-list GRE frequency ranking","https://github.com/Xatta-Trone/gre-words-collection","2026-07-16"
"vocab-1203","profusion","P R AH0 F Y UW1 ZH AH0 N","noun","the property of being extremely abundant","[""profuseness"",""richness"",""cornucopia""]","[""the profusion of detail"",""the idiomatic richness of English""]","5","high","WordNet 3.1; CMU Pronouncing Dictionary; cross-list GRE frequency ranking","https://github.com/Xatta-Trone/gre-words-collection","2026-07-16"
"vocab-1204","proletarian","P R OW2 L AH0 T EH1 R IY0 AH0 N","adjective","belonging to or characteristic of the proletariat  ","[""prole"",""worker""]","[""workers of the world--unite!""]","5","high","WordNet 3.1; CMU Pronouncing Dictionary; cross-list GRE frequency ranking","https://github.com/Xatta-Trone/gre-words-collection","2026-07-16"
"vocab-1205","prolific","P R OW0 L IH1 F IH0 K","adjective","bearing in abundance especially offspring","[""fertile""]","[""flying foxes are extremely prolific"",""a prolific pear tree""]","5","high","WordNet 3.1; CMU Pronouncing Dictionary; cross-list GRE frequency ranking","https://github.com/Xatta-Trone/gre-words-collection","2026-07-16"
"vocab-1206","prolix","","adjective","tediously prolonged or tending to speak or write at great length","[]","[""editing a prolix manuscript"",""a prolix lecturer telling you more than you want to know""]","5","high","WordNet 3.1; CMU Pronouncing Dictionary; cross-list GRE frequency ranking","https://github.com/Xatta-Trone/gre-words-collection","2026-07-16"
"vocab-1207","prologue","P R OW1 L AA0 G","noun","an introduction to a play  ","[]","[]","5","high","WordNet 3.1; CMU Pronouncing Dictionary; cross-list GRE frequency ranking","https://github.com/Xatta-Trone/gre-words-collection","2026-07-16"
"vocab-1208","prophetic","P R AH0 F EH1 T IH0 K","adjective","foretelling events as if by supernatural intervention","[""prophetical""]","[""prophetic writings"",""prophetic powers"",""words that proved prophetic""]","5","high","WordNet 3.1; CMU Pronouncing Dictionary; cross-list GRE frequency ranking","https://github.com/Xatta-Trone/gre-words-collection","2026-07-16"
"vocab-1209","proponent","P R AH0 P OW1 N AH0 N T","noun","a person who pleads for a cause or propounds an idea  ","[""advocate"",""advocator"",""exponent""]","[]","5","high","WordNet 3.1; CMU Pronouncing Dictionary; cross-list GRE frequency ranking","https://github.com/Xatta-Trone/gre-words-collection","2026-07-16"
"vocab-1210","protean","P R OW0 T IY1 AH0 N","adjective","taking on different forms","[]","[""eyes...of that baffling protean grey which is never twice the same""]","5","high","WordNet 3.1; CMU Pronouncing Dictionary; cross-list GRE frequency ranking","https://github.com/Xatta-Trone/gre-words-collection","2026-07-16"
"vocab-1211","provisional","P R AH0 V IH1 ZH AH0 N AH0 L","adjective","under terms not final or fully worked out or agreed upon","[""probationary"",""provisionary"",""tentative""]","[""probationary employees"",""a provisional government"",""just a tentative schedule""]","5","high","WordNet 3.1; CMU Pronouncing Dictionary; cross-list GRE frequency ranking","https://github.com/Xatta-Trone/gre-words-collection","2026-07-16"
"vocab-1212","pulchritude","","noun","physical beauty (especially of a woman)  ","[]","[]","5","high","WordNet 3.1; CMU Pronouncing Dictionary; cross-list GRE frequency ranking","https://github.com/Xatta-Trone/gre-words-collection","2026-07-16"
"vocab-1213","quaff","K W AA1 F","noun","a hearty draft  ","[]","[]","5","high","WordNet 3.1; CMU Pronouncing Dictionary; cross-list GRE frequency ranking","https://github.com/Xatta-Trone/gre-words-collection","2026-07-16"
"vocab-1214","quarantine","K W AO1 R AH0 N T IY2 N","verb","place into enforced isolation, as for medical reasons","[]","[""My dog was quarantined before he could live in England""]","5","high","WordNet 3.1; CMU Pronouncing Dictionary; cross-list GRE frequency ranking","https://github.com/Xatta-Trone/gre-words-collection","2026-07-16"
"vocab-1215","queue","K Y UW1","noun","a braid of hair at the back of the head  ","[""waiting line""]","[]","5","high","WordNet 3.1; CMU Pronouncing Dictionary; cross-list GRE frequency ranking","https://github.com/Xatta-Trone/gre-words-collection","2026-07-16"
"vocab-1216","quip","K W IH1 P","verb","make jokes or quips","[""gag"",""wisecrack"",""crack"",""sally"",""epigram""]","[""The students were gagging during dinner""]","5","high","WordNet 3.1; CMU Pronouncing Dictionary; cross-list GRE frequency ranking","https://github.com/Xatta-Trone/gre-words-collection","2026-07-16"
"vocab-1217","rampart","R AE1 M P AA2 R T","noun","an embankment built around a space for defensive purposes","[""bulwark"",""wall""]","[""they stormed the ramparts of the city"",""they blew the trumpet and the walls came tumbling down""]","5","high","WordNet 3.1; CMU Pronouncing Dictionary; cross-list GRE frequency ranking","https://github.com/Xatta-Trone/gre-words-collection","2026-07-16"
"vocab-1218","rancor","R AE1 NG K ER0","noun","a feeling of deep and bitter anger and ill-will  ","[""resentment"",""bitterness"",""gall"",""rancour""]","[]","5","high","WordNet 3.1; CMU Pronouncing Dictionary; cross-list GRE frequency ranking","https://github.com/Xatta-Trone/gre-words-collection","2026-07-16"
"vocab-1219","rapacious","R AH0 P AE1 SH IH0 S","adjective","excessively greedy and grasping","[""ravening"",""voracious""]","[""a rapacious divorcee on the prowl"",""ravening creditors"",""paying taxes to voracious governments""]","5","high","WordNet 3.1; CMU Pronouncing Dictionary; cross-list GRE frequency ranking","https://github.com/Xatta-Trone/gre-words-collection","2026-07-16"
"vocab-1220","rapt","R AE1 P T","adjective","feeling great rapture or delight  ","[""ecstatic"",""enraptured"",""rapturous"",""rhapsodic""]","[]","5","high","WordNet 3.1; CMU Pronouncing Dictionary; cross-list GRE frequency ranking","https://github.com/Xatta-Trone/gre-words-collection","2026-07-16"
"vocab-1221","raucous","R AO1 K AH0 S","adjective","disturbing the public peace","[""rowdy"",""strident""]","[""loud and rough"",""a raucous party"",""rowdy teenagers""]","5","high","WordNet 3.1; CMU Pronouncing Dictionary; cross-list GRE frequency ranking","https://github.com/Xatta-Trone/gre-words-collection","2026-07-16"
"vocab-1222","ravenous","R AE1 V AH0 N AH0 S","adjective","devouring or craving food in great quantities","[""edacious"",""esurient"",""rapacious"",""ravening"",""voracious"",""wolfish"",""famished"",""sharp-set"",""starved""]","[""edacious vultures"",""a rapacious appetite"",""ravenous as wolves"",""voracious sharks""]","5","high","WordNet 3.1; CMU Pronouncing Dictionary; cross-list GRE frequency ranking","https://github.com/Xatta-Trone/gre-words-collection","2026-07-16"
"vocab-1223","reactionary","R IY0 AE1 K SH AH0 N EH2 R IY0","adjective","opposed to political or social liberalism or reform  ","[""reactionist"",""far-right"",""ultraconservative"",""extreme right-winger""]","[""an opponent of progress or liberalism""]","5","high","WordNet 3.1; CMU Pronouncing Dictionary; cross-list GRE frequency ranking","https://github.com/Xatta-Trone/gre-words-collection","2026-07-16"
"vocab-1224","recourse","R IY1 K AO0 R S","noun","something or someone turned to for assistance or security","[""refuge"",""resort""]","[""his only recourse was the police"",""took refuge in lying"",""have recourse to the courts"",""an appeal to his uncle was his last resort""]","5","high","WordNet 3.1; CMU Pronouncing Dictionary; cross-list GRE frequency ranking","https://github.com/Xatta-Trone/gre-words-collection","2026-07-16"
"vocab-1225","redolent","R EH1 D AH0 L AH0 N T","adjective","having a strong pleasant odor","[""aromatic"",""redolent(p)"",""smelling(p)"",""evocative"",""remindful"",""reminiscent"",""resonant""]","[""the pine woods were more redolent- Jean Stafford"",""the hall was redolent of floor wax"",""air redolent with the fumes of beer and whiskey"",""cannot forbear to close on this redolent literary note- Wilder Hobson""]","5","high","WordNet 3.1; CMU Pronouncing Dictionary; cross-list GRE frequency ranking","https://github.com/Xatta-Trone/gre-words-collection","2026-07-16"
"vocab-1226","refulgent","","adjective","radiating or as if radiating light","[""beaming"",""beamy"",""effulgent"",""radiant""]","[""the beaming sun"",""the effulgent daffodils"",""a radiant sunrise"",""a refulgent sunset""]","5","high","WordNet 3.1; CMU Pronouncing Dictionary; cross-list GRE frequency ranking","https://github.com/Xatta-Trone/gre-words-collection","2026-07-16"
"vocab-1227","reiterate","R IY0 IH1 T ER0 EY2 T","verb","to say, state, or perform again","[""repeat"",""ingeminate"",""iterate"",""restate"",""retell""]","[""She kept reiterating her request""]","5","high","WordNet 3.1; CMU Pronouncing Dictionary; cross-list GRE frequency ranking","https://github.com/Xatta-Trone/gre-words-collection","2026-07-16"
"vocab-1228","rejoinder","R IH0 JH OY1 N D ER0","noun","(law) a pleading made by a defendant in response to the plaintiff's replication  ","[""retort"",""return"",""riposte"",""replication"",""comeback"",""counter""]","[""it brought a sharp rejoinder from the teacher""]","5","high","WordNet 3.1; CMU Pronouncing Dictionary; cross-list GRE frequency ranking","https://github.com/Xatta-Trone/gre-words-collection","2026-07-16"
"vocab-1229","relent","R IH0 L EH1 N T","verb","give in, as to influence or pressure  ","[""yield"",""soften""]","[]","5","high","WordNet 3.1; CMU Pronouncing Dictionary; cross-list GRE frequency ranking","https://github.com/Xatta-Trone/gre-words-collection","2026-07-16"
"vocab-1230","relinquish","R IH0 L IH1 NG K W IH0 SH","verb","release, as from one's grip","[""let go of"",""let go"",""release"",""foreswear"",""renounce"",""quit"",""waive"",""forgo"",""forego"",""dispense with""]","[""Let go of the door handle, please!"",""relinquish your grip on the rope--you won't fall"",""give up"",""I am foreswearing women forever""]","5","high","WordNet 3.1; CMU Pronouncing Dictionary; cross-list GRE frequency ranking","https://github.com/Xatta-Trone/gre-words-collection","2026-07-16"
"vocab-1231","rend","","verb","tear or be torn violently","[""rip"",""rive"",""pull""]","[""The curtain ripped from top to bottom"",""pull the cooked chicken into strips""]","5","high","WordNet 3.1; CMU Pronouncing Dictionary; cross-list GRE frequency ranking","https://github.com/Xatta-Trone/gre-words-collection","2026-07-16"
"vocab-1232","render","R EH1 N D ER0","verb","coat with plastic or cement","[""return"",""submit""]","[""render the brick walls in the den"",""render money"",""They had to render the estate""]","5","high","WordNet 3.1; CMU Pronouncing Dictionary; cross-list GRE frequency ranking","https://github.com/Xatta-Trone/gre-words-collection","2026-07-16"
"vocab-1233","renounce","R IH0 N AW1 N S","verb","cast off","[""disown"",""repudiate"",""foreswear"",""quit"",""relinquish"",""vacate"",""resign"",""give up""]","[""She renounced her husband"",""The parents repudiated their son"",""give up"",""I am foreswearing women forever""]","5","high","WordNet 3.1; CMU Pronouncing Dictionary; cross-list GRE frequency ranking","https://github.com/Xatta-Trone/gre-words-collection","2026-07-16"
"vocab-1234","repast","","noun","the food served and eaten at one time  ","[""meal""]","[]","5","high","WordNet 3.1; CMU Pronouncing Dictionary; cross-list GRE frequency ranking","https://github.com/Xatta-Trone/gre-words-collection","2026-07-16"
"vocab-1235","repeal","R IH0 P IY1 L","verb","cancel officially","[""revoke"",""annul"",""lift"",""countermand"",""reverse"",""overturn"",""rescind"",""vacate"",""abrogation"",""annulment""]","[""He revoked the ban on smoking"",""lift an embargo"",""vacate a death sentence"",""an official or legal cancellation""]","5","high","WordNet 3.1; CMU Pronouncing Dictionary; cross-list GRE frequency ranking","https://github.com/Xatta-Trone/gre-words-collection","2026-07-16"
"vocab-1236","repertoire","R EH1 P ER0 T W AA2 R","noun","a collection of works (plays, songs, operas, ballets) that an artist or company can perform and do perform for short intervals on a regular schedule  ","[""repertory""]","[]","5","high","WordNet 3.1; CMU Pronouncing Dictionary; cross-list GRE frequency ranking","https://github.com/Xatta-Trone/gre-words-collection","2026-07-16"
"vocab-1237","repine","","verb","express discontent  ","[]","[]","5","high","WordNet 3.1; CMU Pronouncing Dictionary; cross-list GRE frequency ranking","https://github.com/Xatta-Trone/gre-words-collection","2026-07-16"
"vocab-1238","repose","R IY0 P OW1 Z","verb","to put something (eg trust) in something","[]","[""The nation reposed its confidence in the King"",""Mao reposes in his mausoleum"",""These philosophers reposed the law in the people""]","5","high","WordNet 3.1; CMU Pronouncing Dictionary; cross-list GRE frequency ranking","https://github.com/Xatta-Trone/gre-words-collection","2026-07-16"
"vocab-1239","reprisal","R IY0 P R AY1 Z AH0 L","noun","a retaliatory action against an enemy in wartime  ","[]","[]","5","high","WordNet 3.1; CMU Pronouncing Dictionary; cross-list GRE frequency ranking","https://github.com/Xatta-Trone/gre-words-collection","2026-07-16"
"vocab-1240","resolve","R IY0 Z AA1 L V","verb","find the solution","[""solve""]","[""solve an equation"",""solve for x"",""can this image be resolved?""]","5","high","WordNet 3.1; CMU Pronouncing Dictionary; cross-list GRE frequency ranking","https://github.com/Xatta-Trone/gre-words-collection","2026-07-16"
"vocab-1241","resurgent","R IH0 S ER1 JH AH0 N T","adjective","rising again as to new life and vigor","[""renascent""]","[""resurgent nationalism""]","5","high","WordNet 3.1; CMU Pronouncing Dictionary; cross-list GRE frequency ranking","https://github.com/Xatta-Trone/gre-words-collection","2026-07-16"
"vocab-1242","retinue","R EH1 T AH0 N UW2","noun","the group following and attending to some important person  ","[""cortege"",""suite"",""entourage""]","[]","5","high","WordNet 3.1; CMU Pronouncing Dictionary; cross-list GRE frequency ranking","https://github.com/Xatta-Trone/gre-words-collection","2026-07-16"
"vocab-1243","retort","R IY1 T AO2 R T","verb","answer back  ","[""come back"",""repay"",""return"",""riposte"",""rejoin""]","[]","5","high","WordNet 3.1; CMU Pronouncing Dictionary; cross-list GRE frequency ranking","https://github.com/Xatta-Trone/gre-words-collection","2026-07-16"
"vocab-1244","retrench","R IY0 T R EH1 N CH","verb","make a reduction, as in one's workforce","[]","[""The company had to retrench"",""use resources carefully""]","5","high","WordNet 3.1; CMU Pronouncing Dictionary; cross-list GRE frequency ranking","https://github.com/Xatta-Trone/gre-words-collection","2026-07-16"
"vocab-1245","retrospective","R EH2 T R AH0 S P EH1 K T IH0 V","adjective","concerned with or related to the past","[]","[""retrospective self-justification""]","5","high","WordNet 3.1; CMU Pronouncing Dictionary; cross-list GRE frequency ranking","https://github.com/Xatta-Trone/gre-words-collection","2026-07-16"
"vocab-1246","rife","R AY1 F","adjective","excessively abundant  ","[""overabundant"",""plethoric"",""prevailing"",""prevalent"",""predominant"",""dominant""]","[""prevailing winds""]","5","high","WordNet 3.1; CMU Pronouncing Dictionary; cross-list GRE frequency ranking","https://github.com/Xatta-Trone/gre-words-collection","2026-07-16"
"vocab-1247","rococo","R AH0 K OW1 K OW2","adjective","having excessive asymmetrical ornamentation","[]","[""an exquisite gilded rococo mirror""]","5","high","WordNet 3.1; CMU Pronouncing Dictionary; cross-list GRE frequency ranking","https://github.com/Xatta-Trone/gre-words-collection","2026-07-16"
"vocab-1248","sage","S EY1 JH","adjective","of the grey-green color of sage leaves  ","[""sage-green"",""salvia""]","[""a cosmopolitan herb""]","5","high","WordNet 3.1; CMU Pronouncing Dictionary; cross-list GRE frequency ranking","https://github.com/Xatta-Trone/gre-words-collection","2026-07-16"
"vocab-1249","sartorial","S AA0 R T AO1 R IY0 AH0 L","adjective","of or relating to a tailor or to tailoring  ","[]","[]","5","high","WordNet 3.1; CMU Pronouncing Dictionary; cross-list GRE frequency ranking","https://github.com/Xatta-Trone/gre-words-collection","2026-07-16"
"vocab-1250","saturate","S AE1 CH ER0 EY2 T","verb","cause (a chemical compound, vapour, solution, magnetic material) to unite with the greatest possible amount of another substance  ","[]","[]","5","high","WordNet 3.1; CMU Pronouncing Dictionary; cross-list GRE frequency ranking","https://github.com/Xatta-Trone/gre-words-collection","2026-07-16"
"vocab-1251","savant","S AH0 V AA1 N T","noun","someone who has been admitted to membership in a scholarly field  ","[""initiate"",""learned person"",""pundit""]","[]","5","high","WordNet 3.1; CMU Pronouncing Dictionary; cross-list GRE frequency ranking","https://github.com/Xatta-Trone/gre-words-collection","2026-07-16"
"vocab-1252","scabbard","S K AE1 B ER0 D","noun","a sheath for a sword or dagger or bayonet  ","[]","[]","5","high","WordNet 3.1; CMU Pronouncing Dictionary; cross-list GRE frequency ranking","https://github.com/Xatta-Trone/gre-words-collection","2026-07-16"
"vocab-1253","scintilla","S IH0 N T IH1 L AH0","noun","a sparkling glittering particle  ","[]","[]","5","high","WordNet 3.1; CMU Pronouncing Dictionary; cross-list GRE frequency ranking","https://github.com/Xatta-Trone/gre-words-collection","2026-07-16"
"vocab-1254","sedition","S IH0 D IH1 SH AH0 N","noun","an illegal action inciting resistance to lawful authority and tending to cause the disruption or overthrow of the government  ","[]","[]","5","high","WordNet 3.1; CMU Pronouncing Dictionary; cross-list GRE frequency ranking","https://github.com/Xatta-Trone/gre-words-collection","2026-07-16"
"vocab-1255","sententious","","adjective","abounding in or given to pompous or aphoristic moralizing","[]","[""too often the significant episode deteriorates into sententious conversation- Kathleen Barnes""]","5","high","WordNet 3.1; CMU Pronouncing Dictionary; cross-list GRE frequency ranking","https://github.com/Xatta-Trone/gre-words-collection","2026-07-16"
"vocab-1256","sentimental","S EH2 N T AH0 M EH1 N T AH0 L","adjective","given to or marked by sentiment or sentimentality  ","[]","[]","5","high","WordNet 3.1; CMU Pronouncing Dictionary; cross-list GRE frequency ranking","https://github.com/Xatta-Trone/gre-words-collection","2026-07-16"
"vocab-1257","sentinel","S EH1 N T AH0 N AH0 L","noun","a person employed to keep watch for some anticipated event  ","[""lookout"",""lookout man"",""sentry"",""watch"",""spotter"",""scout"",""picket""]","[]","5","high","WordNet 3.1; CMU Pronouncing Dictionary; cross-list GRE frequency ranking","https://github.com/Xatta-Trone/gre-words-collection","2026-07-16"
"vocab-1258","serendipity","S EH2 R AH0 N D IH1 P IH0 T IY0","noun","good luck in making unexpected and fortunate discoveries  ","[]","[]","5","high","WordNet 3.1; CMU Pronouncing Dictionary; cross-list GRE frequency ranking","https://github.com/Xatta-Trone/gre-words-collection","2026-07-16"
"vocab-1259","skittish","S K IH1 T IH0 SH","adjective","unpredictably excitable (especially of horses)  ","[""flighty"",""spooky"",""nervous""]","[]","5","high","WordNet 3.1; CMU Pronouncing Dictionary; cross-list GRE frequency ranking","https://github.com/Xatta-Trone/gre-words-collection","2026-07-16"
"vocab-1260","slake","","verb","make less active or intense  ","[""abate"",""slack""]","[]","5","high","WordNet 3.1; CMU Pronouncing Dictionary; cross-list GRE frequency ranking","https://github.com/Xatta-Trone/gre-words-collection","2026-07-16"
"vocab-1261","slew","S L UW1","verb","move obliquely or sideways, usually in an uncontrolled manner","[""skid"",""slip"",""slue"",""slide"",""swerve"",""sheer"",""curve"",""trend"",""veer"",""cut""]","[""the wheels skidded against the sidewalk"",""change direction abruptly"",""The car cut to the left at the intersection"",""The motorbike veered to the right""]","5","high","WordNet 3.1; CMU Pronouncing Dictionary; cross-list GRE frequency ranking","https://github.com/Xatta-Trone/gre-words-collection","2026-07-16"
"vocab-1262","smug","S M AH1 G","adjective","marked by excessive complacency or self-satisfaction","[""self-satisfied""]","[""a smug glow of self-congratulation""]","5","high","WordNet 3.1; CMU Pronouncing Dictionary; cross-list GRE frequency ranking","https://github.com/Xatta-Trone/gre-words-collection","2026-07-16"
"vocab-1263","snub","S N AH1 B","adjective","unusually short","[""cut"",""cold shoulder""]","[""a snub nose"",""the snub was clearly intentional""]","5","high","WordNet 3.1; CMU Pronouncing Dictionary; cross-list GRE frequency ranking","https://github.com/Xatta-Trone/gre-words-collection","2026-07-16"
"vocab-1264","somber","S AA1 M B ER0","adjective","grave or even gloomy in character","[""sombre"",""melancholy""]","[""solemn and mournful music"",""a suit of somber black"",""a somber mood""]","5","high","WordNet 3.1; CMU Pronouncing Dictionary; cross-list GRE frequency ranking","https://github.com/Xatta-Trone/gre-words-collection","2026-07-16"
"vocab-1265","somnolent","S AA1 M N AH0 L AH0 N T","adjective","inclined to or marked by drowsiness","[""slumberous"",""slumbery"",""slumbrous""]","[""slumberous (or slumbrous) eyes"",""`slumbery' is archaic"",""the sound had a somnolent effect""]","5","high","WordNet 3.1; CMU Pronouncing Dictionary; cross-list GRE frequency ranking","https://github.com/Xatta-Trone/gre-words-collection","2026-07-16"
"vocab-1266","sonorous","S AA1 N ER0 AH0 S","adjective","full and loud and deep","[""heavy""]","[""heavy sounds"",""a herald chosen for his sonorous voice""]","5","high","WordNet 3.1; CMU Pronouncing Dictionary; cross-list GRE frequency ranking","https://github.com/Xatta-Trone/gre-words-collection","2026-07-16"
"vocab-1267","sophistry","S AO1 F IH0 S T R IY2","noun","a deliberately invalid argument displaying ingenuity in reasoning in the hope of deceiving someone  ","[""sophism"",""sophistication""]","[]","5","high","WordNet 3.1; CMU Pronouncing Dictionary; cross-list GRE frequency ranking","https://github.com/Xatta-Trone/gre-words-collection","2026-07-16"
"vocab-1268","sound","S AW1 N D","adjective","complete","[]","[""thorough"",""politicians have no sound grasp of technology issues"",""he has a sound understanding of the law"",""a man of sound character""]","5","high","WordNet 3.1; CMU Pronouncing Dictionary; cross-list GRE frequency ranking","https://github.com/Xatta-Trone/gre-words-collection","2026-07-16"
"vocab-1269","spate","S P EY1 T","noun","the occurrence of a water flow resulting from sudden rain or melting snow  ","[""freshet"",""rush"",""surge"",""upsurge"",""batch"",""deal"",""flock"",""good deal"",""great deal"",""hatful""]","[""a batch of letters"",""a deal of trouble"",""a lot of money"",""he made a mint on the stock market""]","5","high","WordNet 3.1; CMU Pronouncing Dictionary; cross-list GRE frequency ranking","https://github.com/Xatta-Trone/gre-words-collection","2026-07-16"
"vocab-1270","spectrum","S P EH1 K T R AH0 M","noun","a broad range of related objects or values or qualities or ideas or activities  ","[]","[]","5","high","WordNet 3.1; CMU Pronouncing Dictionary; cross-list GRE frequency ranking","https://github.com/Xatta-Trone/gre-words-collection","2026-07-16"
"vocab-1271","stanza","S T AE1 N Z AH0","noun","a fixed number of lines of verse forming a unit of a poem  ","[]","[]","5","high","WordNet 3.1; CMU Pronouncing Dictionary; cross-list GRE frequency ranking","https://github.com/Xatta-Trone/gre-words-collection","2026-07-16"
"vocab-1272","stifle","S T AY1 F AH0 L","verb","suppress or constrain so as to lessen in intensity","[""dampen"",""knee""]","[""Stifle your curiosity"",""corresponds to the human knee""]","5","high","WordNet 3.1; CMU Pronouncing Dictionary; cross-list GRE frequency ranking","https://github.com/Xatta-Trone/gre-words-collection","2026-07-16"
"vocab-1273","stipend","S T AY1 P AH0 N D","noun","a sum of money allotted on a regular basis","[]","[""usually for some specific purpose""]","5","high","WordNet 3.1; CMU Pronouncing Dictionary; cross-list GRE frequency ranking","https://github.com/Xatta-Trone/gre-words-collection","2026-07-16"
"vocab-1274","stratagem","S T R AE1 T AH0 JH AH0 M","noun","an elaborate or deceitful scheme contrived to deceive or evade","[""contrivance"",""dodge"",""ploy"",""gambit""]","[""his testimony was just a contrivance to throw us off the track""]","5","high","WordNet 3.1; CMU Pronouncing Dictionary; cross-list GRE frequency ranking","https://github.com/Xatta-Trone/gre-words-collection","2026-07-16"
"vocab-1275","stratum","S T R AE1 T AH0 M","noun","a subpopulation divided into a stratified sampling  ","[]","[]","5","high","WordNet 3.1; CMU Pronouncing Dictionary; cross-list GRE frequency ranking","https://github.com/Xatta-Trone/gre-words-collection","2026-07-16"
"vocab-1276","stricture","S T R IH1 K CH ER0","noun","severe criticism  ","[]","[]","5","high","WordNet 3.1; CMU Pronouncing Dictionary; cross-list GRE frequency ranking","https://github.com/Xatta-Trone/gre-words-collection","2026-07-16"
"vocab-1277","subjective","S AH0 B JH EH1 K T IH0 V","adjective","taking place within the mind and modified by individual bias","[]","[""a subjective judgment""]","5","high","WordNet 3.1; CMU Pronouncing Dictionary; cross-list GRE frequency ranking","https://github.com/Xatta-Trone/gre-words-collection","2026-07-16"
"vocab-1278","subjugate","S AH1 B JH AH0 G EY2 T","verb","make subservient","[""subject""]","[""force to submit or subdue""]","5","high","WordNet 3.1; CMU Pronouncing Dictionary; cross-list GRE frequency ranking","https://github.com/Xatta-Trone/gre-words-collection","2026-07-16"
"vocab-1279","subliminal","S AH0 B L IH1 M IH0 N AH0 L","adjective","below the threshold of conscious perception  ","[]","[]","5","high","WordNet 3.1; CMU Pronouncing Dictionary; cross-list GRE frequency ranking","https://github.com/Xatta-Trone/gre-words-collection","2026-07-16"
"vocab-1280","subservient","S AH0 B S ER1 V IY0 AH0 N T","adjective","compliant and obedient to authority","[]","[""editors and journalists who express opinions in print that are opposed to the interests of the rich are dismissed and replaced by subservient ones-G. B. Shaw""]","5","high","WordNet 3.1; CMU Pronouncing Dictionary; cross-list GRE frequency ranking","https://github.com/Xatta-Trone/gre-words-collection","2026-07-16"
"vocab-1281","subtle","S AH1 T AH0 L","adjective","able to make fine distinctions","[]","[""a subtle mind""]","5","high","WordNet 3.1; CMU Pronouncing Dictionary; cross-list GRE frequency ranking","https://github.com/Xatta-Trone/gre-words-collection","2026-07-16"
"vocab-1282","succinct","S AH0 K S IH1 NG K T","adjective","briefly giving the gist of something","[""compendious"",""compact"",""summary""]","[""a short and compendious book"",""a compact style is brief and pithy"",""succinct comparisons"",""a summary formulation of a wide-ranging subject""]","5","high","WordNet 3.1; CMU Pronouncing Dictionary; cross-list GRE frequency ranking","https://github.com/Xatta-Trone/gre-words-collection","2026-07-16"
"vocab-1283","sully","S AH1 L IY0","verb","charge falsely or with malicious intent","[""defame"",""slander"",""smirch"",""asperse"",""denigrate"",""calumniate"",""smear"",""besmirch"",""tarnish"",""stain""]","[""attack the good name and reputation of someone"",""The journalists have defamed me!"",""The article in the paper sullied my reputation"",""also used metaphorically""]","5","high","WordNet 3.1; CMU Pronouncing Dictionary; cross-list GRE frequency ranking","https://github.com/Xatta-Trone/gre-words-collection","2026-07-16"
"vocab-1284","superficial","S UW2 P ER0 F IH1 SH AH0 L","adjective","occurring on or near the surface of the skin","[""trivial""]","[""superficial burns"",""superficial facial injuries"",""a few superficial editorial changes"",""only trivial objections""]","5","high","WordNet 3.1; CMU Pronouncing Dictionary; cross-list GRE frequency ranking","https://github.com/Xatta-Trone/gre-words-collection","2026-07-16"
"vocab-1285","supine","S AH0 P AY1 N","adjective","passive as a result of indolence or indifference","[""resupine""]","[""No other colony showed such supine, selfish helplessness in allowing her own border citizens to be mercilessly harried- Theodore Roosevelt""]","5","high","WordNet 3.1; CMU Pronouncing Dictionary; cross-list GRE frequency ranking","https://github.com/Xatta-Trone/gre-words-collection","2026-07-16"
"vocab-1286","supple","S AH1 P AH0 L","verb","make pliant and flexible","[]","[""These boots are not yet suppled by frequent use""]","5","high","WordNet 3.1; CMU Pronouncing Dictionary; cross-list GRE frequency ranking","https://github.com/Xatta-Trone/gre-words-collection","2026-07-16"
"vocab-1287","symmetry","S IH1 M AH0 T R IY0","noun","balance among the parts of something  ","[""proportion"",""symmetricalness"",""correspondence"",""balance""]","[""exact reflection of form on opposite sides of a dividing line or plane""]","5","high","WordNet 3.1; CMU Pronouncing Dictionary; cross-list GRE frequency ranking","https://github.com/Xatta-Trone/gre-words-collection","2026-07-16"
"vocab-1288","tantalize","T AE1 N T AH0 L AY2 Z","verb","harass with persistent criticism or carping","[""tease"",""razz"",""rag"",""cod"",""tantalise"",""bait"",""taunt"",""twit"",""rally"",""ride""]","[""The children teased the new teacher"",""Don't ride me so hard over my failure"",""His fellow workers razzed him when he wore a jacket and tie""]","5","high","WordNet 3.1; CMU Pronouncing Dictionary; cross-list GRE frequency ranking","https://github.com/Xatta-Trone/gre-words-collection","2026-07-16"
"vocab-1289","temporize","T EH1 M P ER0 AY2 Z","verb","draw out a discussion or process in order to gain time","[""temporise""]","[""The speaker temporized in order to delay the vote""]","5","high","WordNet 3.1; CMU Pronouncing Dictionary; cross-list GRE frequency ranking","https://github.com/Xatta-Trone/gre-words-collection","2026-07-16"
"vocab-1290","tender","T EH1 N D ER0","adjective","(of plants) not hardy","[""untoughened""]","[""easily killed by adverse growing condition"",""tender green shoots"",""tender feet"",""tender beef""]","5","high","WordNet 3.1; CMU Pronouncing Dictionary; cross-list GRE frequency ranking","https://github.com/Xatta-Trone/gre-words-collection","2026-07-16"
"vocab-1291","tentative","T EH1 N T AH0 T IH0 V","adjective","unsettled in mind or opinion","[""doubtful"",""probationary"",""provisional"",""provisionary""]","[""drew a few tentative conclusions"",""probationary employees"",""a provisional government"",""just a tentative schedule""]","5","high","WordNet 3.1; CMU Pronouncing Dictionary; cross-list GRE frequency ranking","https://github.com/Xatta-Trone/gre-words-collection","2026-07-16"
"vocab-1292","testator","","noun","a person who makes a will  ","[""testate""]","[]","5","high","WordNet 3.1; CMU Pronouncing Dictionary; cross-list GRE frequency ranking","https://github.com/Xatta-Trone/gre-words-collection","2026-07-16"
"vocab-1293","thwart","TH W AO1 R T","verb","hinder or prevent (the efforts, plans, or desires) of","[""queer"",""spoil"",""scotch"",""foil"",""cross"",""frustrate"",""baffle"",""bilk"",""cross thwart""]","[""What ultimately frustrated every challenger was Ruth's amazing September surge"",""foil your opponent"",""used as a seat in a rowboat""]","5","high","WordNet 3.1; CMU Pronouncing Dictionary; cross-list GRE frequency ranking","https://github.com/Xatta-Trone/gre-words-collection","2026-07-16"
"vocab-1294","toady","","verb","try to gain favor by cringing or flattering","[""fawn"",""truckle"",""bootlick"",""kowtow"",""kotow"",""suck up""]","[""He is always kowtowing to his boss""]","5","high","WordNet 3.1; CMU Pronouncing Dictionary; cross-list GRE frequency ranking","https://github.com/Xatta-Trone/gre-words-collection","2026-07-16"
"vocab-1295","transgression","T R AE0 N Z G R EH1 SH AH0 N","noun","the action of going beyond or overstepping some boundary or limit  ","[""evildoing""]","[""the violation of a law or a duty or moral principle"",""the boy was punished for the transgressions of his father""]","5","high","WordNet 3.1; CMU Pronouncing Dictionary; cross-list GRE frequency ranking","https://github.com/Xatta-Trone/gre-words-collection","2026-07-16"
"vocab-1296","transmute","","verb","alter the nature of (elements)  ","[]","[]","5","high","WordNet 3.1; CMU Pronouncing Dictionary; cross-list GRE frequency ranking","https://github.com/Xatta-Trone/gre-words-collection","2026-07-16"
"vocab-1297","treacherous","T R EH1 CH ER0 AH0 S","adjective","dangerously unstable and unpredictable","[""unreliable""]","[""treacherous winding roads"",""an unreliable trestle""]","5","high","WordNet 3.1; CMU Pronouncing Dictionary; cross-list GRE frequency ranking","https://github.com/Xatta-Trone/gre-words-collection","2026-07-16"
"vocab-1298","trepidation","T R EH2 P IH0 D EY1 SH AH0 N","noun","a feeling of alarm or dread  ","[]","[]","5","high","WordNet 3.1; CMU Pronouncing Dictionary; cross-list GRE frequency ranking","https://github.com/Xatta-Trone/gre-words-collection","2026-07-16"
"vocab-1299","truncate","T R AH1 NG K EY2 T","adjective","terminating abruptly by having or as if having an end or point cut off","[""truncated"",""cut short""]","[""a truncate leaf"",""truncated volcanic mountains"",""a truncated pyramid"",""truncate a word""]","5","high","WordNet 3.1; CMU Pronouncing Dictionary; cross-list GRE frequency ranking","https://github.com/Xatta-Trone/gre-words-collection","2026-07-16"
"vocab-1300","turbid","T ER1 B IH0 D","adjective","(of liquids) clouded as with sediment","[""cloudy"",""muddy"",""mirky"",""murky""]","[""a cloudy liquid"",""muddy coffee"",""murky waters""]","5","high","WordNet 3.1; CMU Pronouncing Dictionary; cross-list GRE frequency ranking","https://github.com/Xatta-Trone/gre-words-collection","2026-07-16"
"vocab-1301","ulterior","AH0 L T IH1 R IY0 ER0","adjective","beyond or outside an area of immediate interest","[]","[""remote"",""a suggestion ulterior to the present discussion"",""without...any purpose, immediate or ulterior- G.B.Shaw""]","5","high","WordNet 3.1; CMU Pronouncing Dictionary; cross-list GRE frequency ranking","https://github.com/Xatta-Trone/gre-words-collection","2026-07-16"
"vocab-1302","uncanny","AH0 N K AE1 N IY0","adjective","surpassing the ordinary or normal","[""preternatural"",""eldritch"",""weird"",""unearthly""]","[""Beyond his preternatural affability there is some acid and some steel - George Will"",""his uncanny sense of direction"",""an eldritch screech"",""the three weird sisters""]","5","high","WordNet 3.1; CMU Pronouncing Dictionary; cross-list GRE frequency ranking","https://github.com/Xatta-Trone/gre-words-collection","2026-07-16"
"vocab-1303","unctuous","AH1 NG CH W AH0 S","adjective","unpleasantly and excessively suave or ingratiating in manner or speech","[""buttery"",""fulsome"",""oily"",""oleaginous"",""smarmy"",""soapy""]","[""buttery praise"",""gave him a fulsome introduction"",""an oily sycophantic press agent"",""oleaginous hypocrisy""]","5","high","WordNet 3.1; CMU Pronouncing Dictionary; cross-list GRE frequency ranking","https://github.com/Xatta-Trone/gre-words-collection","2026-07-16"
"vocab-1304","unequivocal","AH2 N IH0 K W IH1 V AH0 K AH0 L","adjective","admitting of no doubt or misunderstanding","[""univocal"",""unambiguous""]","[""having only one meaning or interpretation and leading to only one conclusion"",""unequivocal evidence"",""took an unequivocal position"",""an unequivocal success""]","5","high","WordNet 3.1; CMU Pronouncing Dictionary; cross-list GRE frequency ranking","https://github.com/Xatta-Trone/gre-words-collection","2026-07-16"
"vocab-1305","ungainly","AH0 N G EY1 N L IY0","adjective","difficult to handle or manage especially because of shape","[""awkward"",""bunglesome"",""clumsy"",""gawky"",""clunky"",""unwieldy""]","[""an awkward bundle to carry"",""a load of bunglesome paraphernalia"",""clumsy wooden shoes"",""the cello, a rather ungainly instrument for a girl""]","5","high","WordNet 3.1; CMU Pronouncing Dictionary; cross-list GRE frequency ranking","https://github.com/Xatta-Trone/gre-words-collection","2026-07-16"
"vocab-1306","unprecedented","AH0 N P R EH1 S IH0 D EH2 N T IH0 D","adjective","having no precedent","[]","[""novel"",""an unprecedented expansion in population and industry""]","5","high","WordNet 3.1; CMU Pronouncing Dictionary; cross-list GRE frequency ranking","https://github.com/Xatta-Trone/gre-words-collection","2026-07-16"
"vocab-1307","unruly","AH0 N R UW1 L IY0","adjective","incapable of being controlled","[""indocile"",""uncontrollable"",""ungovernable"",""disobedient"",""boisterous"",""rambunctious"",""robustious"",""rumbustious""]","[""the little boy's parents think he is spirited, but his teacher finds him unruly"",""unruly teenagers"",""a boisterous crowd"",""a social gathering that became rambunctious and out of hand""]","5","high","WordNet 3.1; CMU Pronouncing Dictionary; cross-list GRE frequency ranking","https://github.com/Xatta-Trone/gre-words-collection","2026-07-16"
"vocab-1308","vapid","V AE1 P IH0 D","adjective","lacking significance or liveliness or spirit or zest","[]","[""a vapid conversation"",""a vapid smile"",""a bunch of vapid schoolgirls""]","5","high","WordNet 3.1; CMU Pronouncing Dictionary; cross-list GRE frequency ranking","https://github.com/Xatta-Trone/gre-words-collection","2026-07-16"
"vocab-1309","vehement","V IY1 AH0 M AH0 N T","adjective","characterized by great force or energy","[]","[""vehement deluges of rain"",""vehement clapping"",""a vehement defense""]","5","high","WordNet 3.1; CMU Pronouncing Dictionary; cross-list GRE frequency ranking","https://github.com/Xatta-Trone/gre-words-collection","2026-07-16"
"vocab-1310","veneer","V AH0 N IH1 R","verb","cover with veneer","[""veneering""]","[""veneer the furniture to protect it""]","5","high","WordNet 3.1; CMU Pronouncing Dictionary; cross-list GRE frequency ranking","https://github.com/Xatta-Trone/gre-words-collection","2026-07-16"
"vocab-1311","verdant","V ER1 D AH0 N T","adjective","characterized by abundance of verdure  ","[]","[]","5","high","WordNet 3.1; CMU Pronouncing Dictionary; cross-list GRE frequency ranking","https://github.com/Xatta-Trone/gre-words-collection","2026-07-16"
"vocab-1312","vicarious","V AY0 K EH1 R IY0 AH0 S","adjective","suffered or done by one person as a substitute for another","[]","[""vicarious atonement"",""vicarious menstruation"",""read about mountain climbing and felt vicarious excitement""]","5","high","WordNet 3.1; CMU Pronouncing Dictionary; cross-list GRE frequency ranking","https://github.com/Xatta-Trone/gre-words-collection","2026-07-16"
"vocab-1313","vigilant","V IH1 JH AH0 L AH0 N T","adjective","carefully observant or attentive","[""argus-eyed"",""open-eyed"",""wakeful""]","[""on the lookout for possible danger"",""a policy of open-eyed awareness"",""the vigilant eye of the town watch"",""there was a watchful dignity in the room""]","5","high","WordNet 3.1; CMU Pronouncing Dictionary; cross-list GRE frequency ranking","https://github.com/Xatta-Trone/gre-words-collection","2026-07-16"
"vocab-1314","vindicate","V IH1 N D AH0 K EY0 T","verb","clear of accusation, blame, suspicion, or doubt with supporting proof","[]","[""You must vindicate yourself and fight this libel"",""vindicate the rights of the citizens""]","5","high","WordNet 3.1; CMU Pronouncing Dictionary; cross-list GRE frequency ranking","https://github.com/Xatta-Trone/gre-words-collection","2026-07-16"
"vocab-1315","virtuoso","V ER0 CH UW0 OW1 S OW0","noun","a musician who is a consummate master of technique and artistry  ","[]","[]","5","high","WordNet 3.1; CMU Pronouncing Dictionary; cross-list GRE frequency ranking","https://github.com/Xatta-Trone/gre-words-collection","2026-07-16"
"vocab-1316","virulent","V IH1 R AH0 L AH0 N T","adjective","infectious","[]","[""having the ability to cause disease""]","5","high","WordNet 3.1; CMU Pronouncing Dictionary; cross-list GRE frequency ranking","https://github.com/Xatta-Trone/gre-words-collection","2026-07-16"
"vocab-1317","vitriolic","V IH2 T R IY0 AA1 L IH0 K","adjective","of a substance, especially a strong acid","[""caustic"",""corrosive"",""erosive"",""mordant"",""acerb"",""acerbic"",""acid"",""acrid"",""bitter"",""blistering""]","[""capable of destroying or eating away by chemical action"",""an acerbic tone piercing otherwise flowery prose"",""a barrage of acid comments"",""her acrid remarks make her many enemies""]","5","high","WordNet 3.1; CMU Pronouncing Dictionary; cross-list GRE frequency ranking","https://github.com/Xatta-Trone/gre-words-collection","2026-07-16"
"vocab-1318","wax","W AE1 K S","verb","increase in phase","[""full"",""mount"",""climb"",""rise""]","[""the moon is waxing"",""Sales were climbing after prices were lowered"",""wax the car""]","5","high","WordNet 3.1; CMU Pronouncing Dictionary; cross-list GRE frequency ranking","https://github.com/Xatta-Trone/gre-words-collection","2026-07-16"
"vocab-1319","welter","W EH1 L T ER0","verb","be immersed in","[]","[""welter in work"",""The shipwrecked survivors weltered in the sea for hours""]","5","high","WordNet 3.1; CMU Pronouncing Dictionary; cross-list GRE frequency ranking","https://github.com/Xatta-Trone/gre-words-collection","2026-07-16"
"vocab-1320","wheedle","","verb","influence or urge by gentle urging, caressing, or flattering","[""cajole"",""palaver"",""blarney"",""coax"",""sweet-talk"",""inveigle""]","[""He palavered her into going along""]","5","high","WordNet 3.1; CMU Pronouncing Dictionary; cross-list GRE frequency ranking","https://github.com/Xatta-Trone/gre-words-collection","2026-07-16"
"vocab-1321","wily","W AY1 L IY0","adjective","marked by skill in deception","[""crafty"",""cunning"",""dodgy"",""foxy"",""guileful"",""knavish"",""slick"",""sly"",""tricksy"",""tricky""]","[""cunning men often pass for wise"",""deep political machinations"",""a foxy scheme"",""a slick evasive answer""]","5","high","WordNet 3.1; CMU Pronouncing Dictionary; cross-list GRE frequency ranking","https://github.com/Xatta-Trone/gre-words-collection","2026-07-16"
"vocab-1322","wizened","W AY1 Z AH0 N D","adjective","lean and wrinkled by shrinkage as from age or illness","[""shriveled"",""shrivelled"",""shrunken"",""withered"",""wizen""]","[""the old woman's shriveled skin"",""he looked shriveled and ill"",""a shrunken old man"",""a lanky scarecrow of a man with withered face and lantern jaws-W.F.Starkie""]","5","high","WordNet 3.1; CMU Pronouncing Dictionary; cross-list GRE frequency ranking","https://github.com/Xatta-Trone/gre-words-collection","2026-07-16"
"vocab-1323","zeal","Z IY1 L","noun","excessive fervor to do something or accomplish some end","[]","[""he had an absolute zeal for litigation""]","5","high","WordNet 3.1; CMU Pronouncing Dictionary; cross-list GRE frequency ranking","https://github.com/Xatta-Trone/gre-words-collection","2026-07-16"
"vocab-1324","zephyr","Z EH1 F ER0","noun","(Greek mythology) the Greek god of the west wind  ","[""Zephyr"",""breeze"",""gentle wind"",""air""]","[""the breeze was cooled by the lake"",""as he waited he could feel the air on his neck""]","5","high","WordNet 3.1; CMU Pronouncing Dictionary; cross-list GRE frequency ranking","https://github.com/Xatta-Trone/gre-words-collection","2026-07-16"
"vocab-1325","abominate","","verb","find repugnant","[""abhor"",""loathe"",""execrate""]","[""I loathe that man"",""She abhors cats""]","4","high","WordNet 3.1; CMU Pronouncing Dictionary; cross-list GRE frequency ranking","https://github.com/Xatta-Trone/gre-words-collection","2026-07-16"
"vocab-1326","abstract","AE0 B S T R AE1 K T","adjective","dealing with a subject in the abstract without practical purpose or intention","[""abstractionist"",""nonfigurative"",""nonobjective""]","[""abstract reasoning"",""abstract science"",""a large abstract painting"",""separated from embodiment""]","4","high","WordNet 3.1; CMU Pronouncing Dictionary; cross-list GRE frequency ranking","https://github.com/Xatta-Trone/gre-words-collection","2026-07-16"
"vocab-1327","abyss","AH0 B IH1 S","noun","a bottomless gulf or pit","[""abysm""]","[""any unfathomable (or apparently unfathomable) cavity or chasm or void extending below (often used figuratively)""]","4","high","WordNet 3.1; CMU Pronouncing Dictionary; cross-list GRE frequency ranking","https://github.com/Xatta-Trone/gre-words-collection","2026-07-16"
"vocab-1328","accelerate","AE0 K S EH1 L ER0 EY2 T","verb","cause to move faster","[""speed"",""speed up"",""quicken""]","[""He accelerated the car"",""The car accelerated""]","4","high","WordNet 3.1; CMU Pronouncing Dictionary; cross-list GRE frequency ranking","https://github.com/Xatta-Trone/gre-words-collection","2026-07-16"
"vocab-1329","accessory","AE0 K S EH1 S ER0 IY0","adjective","furnishing added support","[""adjunct"",""ancillary"",""adjuvant"",""appurtenant"",""auxiliary"",""accessary"",""appurtenance"",""supplement"",""add-on""]","[""an ancillary pump"",""an adjuvant discipline to forms of mysticism"",""The mind and emotions are auxiliary to each other""]","4","high","WordNet 3.1; CMU Pronouncing Dictionary; cross-list GRE frequency ranking","https://github.com/Xatta-Trone/gre-words-collection","2026-07-16"
"vocab-1330","acclaim","AH0 K L EY1 M","verb","praise vociferously","[""hail"",""herald"",""acclamation"",""plaudits"",""plaudit"",""eclat""]","[""The critics hailed the young pianist as a new Rubinstein"",""the book met with modest acclaim"",""he acknowledged the plaudits of the crowd"",""they gave him more eclat than he really deserved""]","4","high","WordNet 3.1; CMU Pronouncing Dictionary; cross-list GRE frequency ranking","https://github.com/Xatta-Trone/gre-words-collection","2026-07-16"
"vocab-1331","accommodate","AH0 K AA1 M AH0 D EY2 T","verb","make (one thing) compatible with (another)","[""reconcile"",""conciliate"",""hold"",""admit""]","[""The scientists had to accommodate the new results with the existing theories"",""hold without crowding"",""This hotel can accommodate 250 guests"",""The theater admits 300 people""]","4","high","WordNet 3.1; CMU Pronouncing Dictionary; cross-list GRE frequency ranking","https://github.com/Xatta-Trone/gre-words-collection","2026-07-16"
"vocab-1332","accost","AH0 K AO1 S T","verb","approach with an offer of sexual favors","[""hook"",""solicit"",""address"",""come up to""]","[""he was solicited by a prostitute"",""The young man was caught soliciting in the park""]","4","high","WordNet 3.1; CMU Pronouncing Dictionary; cross-list GRE frequency ranking","https://github.com/Xatta-Trone/gre-words-collection","2026-07-16"
"vocab-1333","accretion","AH0 K R IY1 SH AH0 N","noun","(law) an increase in a beneficiary's share in an estate (as when a co-beneficiary dies or fails to meet some condition or rejects the inheritance)  ","[]","[]","4","high","WordNet 3.1; CMU Pronouncing Dictionary; cross-list GRE frequency ranking","https://github.com/Xatta-Trone/gre-words-collection","2026-07-16"
"vocab-1334","acidulous","","adjective","being sour to the taste  ","[""acidic"",""acid"",""acidulent""]","[]","4","high","WordNet 3.1; CMU Pronouncing Dictionary; cross-list GRE frequency ranking","https://github.com/Xatta-Trone/gre-words-collection","2026-07-16"
"vocab-1335","actuate","AE1 K CH UW2 EY1 T","verb","give an incentive for action","[""motivate"",""propel"",""move"",""prompt"",""incite"",""trip"",""trigger"",""activate"",""set off"",""spark off""]","[""This moved me to sacrifice my career"",""trigger a reaction"",""actuate the circuits""]","4","high","WordNet 3.1; CMU Pronouncing Dictionary; cross-list GRE frequency ranking","https://github.com/Xatta-Trone/gre-words-collection","2026-07-16"
"vocab-1336","acute","AH0 K Y UW1 T","adjective","of critical importance and consequence","[""discriminating"",""incisive"",""keen"",""knifelike"",""penetrating"",""penetrative"",""piercing"",""sharp""]","[""an acute (or critical) lack of research funds"",""less than 90 degrees"",""an acute observer of politics and politicians"",""incisive comments""]","4","high","WordNet 3.1; CMU Pronouncing Dictionary; cross-list GRE frequency ranking","https://github.com/Xatta-Trone/gre-words-collection","2026-07-16"
"vocab-1337","addendum","AH0 D EH1 N D AH0 M","noun","textual matter that is added onto a publication","[""supplement"",""postscript""]","[""usually at the end""]","4","high","WordNet 3.1; CMU Pronouncing Dictionary; cross-list GRE frequency ranking","https://github.com/Xatta-Trone/gre-words-collection","2026-07-16"
"vocab-1338","adherent","AH0 D HH IH1 R AH0 N T","adjective","sticking fast  ","[]","[]","4","high","WordNet 3.1; CMU Pronouncing Dictionary; cross-list GRE frequency ranking","https://github.com/Xatta-Trone/gre-words-collection","2026-07-16"
"vocab-1339","adjunct","AE1 JH AH2 NG K T","adjective","of or relating to a person who is subordinate to another  ","[""assistant""]","[]","4","high","WordNet 3.1; CMU Pronouncing Dictionary; cross-list GRE frequency ranking","https://github.com/Xatta-Trone/gre-words-collection","2026-07-16"
"vocab-1340","adventitious","","adjective","associated by chance and not an integral part","[]","[""poetry is something to which words are the accidental, not by any means the essential form- Frederick W. Robertson"",""they had to decide whether his misconduct was adventitious or the result of a flaw in his character""]","4","high","WordNet 3.1; CMU Pronouncing Dictionary; cross-list GRE frequency ranking","https://github.com/Xatta-Trone/gre-words-collection","2026-07-16"
"vocab-1341","adversity","AE0 D V ER1 S IH0 T IY2","noun","a stroke of ill fortune","[""hardship"",""hard knocks""]","[""a calamitous event"",""a period marked by adversities"",""debt-ridden farmers struggling with adversity"",""a life of hardship""]","4","high","WordNet 3.1; CMU Pronouncing Dictionary; cross-list GRE frequency ranking","https://github.com/Xatta-Trone/gre-words-collection","2026-07-16"
"vocab-1342","aerie","EH1 R IY0","noun","any habitation at a high altitude  ","[""aery"",""eyrie"",""eyry""]","[]","4","high","WordNet 3.1; CMU Pronouncing Dictionary; cross-list GRE frequency ranking","https://github.com/Xatta-Trone/gre-words-collection","2026-07-16"
"vocab-1343","affinity","AH0 F IH1 N AH0 T IY0","noun","a natural attraction or feeling of kinship","[""chemical attraction""]","[""an affinity for politics"",""the mysterious affinity between them"",""James's affinity with Sam"",""basic dyes have an affinity for wool and silk""]","4","high","WordNet 3.1; CMU Pronouncing Dictionary; cross-list GRE frequency ranking","https://github.com/Xatta-Trone/gre-words-collection","2026-07-16"
"vocab-1344","affront","AH0 F R AH1 N T","verb","treat, mention, or speak to rudely","[""diss"",""insult""]","[""He insulted her with his rude remarks"",""the student who had betrayed his classmate was dissed by everyone"",""turning his back on me was a deliberate insult""]","4","high","WordNet 3.1; CMU Pronouncing Dictionary; cross-list GRE frequency ranking","https://github.com/Xatta-Trone/gre-words-collection","2026-07-16"
"vocab-1345","agrarian","AH0 G R EH1 R IY0 AH0 N","adjective","relating to farming or agriculture","[""agricultural"",""farming(a)""]","[""an agrarian (or agricultural) society"",""farming communities""]","4","high","WordNet 3.1; CMU Pronouncing Dictionary; cross-list GRE frequency ranking","https://github.com/Xatta-Trone/gre-words-collection","2026-07-16"
"vocab-1346","alcove","AE1 L K OW2 V","noun","a small recess opening off a larger room  ","[""bay""]","[]","4","high","WordNet 3.1; CMU Pronouncing Dictionary; cross-list GRE frequency ranking","https://github.com/Xatta-Trone/gre-words-collection","2026-07-16"
"vocab-1347","allude","AH0 L UW1 D","verb","make a more or less disguised reference to","[""touch"",""advert""]","[""He alluded to the problem but did not mention it""]","4","high","WordNet 3.1; CMU Pronouncing Dictionary; cross-list GRE frequency ranking","https://github.com/Xatta-Trone/gre-words-collection","2026-07-16"
"vocab-1348","amity","AE1 M IH0 T IY0","noun","a state of friendship and cordiality  ","[""cordiality""]","[]","4","high","WordNet 3.1; CMU Pronouncing Dictionary; cross-list GRE frequency ranking","https://github.com/Xatta-Trone/gre-words-collection","2026-07-16"
"vocab-1349","amorous","AE1 M ER0 AH0 S","adjective","expressive of or exciting sexual love or romance","[""amatory"",""romantic"",""amative""]","[""her amatory affairs"",""amorous glances"",""a romantic adventure"",""a romantic moonlight ride""]","4","high","WordNet 3.1; CMU Pronouncing Dictionary; cross-list GRE frequency ranking","https://github.com/Xatta-Trone/gre-words-collection","2026-07-16"
"vocab-1350","amulet","AE1 M Y AH0 L AH0 T","noun","a trinket or piece of jewelry usually hung about the neck and thought to be a magical protection against evil or disease  ","[""talisman""]","[]","4","high","WordNet 3.1; CMU Pronouncing Dictionary; cross-list GRE frequency ranking","https://github.com/Xatta-Trone/gre-words-collection","2026-07-16"
"vocab-1351","analgesic","AE2 N AH0 L JH IY1 S IH0 K","adjective","capable of relieving pain","[""analgetic"",""anodyne"",""painkiller"",""pain pill""]","[""the anodyne properties of certain drugs"",""an analgesic effect""]","4","high","WordNet 3.1; CMU Pronouncing Dictionary; cross-list GRE frequency ranking","https://github.com/Xatta-Trone/gre-words-collection","2026-07-16"
"vocab-1352","ancillary","AE1 N S AH0 L EH2 R IY0","adjective","furnishing added support","[""accessory"",""adjunct"",""adjuvant"",""appurtenant"",""auxiliary""]","[""an ancillary pump"",""an adjuvant discipline to forms of mysticism"",""The mind and emotions are auxiliary to each other""]","4","high","WordNet 3.1; CMU Pronouncing Dictionary; cross-list GRE frequency ranking","https://github.com/Xatta-Trone/gre-words-collection","2026-07-16"
"vocab-1353","anecdote","AE1 N AH0 K D OW2 T","noun","short account of an incident (especially a biographical one)  ","[]","[]","4","high","WordNet 3.1; CMU Pronouncing Dictionary; cross-list GRE frequency ranking","https://github.com/Xatta-Trone/gre-words-collection","2026-07-16"
"vocab-1354","anemic","AH0 N IY1 M IH0 K","adjective","relating to anemia or suffering from anemia  ","[""anaemic""]","[""an anemic attempt to hit the baseball""]","4","high","WordNet 3.1; CMU Pronouncing Dictionary; cross-list GRE frequency ranking","https://github.com/Xatta-Trone/gre-words-collection","2026-07-16"
"vocab-1355","annals","AE1 N AH0 L Z","noun","a chronological account of events in successive years  ","[""chronological record""]","[]","4","high","WordNet 3.1; CMU Pronouncing Dictionary; cross-list GRE frequency ranking","https://github.com/Xatta-Trone/gre-words-collection","2026-07-16"
"vocab-1356","annul","AE1 N AH0 L","verb","cancel officially","[""revoke"",""lift"",""countermand"",""reverse"",""repeal"",""overturn"",""rescind"",""vacate"",""invalidate"",""quash""]","[""He revoked the ban on smoking"",""lift an embargo"",""vacate a death sentence"",""The contract was annulled""]","4","high","WordNet 3.1; CMU Pronouncing Dictionary; cross-list GRE frequency ranking","https://github.com/Xatta-Trone/gre-words-collection","2026-07-16"
"vocab-1357","antedate","","verb","establish something as being earlier relative to something else  ","[""predate"",""foredate"",""precede"",""forego"",""forgo"",""antecede""]","[""go back further"",""Stone tools precede bronze tools""]","4","high","WordNet 3.1; CMU Pronouncing Dictionary; cross-list GRE frequency ranking","https://github.com/Xatta-Trone/gre-words-collection","2026-07-16"
"vocab-1358","antediluvian","","adjective","so extremely old as seeming to belong to an earlier period","[""antiquated"",""archaic"",""antediluvial"",""antediluvian patriarch""]","[""a ramshackle antediluvian tenement"",""antediluvian ideas"",""archaic laws"",""antediluvian man""]","4","high","WordNet 3.1; CMU Pronouncing Dictionary; cross-list GRE frequency ranking","https://github.com/Xatta-Trone/gre-words-collection","2026-07-16"
"vocab-1359","antic","AE1 N T IH0 K","adjective","ludicrously odd","[""fantastic"",""fantastical"",""grotesque"",""joke"",""prank"",""trick"",""caper"",""put-on""]","[""Hamlet's assumed antic disposition"",""fantastic Halloween costumes"",""a grotesque reflection in the mirror""]","4","high","WordNet 3.1; CMU Pronouncing Dictionary; cross-list GRE frequency ranking","https://github.com/Xatta-Trone/gre-words-collection","2026-07-16"
"vocab-1360","antidote","AE1 N T IH0 D OW2 T","noun","a remedy that stops or controls the effects of a poison  ","[""counterpoison""]","[]","4","high","WordNet 3.1; CMU Pronouncing Dictionary; cross-list GRE frequency ranking","https://github.com/Xatta-Trone/gre-words-collection","2026-07-16"
"vocab-1361","antiquated","AE1 N T AH0 K W EY2 T IH0 D","adjective","so extremely old as seeming to belong to an earlier period","[""antediluvian"",""archaic""]","[""a ramshackle antediluvian tenement"",""antediluvian ideas"",""archaic laws""]","4","high","WordNet 3.1; CMU Pronouncing Dictionary; cross-list GRE frequency ranking","https://github.com/Xatta-Trone/gre-words-collection","2026-07-16"
"vocab-1362","antithesis","AE0 N T IH1 TH AH0 S AH0 S","noun","the juxtaposition of contrasting words or ideas to give a feeling of balance  ","[]","[""his theory is the antithesis of mine""]","4","high","WordNet 3.1; CMU Pronouncing Dictionary; cross-list GRE frequency ranking","https://github.com/Xatta-Trone/gre-words-collection","2026-07-16"
"vocab-1363","antithetical","AE2 N T AH0 TH EH1 T IH0 K AH0 L","adjective","sharply contrasted in character or purpose","[""antithetic""]","[""practices entirely antithetical to her professed beliefs"",""hope is antithetic to despair""]","4","high","WordNet 3.1; CMU Pronouncing Dictionary; cross-list GRE frequency ranking","https://github.com/Xatta-Trone/gre-words-collection","2026-07-16"
"vocab-1364","aplomb","AH0 P L AA1 M","noun","great coolness and composure under strain","[""assuredness"",""cool"",""poise"",""sang-froid""]","[""keep your cool""]","4","high","WordNet 3.1; CMU Pronouncing Dictionary; cross-list GRE frequency ranking","https://github.com/Xatta-Trone/gre-words-collection","2026-07-16"
"vocab-1365","apologist","AH0 P AA1 L AH0 JH AH0 S T","noun","a person who argues to defend or justify some policy or institution","[""vindicator"",""justifier""]","[""an apologist for capital punishment""]","4","high","WordNet 3.1; CMU Pronouncing Dictionary; cross-list GRE frequency ranking","https://github.com/Xatta-Trone/gre-words-collection","2026-07-16"
"vocab-1366","apothecary","AH0 P AA1 TH AH0 K EH2 R IY0","noun","a health professional trained in the art of preparing and dispensing drugs  ","[""pharmacist"",""druggist"",""chemist"",""pill pusher"",""pill roller""]","[]","4","high","WordNet 3.1; CMU Pronouncing Dictionary; cross-list GRE frequency ranking","https://github.com/Xatta-Trone/gre-words-collection","2026-07-16"
"vocab-1367","appall","AH0 P AO1 L","verb","fill with apprehension or alarm","[""dismay"",""alarm"",""appal"",""horrify"",""shock"",""offend"",""scandalize"",""scandalise"",""outrage""]","[""cause to be unpleasantly surprised"",""I was horrified at the thought of being late for my interview"",""The news of the executions horrified us"",""The scandalous behavior of this married woman shocked her friends""]","4","high","WordNet 3.1; CMU Pronouncing Dictionary; cross-list GRE frequency ranking","https://github.com/Xatta-Trone/gre-words-collection","2026-07-16"
"vocab-1368","apparent","AH0 P EH1 R AH0 N T","adjective","clearly revealed to the mind or the senses or judgment","[""evident"",""manifest"",""palpable"",""patent"",""plain"",""unmistakable""]","[""the effects of the drought are apparent to anyone who sees the parched fields"",""evident hostility"",""manifest disapproval"",""patent advantages""]","4","high","WordNet 3.1; CMU Pronouncing Dictionary; cross-list GRE frequency ranking","https://github.com/Xatta-Trone/gre-words-collection","2026-07-16"
"vocab-1369","appellation","AE2 P AH0 L EY1 SH AH0 N","noun","a geographical indication used to identify where the grapes for a wine are grown  ","[""denomination"",""designation"",""appellative""]","[]","4","high","WordNet 3.1; CMU Pronouncing Dictionary; cross-list GRE frequency ranking","https://github.com/Xatta-Trone/gre-words-collection","2026-07-16"
"vocab-1370","append","AH0 P EH1 N D","verb","fix to","[""tag on"",""tack on"",""tack"",""hang on"",""add on"",""supplement"",""affix""]","[""attach"",""append a charm to the necklace"",""He appended a glossary to his novel where he used an invented language""]","4","high","WordNet 3.1; CMU Pronouncing Dictionary; cross-list GRE frequency ranking","https://github.com/Xatta-Trone/gre-words-collection","2026-07-16"
"vocab-1371","appreciable","AH0 P R IY1 SH AH0 B AH0 L","adjective","enough to be estimated or measured","[]","[""appreciable amounts of noxious wastes are dumped into the harbor""]","4","high","WordNet 3.1; CMU Pronouncing Dictionary; cross-list GRE frequency ranking","https://github.com/Xatta-Trone/gre-words-collection","2026-07-16"
"vocab-1372","apprehension","AE2 P R IH0 HH EH1 N SH AH0 N","noun","the act of apprehending (especially apprehending a criminal)","[""arrest"",""catch"",""collar"",""pinch"",""taking into custody"",""misgiving"",""apprehensiveness"",""dread""]","[""the policeman on the beat got credit for the collar"",""the student looked around the examination room with apprehension""]","4","high","WordNet 3.1; CMU Pronouncing Dictionary; cross-list GRE frequency ranking","https://github.com/Xatta-Trone/gre-words-collection","2026-07-16"
"vocab-1373","arbiter","AA1 R B IH0 T ER0","noun","someone chosen to judge and decide a disputed issue","[""arbitrator"",""umpire"",""supreme authority""]","[""the critic was considered to be an arbiter of modern literature"",""the arbitrator's authority derived from the consent of the disputants"",""an umpire was appointed to settle the tax case"",""she was the final arbiter on all matters of fashion""]","4","high","WordNet 3.1; CMU Pronouncing Dictionary; cross-list GRE frequency ranking","https://github.com/Xatta-Trone/gre-words-collection","2026-07-16"
"vocab-1374","arbitrate","AA1 R B AH0 T R EY2 T","verb","act between parties with a view to reconciling differences","[""intercede"",""mediate"",""intermediate"",""liaise""]","[""He interceded in the family dispute"",""He mediated a settlement""]","4","high","WordNet 3.1; CMU Pronouncing Dictionary; cross-list GRE frequency ranking","https://github.com/Xatta-Trone/gre-words-collection","2026-07-16"
"vocab-1375","arboreal","AA0 R B AO1 R IY0 AH0 L","adjective","resembling a tree in form and branching structure","[""arboreous"",""arborescent"",""arboresque"",""arboriform"",""dendriform"",""dendroid"",""dendroidal"",""treelike"",""tree-shaped"",""tree-living""]","[""arborescent coral found off the coast of Bermuda"",""dendriform sponges"",""arboreal apes""]","4","high","WordNet 3.1; CMU Pronouncing Dictionary; cross-list GRE frequency ranking","https://github.com/Xatta-Trone/gre-words-collection","2026-07-16"
"vocab-1376","arch","AA1 R CH","adjective","naughtily or annoyingly playful","[""impish"",""implike"",""mischievous"",""pixilated"",""prankish"",""puckish"",""wicked"",""condescending"",""patronizing"",""patronising""]","[""teasing and worrying with impish laughter"",""a wicked prank"",""her back arches"",""her hips curve nicely""]","4","high","WordNet 3.1; CMU Pronouncing Dictionary; cross-list GRE frequency ranking","https://github.com/Xatta-Trone/gre-words-collection","2026-07-16"
"vocab-1377","archipelago","AA2 R K AH0 P EH1 L AH0 G OW2","noun","a group of many islands in a large body of water  ","[]","[]","4","high","WordNet 3.1; CMU Pronouncing Dictionary; cross-list GRE frequency ranking","https://github.com/Xatta-Trone/gre-words-collection","2026-07-16"
"vocab-1378","ardent","AA1 R D AH0 N T","adjective","glowing or shining like fire","[""warm"",""fervent"",""fervid"",""fiery"",""impassioned"",""perfervid"",""torrid""]","[""from rank to rank she darts her ardent eyes- Alexander Pope"",""frightened by his ardent burning eyes"",""ardent revolutionaries"",""warm support""]","4","high","WordNet 3.1; CMU Pronouncing Dictionary; cross-list GRE frequency ranking","https://github.com/Xatta-Trone/gre-words-collection","2026-07-16"
"vocab-1379","armada","AA0 R M AA1 D AH0","noun","a large fleet  ","[]","[]","4","high","WordNet 3.1; CMU Pronouncing Dictionary; cross-list GRE frequency ranking","https://github.com/Xatta-Trone/gre-words-collection","2026-07-16"
"vocab-1380","arrant","AE1 R AH0 N T","adjective","without qualification","[""arrant(a)"",""complete(a)"",""consummate(a)"",""double-dyed(a)"",""everlasting(a)"",""gross(a)"",""perfect(a)"",""pure(a)"",""sodding(a)"",""stark(a)""]","[""used informally as (often pejorative) intensifiers"",""an arrant fool"",""a complete coward"",""a consummate fool""]","4","high","WordNet 3.1; CMU Pronouncing Dictionary; cross-list GRE frequency ranking","https://github.com/Xatta-Trone/gre-words-collection","2026-07-16"
"vocab-1381","aspirant","AE1 S P ER0 AH0 N T","adjective","desiring or striving for recognition or advancement  ","[""aspiring(a)"",""wishful"",""aspirer"",""hopeful"",""wannabe"",""wannabee""]","[""a lofty aspirant"",""two executive hopefuls joined the firm"",""the audience was full of Madonna wannabes""]","4","high","WordNet 3.1; CMU Pronouncing Dictionary; cross-list GRE frequency ranking","https://github.com/Xatta-Trone/gre-words-collection","2026-07-16"
"vocab-1382","assay","AE1 S IY0","verb","analyze (chemical substances)  ","[]","[""frequently used to test for the presence or concentration of infectious agents or antibodies etc.""]","4","high","WordNet 3.1; CMU Pronouncing Dictionary; cross-list GRE frequency ranking","https://github.com/Xatta-Trone/gre-words-collection","2026-07-16"
"vocab-1383","assert","AH0 S ER1 T","verb","insist on having one's opinions and rights recognized","[""put forward"",""asseverate"",""maintain""]","[""Women should assert themselves more!""]","4","high","WordNet 3.1; CMU Pronouncing Dictionary; cross-list GRE frequency ranking","https://github.com/Xatta-Trone/gre-words-collection","2026-07-16"
"vocab-1384","assimilate","AH0 S IH1 M AH0 L EY2 T","verb","become similar in sound","[""imbibe""]","[""The nasal assimilates to the following consonant"",""This country assimilates immigrants very quickly""]","4","high","WordNet 3.1; CMU Pronouncing Dictionary; cross-list GRE frequency ranking","https://github.com/Xatta-Trone/gre-words-collection","2026-07-16"
"vocab-1385","asunder","AH0 S AH1 N D ER0","adverb","into parts or pieces","[""apart"",""asunder(p)""]","[""he took his father's watch apart"",""split apart"",""torn asunder"",""as wide asunder as pole from pole""]","4","high","WordNet 3.1; CMU Pronouncing Dictionary; cross-list GRE frequency ranking","https://github.com/Xatta-Trone/gre-words-collection","2026-07-16"
"vocab-1386","atone","AH0 T OW1 N","verb","turn away from sin or do penitence  ","[""repent"",""expiate"",""aby"",""abye""]","[""expiate one's sins""]","4","high","WordNet 3.1; CMU Pronouncing Dictionary; cross-list GRE frequency ranking","https://github.com/Xatta-Trone/gre-words-collection","2026-07-16"
"vocab-1387","autocratic","AO2 T AH0 K R AE1 T IH0 K","adjective","offensively self-assured or given to exercising usually unwarranted power","[""bossy"",""dominating"",""high-and-mighty"",""magisterial"",""peremptory""]","[""an autocratic person"",""autocratic behavior"",""a bossy way of ordering others around"",""a rather aggressive and dominating character""]","4","high","WordNet 3.1; CMU Pronouncing Dictionary; cross-list GRE frequency ranking","https://github.com/Xatta-Trone/gre-words-collection","2026-07-16"
"vocab-1388","autonomous","AO0 T AA1 N AH0 M AH0 S","adjective","(of persons) free from external control and constraint in e.g. action and judgment  ","[""self-directed"",""self-reliant"",""independent"",""self-governing"",""sovereign""]","[""the partitioning of India created two separate and autonomous jute economies"",""an autonomous judiciary"",""a sovereign state""]","4","high","WordNet 3.1; CMU Pronouncing Dictionary; cross-list GRE frequency ranking","https://github.com/Xatta-Trone/gre-words-collection","2026-07-16"
"vocab-1389","auxiliary","AA0 G Z IH1 L Y ER0 IY0","adjective","functioning in a supporting capacity","[""subsidiary"",""supplemental"",""supplementary""]","[""the main library and its auxiliary branches""]","4","high","WordNet 3.1; CMU Pronouncing Dictionary; cross-list GRE frequency ranking","https://github.com/Xatta-Trone/gre-words-collection","2026-07-16"
"vocab-1390","avaricious","","adjective","immoderately desirous of acquiring e.g. wealth","[""covetous"",""grabby"",""grasping"",""greedy"",""prehensile""]","[""they are avaricious and will do anything for money"",""casting covetous eyes on his neighbor's fields"",""a grasping old miser"",""grasping commercialism""]","4","high","WordNet 3.1; CMU Pronouncing Dictionary; cross-list GRE frequency ranking","https://github.com/Xatta-Trone/gre-words-collection","2026-07-16"
"vocab-1391","avocation","AE2 V AH0 K EY1 SH AH0 N","noun","an auxiliary activity  ","[""by-line"",""hobby"",""pursuit"",""sideline"",""spare-time activity""]","[]","4","high","WordNet 3.1; CMU Pronouncing Dictionary; cross-list GRE frequency ranking","https://github.com/Xatta-Trone/gre-words-collection","2026-07-16"
"vocab-1392","avow","AH0 V AW1","verb","admit openly and bluntly","[""avouch""]","[""make no bones about""]","4","high","WordNet 3.1; CMU Pronouncing Dictionary; cross-list GRE frequency ranking","https://github.com/Xatta-Trone/gre-words-collection","2026-07-16"
"vocab-1393","badinage","","noun","frivolous banter  ","[]","[]","4","high","WordNet 3.1; CMU Pronouncing Dictionary; cross-list GRE frequency ranking","https://github.com/Xatta-Trone/gre-words-collection","2026-07-16"
"vocab-1394","banish","B AE1 N IH0 SH","verb","drive away","[""relegate"",""bar"",""ban""]","[""banish bad thoughts"",""banish gloom"",""he was banished from his own country""]","4","high","WordNet 3.1; CMU Pronouncing Dictionary; cross-list GRE frequency ranking","https://github.com/Xatta-Trone/gre-words-collection","2026-07-16"
"vocab-1395","baroque","B ER0 OW1 K","adjective","of or relating to or characteristic of the elaborately ornamented style of architecture, art, and music popular in Europe between 1600 and 1750  ","[""Baroque"",""churrigueresque"",""churrigueresco"",""baroqueness""]","[""the building...frantically baroque-William Dean Howells""]","4","high","WordNet 3.1; CMU Pronouncing Dictionary; cross-list GRE frequency ranking","https://github.com/Xatta-Trone/gre-words-collection","2026-07-16"
"vocab-1396","barrage","B ER0 AA1 ZH","noun","the heavy fire of artillery to saturate an area rather than hit a specific target","[""barrage fire"",""battery"",""bombardment"",""shelling"",""outpouring"",""onslaught""]","[""they laid down a barrage in front of the advancing troops"",""the shelling went on for hours without pausing"",""a barrage of questions"",""a bombardment of mail complaining about his mistake""]","4","high","WordNet 3.1; CMU Pronouncing Dictionary; cross-list GRE frequency ranking","https://github.com/Xatta-Trone/gre-words-collection","2026-07-16"
"vocab-1397","bauble","B AO1 B AH0 L","noun","a mock scepter carried by a court jester  ","[]","[]","4","high","WordNet 3.1; CMU Pronouncing Dictionary; cross-list GRE frequency ranking","https://github.com/Xatta-Trone/gre-words-collection","2026-07-16"
"vocab-1398","bawdy","B AO1 D IY0","adjective","humorously vulgar","[""off-color"",""ribald""]","[""bawdy songs"",""off-color jokes"",""ribald language""]","4","high","WordNet 3.1; CMU Pronouncing Dictionary; cross-list GRE frequency ranking","https://github.com/Xatta-Trone/gre-words-collection","2026-07-16"
"vocab-1399","beguile","B IH0 G AY1 L","verb","attract","[""capture"",""enamour"",""trance"",""catch"",""becharm"",""enamor"",""captivate"",""charm"",""fascinate"",""bewitch""]","[""cause to be enamored"",""She captured all the men's hearts""]","4","high","WordNet 3.1; CMU Pronouncing Dictionary; cross-list GRE frequency ranking","https://github.com/Xatta-Trone/gre-words-collection","2026-07-16"
"vocab-1400","belabor","B IH0 L EY1 B ER0","verb","attack verbally with harsh criticism","[""belabour""]","[""She was belabored by her fellow students"",""belabor the obvious""]","4","high","WordNet 3.1; CMU Pronouncing Dictionary; cross-list GRE frequency ranking","https://github.com/Xatta-Trone/gre-words-collection","2026-07-16"
"vocab-1401","bemoan","B IH0 M OW1 N","verb","regret strongly","[""deplore"",""lament"",""bewail""]","[""I deplore this hostile action"",""we lamented the loss of benefits""]","4","high","WordNet 3.1; CMU Pronouncing Dictionary; cross-list GRE frequency ranking","https://github.com/Xatta-Trone/gre-words-collection","2026-07-16"
"vocab-1402","benighted","B IH0 N AY1 T IH0 D","adjective","lacking enlightenment or knowledge or culture","[""dark"",""nighted""]","[""this benighted country"",""benighted ages of barbarism and superstition"",""the dark ages"",""a dark age in the history of education""]","4","high","WordNet 3.1; CMU Pronouncing Dictionary; cross-list GRE frequency ranking","https://github.com/Xatta-Trone/gre-words-collection","2026-07-16"
"vocab-1403","bequeath","B IH0 K W IY1 TH","verb","leave or give by will after one's death","[""will"",""leave""]","[""My aunt bequeathed me all her jewelry"",""My grandfather left me his entire estate""]","4","high","WordNet 3.1; CMU Pronouncing Dictionary; cross-list GRE frequency ranking","https://github.com/Xatta-Trone/gre-words-collection","2026-07-16"
"vocab-1404","berate","B IH0 R EY1 T","verb","censure severely or angrily","[""call on the carpet"",""take to task"",""rebuke"",""rag"",""trounce"",""lecture"",""reprimand"",""jaw"",""dress down"",""call down""]","[""The mother scolded the child for entering a stranger's car"",""The deputy ragged the Prime Minister"",""The customer dressed down the waiter for bringing cold soup""]","4","high","WordNet 3.1; CMU Pronouncing Dictionary; cross-list GRE frequency ranking","https://github.com/Xatta-Trone/gre-words-collection","2026-07-16"
"vocab-1405","bevy","B EH1 V IY0","noun","a flock of birds (especially when gathered close together on the ground)","[]","[""we were visited at breakfast by a bevy of excited ducks"",""he was surrounded by a bevy of beauties in bathing attire"",""a bevy of young beach boys swarmed around him""]","4","high","WordNet 3.1; CMU Pronouncing Dictionary; cross-list GRE frequency ranking","https://github.com/Xatta-Trone/gre-words-collection","2026-07-16"
"vocab-1406","bilk","B IH1 L K","verb","evade payment to","[]","[""He bilked his creditors""]","4","high","WordNet 3.1; CMU Pronouncing Dictionary; cross-list GRE frequency ranking","https://github.com/Xatta-Trone/gre-words-collection","2026-07-16"
"vocab-1407","bland","B L AE1 N D","adjective","lacking stimulating characteristics","[""flat"",""flavorless"",""flavourless"",""insipid"",""savorless"",""savourless"",""vapid""]","[""uninteresting"",""a bland little drama"",""a flat joke"",""a bland diet""]","4","high","WordNet 3.1; CMU Pronouncing Dictionary; cross-list GRE frequency ranking","https://github.com/Xatta-Trone/gre-words-collection","2026-07-16"
"vocab-1408","blemish","B L EH1 M IH0 SH","verb","mar or impair with a flaw","[""spot"",""defect"",""mar""]","[""her face was blemished"",""a facial blemish""]","4","high","WordNet 3.1; CMU Pronouncing Dictionary; cross-list GRE frequency ranking","https://github.com/Xatta-Trone/gre-words-collection","2026-07-16"
"vocab-1409","bluster","B L AH1 S T ER0","verb","blow hard","[]","[""be gusty, as of wind"",""A southeaster blustered onshore"",""The flames blustered"",""he was awakened by the bluster of their preparations""]","4","high","WordNet 3.1; CMU Pronouncing Dictionary; cross-list GRE frequency ranking","https://github.com/Xatta-Trone/gre-words-collection","2026-07-16"
"vocab-1410","bogus","B OW1 G AH0 S","adjective","fraudulent","[""fake"",""phony"",""phoney"",""bastard""]","[""having a misleading appearance""]","4","high","WordNet 3.1; CMU Pronouncing Dictionary; cross-list GRE frequency ranking","https://github.com/Xatta-Trone/gre-words-collection","2026-07-16"
"vocab-1411","brandish","B R AE1 N D IH0 SH","verb","exhibit aggressively","[""flourish"",""wave""]","[""brandish a sword"",""She waved her gun""]","4","high","WordNet 3.1; CMU Pronouncing Dictionary; cross-list GRE frequency ranking","https://github.com/Xatta-Trone/gre-words-collection","2026-07-16"
"vocab-1412","breach","B R IY1 CH","noun","an opening (especially a gap in a dike or fortification)  ","[]","[]","4","high","WordNet 3.1; CMU Pronouncing Dictionary; cross-list GRE frequency ranking","https://github.com/Xatta-Trone/gre-words-collection","2026-07-16"
"vocab-1413","brittle","B R IH1 T AH0 L","adjective","(of metal or glass) not annealed and consequently easily cracked or fractured  ","[""unannealed"",""brickle"",""brickly""]","[""a brittle and calculating woman"",""hence easily cracked or fractured or snapped"",""brittle bones"",""glass is brittle""]","4","high","WordNet 3.1; CMU Pronouncing Dictionary; cross-list GRE frequency ranking","https://github.com/Xatta-Trone/gre-words-collection","2026-07-16"
"vocab-1414","brooch","B R UW1 CH","verb","fasten with or as if with a brooch  ","[""clasp"",""broach"",""breastpin""]","[]","4","high","WordNet 3.1; CMU Pronouncing Dictionary; cross-list GRE frequency ranking","https://github.com/Xatta-Trone/gre-words-collection","2026-07-16"
"vocab-1415","buffoon","B AH0 F UW1 N","noun","a person who amuses others by ridiculous behavior  ","[""clown"",""goof"",""goofball"",""merry andrew""]","[]","4","high","WordNet 3.1; CMU Pronouncing Dictionary; cross-list GRE frequency ranking","https://github.com/Xatta-Trone/gre-words-collection","2026-07-16"
"vocab-1416","bulwark","B UH1 L W ER0 K","verb","defend with a bulwark  ","[]","[]","4","high","WordNet 3.1; CMU Pronouncing Dictionary; cross-list GRE frequency ranking","https://github.com/Xatta-Trone/gre-words-collection","2026-07-16"
"vocab-1417","bungle","B AH1 NG G AH0 L","verb","spoil by behaving clumsily or foolishly","[]","[""I bungled it!""]","4","high","WordNet 3.1; CMU Pronouncing Dictionary; cross-list GRE frequency ranking","https://github.com/Xatta-Trone/gre-words-collection","2026-07-16"
"vocab-1418","bureaucracy","B Y UH0 R AA1 K R AH0 S IY0","noun","any organization in which action is obstructed by insistence on unnecessary procedures and red tape  ","[""bureaucratism""]","[]","4","high","WordNet 3.1; CMU Pronouncing Dictionary; cross-list GRE frequency ranking","https://github.com/Xatta-Trone/gre-words-collection","2026-07-16"
"vocab-1419","cacophonous","","adjective","having an unpleasant sound","[""cacophonic""]","[""as cacophonous as a henyard- John McCarten""]","4","high","WordNet 3.1; CMU Pronouncing Dictionary; cross-list GRE frequency ranking","https://github.com/Xatta-Trone/gre-words-collection","2026-07-16"
"vocab-1420","cant","K AE1 N T","verb","heel over","[""cant over"",""tilt"",""slant"",""pitch"",""pious platitude""]","[""The tower is tilting"",""The ceiling is slanting""]","4","high","WordNet 3.1; CMU Pronouncing Dictionary; cross-list GRE frequency ranking","https://github.com/Xatta-Trone/gre-words-collection","2026-07-16"
"vocab-1421","canto","K AE1 N T OW0","noun","a major division of a long poem  ","[]","[]","4","high","WordNet 3.1; CMU Pronouncing Dictionary; cross-list GRE frequency ranking","https://github.com/Xatta-Trone/gre-words-collection","2026-07-16"
"vocab-1422","capacity","K AH0 P AE1 S AH0 T IY0","noun","tolerance for alcohol","[""mental ability""]","[""he had drunk beyond his capacity"",""in law, the ability to understand the facts and significance of your behavior"",""the capacity of a hard disk drive is usually expressed in megabytes""]","4","high","WordNet 3.1; CMU Pronouncing Dictionary; cross-list GRE frequency ranking","https://github.com/Xatta-Trone/gre-words-collection","2026-07-16"
"vocab-1423","carnal","K AA1 R N AH0 L","adjective","of or relating to the body or flesh","[]","[""carnal remains""]","4","high","WordNet 3.1; CMU Pronouncing Dictionary; cross-list GRE frequency ranking","https://github.com/Xatta-Trone/gre-words-collection","2026-07-16"
"vocab-1424","carping","K AA1 R P IH0 NG","noun","persistent petty and unjustified criticism  ","[""faultfinding""]","[]","4","high","WordNet 3.1; CMU Pronouncing Dictionary; cross-list GRE frequency ranking","https://github.com/Xatta-Trone/gre-words-collection","2026-07-16"
"vocab-1425","carrion","K EH1 R IY0 AH0 N","noun","the dead and rotting body of an animal","[]","[""unfit for human food""]","4","high","WordNet 3.1; CMU Pronouncing Dictionary; cross-list GRE frequency ranking","https://github.com/Xatta-Trone/gre-words-collection","2026-07-16"
"vocab-1426","cartographer","","noun","a person who makes maps  ","[""map maker""]","[]","4","high","WordNet 3.1; CMU Pronouncing Dictionary; cross-list GRE frequency ranking","https://github.com/Xatta-Trone/gre-words-collection","2026-07-16"
"vocab-1427","castigation","","noun","verbal punishment  ","[""chastisement"",""earful"",""bawling out"",""chewing out"",""upbraiding"",""going-over"",""dressing down""]","[]","4","high","WordNet 3.1; CMU Pronouncing Dictionary; cross-list GRE frequency ranking","https://github.com/Xatta-Trone/gre-words-collection","2026-07-16"
"vocab-1428","catastrophe","K AH0 T AE1 S T R AH0 F IY0","noun","a sudden violent change in the earth's surface  ","[""cataclysm"",""disaster""]","[""lack of funds has resulted in a catastrophe for our school system"",""his policies were a disaster""]","4","high","WordNet 3.1; CMU Pronouncing Dictionary; cross-list GRE frequency ranking","https://github.com/Xatta-Trone/gre-words-collection","2026-07-16"
"vocab-1429","categorical","K AE2 T AH0 G AA1 R IH0 K AH0 L","adjective","relating to or included in a category or categories  ","[""categoric""]","[]","4","high","WordNet 3.1; CMU Pronouncing Dictionary; cross-list GRE frequency ranking","https://github.com/Xatta-Trone/gre-words-collection","2026-07-16"
"vocab-1430","cathartic","K AH0 TH AA1 R T IH0 K","adjective","strongly laxative  ","[""evacuant"",""purgative"",""releasing"",""psychotherapeutic""]","[]","4","high","WordNet 3.1; CMU Pronouncing Dictionary; cross-list GRE frequency ranking","https://github.com/Xatta-Trone/gre-words-collection","2026-07-16"
"vocab-1431","caucus","K AO1 K AH0 S","verb","meet to select a candidate or promote a policy  ","[]","[]","4","high","WordNet 3.1; CMU Pronouncing Dictionary; cross-list GRE frequency ranking","https://github.com/Xatta-Trone/gre-words-collection","2026-07-16"
"vocab-1432","celerity","S AH0 L EH1 R AH0 T IY0","noun","a rate that is rapid  ","[""quickness"",""rapidity"",""rapidness"",""speediness""]","[]","4","high","WordNet 3.1; CMU Pronouncing Dictionary; cross-list GRE frequency ranking","https://github.com/Xatta-Trone/gre-words-collection","2026-07-16"
"vocab-1433","censorious","","adjective","harshly critical or expressing censure","[]","[""was censorious of petty failings""]","4","high","WordNet 3.1; CMU Pronouncing Dictionary; cross-list GRE frequency ranking","https://github.com/Xatta-Trone/gre-words-collection","2026-07-16"
"vocab-1434","cessation","S EH2 S EY1 SH AH0 N","noun","a stopping","[""surcease""]","[""a cessation of the thunder""]","4","high","WordNet 3.1; CMU Pronouncing Dictionary; cross-list GRE frequency ranking","https://github.com/Xatta-Trone/gre-words-collection","2026-07-16"
"vocab-1435","chaff","CH AE1 F","noun","foil in thin strips","[""husk"",""shuck"",""stalk"",""straw"",""stubble""]","[""ejected into the air as a radar countermeasure""]","4","high","WordNet 3.1; CMU Pronouncing Dictionary; cross-list GRE frequency ranking","https://github.com/Xatta-Trone/gre-words-collection","2026-07-16"
"vocab-1436","chameleon","K AH0 M IY1 L IY0 AH0 N","noun","lizard of Africa and Madagascar able to change skin color and having a projectile tongue  ","[""chamaeleon""]","[]","4","high","WordNet 3.1; CMU Pronouncing Dictionary; cross-list GRE frequency ranking","https://github.com/Xatta-Trone/gre-words-collection","2026-07-16"
"vocab-1437","chasm","K AE1 Z AH0 M","noun","a deep opening in the earth's surface  ","[]","[]","4","high","WordNet 3.1; CMU Pronouncing Dictionary; cross-list GRE frequency ranking","https://github.com/Xatta-Trone/gre-words-collection","2026-07-16"
"vocab-1438","checkered","CH EH1 K ER0 D","adjective","marked by changeable fortune","[]","[""a checkered business career""]","4","high","WordNet 3.1; CMU Pronouncing Dictionary; cross-list GRE frequency ranking","https://github.com/Xatta-Trone/gre-words-collection","2026-07-16"
"vocab-1439","chide","CH AY1 D","verb","censure severely or angrily","[""call on the carpet"",""take to task"",""rebuke"",""rag"",""trounce"",""lecture"",""reprimand"",""jaw"",""dress down"",""call down""]","[""The mother scolded the child for entering a stranger's car"",""The deputy ragged the Prime Minister"",""The customer dressed down the waiter for bringing cold soup""]","4","high","WordNet 3.1; CMU Pronouncing Dictionary; cross-list GRE frequency ranking","https://github.com/Xatta-Trone/gre-words-collection","2026-07-16"
"vocab-1440","chortle","CH AO1 R T AH0 L","noun","a soft partly suppressed laugh  ","[""chuckle""]","[]","4","high","WordNet 3.1; CMU Pronouncing Dictionary; cross-list GRE frequency ranking","https://github.com/Xatta-Trone/gre-words-collection","2026-07-16"
"vocab-1441","cipher","S AY1 F ER0","noun","a secret method of writing  ","[""cypher"",""cryptograph"",""secret code"",""nobody"",""nonentity""]","[]","4","high","WordNet 3.1; CMU Pronouncing Dictionary; cross-list GRE frequency ranking","https://github.com/Xatta-Trone/gre-words-collection","2026-07-16"
"vocab-1442","cite","S AY1 T","verb","call in an official matter, such as to attend court  ","[""summon"",""summons"",""adduce"",""abduce"",""quote""]","[""He said he could quote several instances of this behavior""]","4","high","WordNet 3.1; CMU Pronouncing Dictionary; cross-list GRE frequency ranking","https://github.com/Xatta-Trone/gre-words-collection","2026-07-16"
"vocab-1443","clangor","","verb","make a loud resonant noise","[""clangour""]","[""the alarm clangored throughout the building""]","4","high","WordNet 3.1; CMU Pronouncing Dictionary; cross-list GRE frequency ranking","https://github.com/Xatta-Trone/gre-words-collection","2026-07-16"
"vocab-1444","coax","K OW1 K S","verb","influence or urge by gentle urging, caressing, or flattering","[""wheedle"",""cajole"",""palaver"",""blarney"",""sweet-talk"",""inveigle"",""coaxial cable"",""coax cable""]","[""He palavered her into going along""]","4","high","WordNet 3.1; CMU Pronouncing Dictionary; cross-list GRE frequency ranking","https://github.com/Xatta-Trone/gre-words-collection","2026-07-16"
"vocab-1445","coddle","K AA1 D AH0 L","verb","cook in nearly boiling water","[]","[""coddle eggs""]","4","high","WordNet 3.1; CMU Pronouncing Dictionary; cross-list GRE frequency ranking","https://github.com/Xatta-Trone/gre-words-collection","2026-07-16"
"vocab-1446","codicil","","noun","a supplement to a will","[]","[""a testamentary instrument intended to alter an already executed will""]","4","high","WordNet 3.1; CMU Pronouncing Dictionary; cross-list GRE frequency ranking","https://github.com/Xatta-Trone/gre-words-collection","2026-07-16"
"vocab-1447","coercion","K OW0 ER1 SH AH0 N","noun","the act of compelling by force of authority  ","[]","[]","4","high","WordNet 3.1; CMU Pronouncing Dictionary; cross-list GRE frequency ranking","https://github.com/Xatta-Trone/gre-words-collection","2026-07-16"
"vocab-1448","cognate","","adjective","having the same ancestral language","[""cognate word""]","[""cognate languages""]","4","high","WordNet 3.1; CMU Pronouncing Dictionary; cross-list GRE frequency ranking","https://github.com/Xatta-Trone/gre-words-collection","2026-07-16"
"vocab-1449","cohere","K OW0 HH IH1 R","verb","have internal elements or parts logically connected so that aesthetic consistency results","[]","[""the principles by which societies cohere"",""Religion can cohere social groups""]","4","high","WordNet 3.1; CMU Pronouncing Dictionary; cross-list GRE frequency ranking","https://github.com/Xatta-Trone/gre-words-collection","2026-07-16"
"vocab-1450","collaborate","K AH0 L AE1 B ER0 EY2 T","verb","cooperate as a traitor","[""join forces"",""cooperate"",""get together""]","[""he collaborated with the Nazis when they occupied Paris"",""The soprano and the pianist did not get together very well"",""We joined forces with another research group""]","4","high","WordNet 3.1; CMU Pronouncing Dictionary; cross-list GRE frequency ranking","https://github.com/Xatta-Trone/gre-words-collection","2026-07-16"
"vocab-1451","comely","K AH1 M L IY0","adjective","very pleasing to the eye","[""bonny"",""bonnie"",""fair"",""sightly"",""becoming"",""comme il faut"",""decorous"",""seemly""]","[""my bonny lass"",""there's a bonny bay beyond"",""a comely face"",""young fair maidens""]","4","high","WordNet 3.1; CMU Pronouncing Dictionary; cross-list GRE frequency ranking","https://github.com/Xatta-Trone/gre-words-collection","2026-07-16"
"vocab-1452","comity","K OW1 M IH0 T IY0","noun","a state or atmosphere of harmony or mutual civility and respect  ","[]","[]","4","high","WordNet 3.1; CMU Pronouncing Dictionary; cross-list GRE frequency ranking","https://github.com/Xatta-Trone/gre-words-collection","2026-07-16"
"vocab-1453","commiserate","K AH0 M IH1 S ER0 EY2 T","verb","to feel or express sympathy or compassion  ","[""sympathize"",""sympathise""]","[]","4","high","WordNet 3.1; CMU Pronouncing Dictionary; cross-list GRE frequency ranking","https://github.com/Xatta-Trone/gre-words-collection","2026-07-16"
"vocab-1454","complaisance","","noun","a disposition or tendency to yield to the will of others  ","[""compliance"",""compliancy"",""obligingness"",""deference""]","[]","4","high","WordNet 3.1; CMU Pronouncing Dictionary; cross-list GRE frequency ranking","https://github.com/Xatta-Trone/gre-words-collection","2026-07-16"
"vocab-1455","complement","K AA1 M P L AH0 M AH0 N T","verb","make complete or perfect","[]","[""supply what is wanting or form the complement to"",""I need some pepper to complement the sweet touch in the soup""]","4","high","WordNet 3.1; CMU Pronouncing Dictionary; cross-list GRE frequency ranking","https://github.com/Xatta-Trone/gre-words-collection","2026-07-16"
"vocab-1456","comport","K AH0 M P AO1 R T","verb","behave in a certain manner","[""behave"",""acquit"",""bear"",""deport"",""conduct"",""carry""]","[""She carried herself well"",""he bore himself with dignity"",""They conducted themselves well during these difficult times"",""The children must learn to behave""]","4","high","WordNet 3.1; CMU Pronouncing Dictionary; cross-list GRE frequency ranking","https://github.com/Xatta-Trone/gre-words-collection","2026-07-16"
"vocab-1457","compress","K AA1 M P R EH0 S","verb","squeeze or press together","[""constrict"",""squeeze"",""compact"",""contract"",""press"",""pack together""]","[""she compressed her lips"",""the spasm contracted the muscle"",""compress the data""]","4","high","WordNet 3.1; CMU Pronouncing Dictionary; cross-list GRE frequency ranking","https://github.com/Xatta-Trone/gre-words-collection","2026-07-16"
"vocab-1458","compromise","K AA1 M P R AH0 M AY2 Z","verb","expose or make liable to danger, suspicion, or disrepute","[]","[""The nuclear secrets of the state were compromised by the spy"",""arrive at a compromise"",""nobody will get everything he wants"",""we all must compromise""]","4","high","WordNet 3.1; CMU Pronouncing Dictionary; cross-list GRE frequency ranking","https://github.com/Xatta-Trone/gre-words-collection","2026-07-16"
"vocab-1459","compunction","K AH0 M P AH1 NG K SH AH0 N","noun","a feeling of deep regret (usually for some misdeed)  ","[""remorse"",""self-reproach""]","[]","4","high","WordNet 3.1; CMU Pronouncing Dictionary; cross-list GRE frequency ranking","https://github.com/Xatta-Trone/gre-words-collection","2026-07-16"
"vocab-1460","conceit","K AH0 N S IY1 T","noun","the trait of being unduly vain and conceited","[""conceitedness"",""vanity""]","[""false pride"",""the architect's brilliant conceit was to build the house around the tree"",""he could always come up with some inspired off-the-wall conceit""]","4","high","WordNet 3.1; CMU Pronouncing Dictionary; cross-list GRE frequency ranking","https://github.com/Xatta-Trone/gre-words-collection","2026-07-16"
"vocab-1461","conclusive","K AH0 N K L UW1 S IH0 V","adjective","forming an end or termination","[]","[""especially putting an end to doubt or question"",""conclusive proof"",""the evidence is conclusive""]","4","high","WordNet 3.1; CMU Pronouncing Dictionary; cross-list GRE frequency ranking","https://github.com/Xatta-Trone/gre-words-collection","2026-07-16"
"vocab-1462","concord","K AA1 N K AO2 R D","verb","arrange the words of a text so as to create a concordance","[]","[""The team concorded several thousand nouns, verbs, and adjectives"",""Concord the conditions for the marriage of the Prince of Wales with a commoner""]","4","high","WordNet 3.1; CMU Pronouncing Dictionary; cross-list GRE frequency ranking","https://github.com/Xatta-Trone/gre-words-collection","2026-07-16"
"vocab-1463","conjecture","K AH0 N JH EH1 K CH ER0","noun","reasoning that involves the formation of conclusions from incomplete evidence  ","[]","[]","4","high","WordNet 3.1; CMU Pronouncing Dictionary; cross-list GRE frequency ranking","https://github.com/Xatta-Trone/gre-words-collection","2026-07-16"
"vocab-1464","conjugal","K AA1 N JH AH0 G AH0 L","adjective","of or relating to marriage or to the relationship between a wife and husband","[""connubial""]","[""connubial bliss"",""conjugal visits""]","4","high","WordNet 3.1; CMU Pronouncing Dictionary; cross-list GRE frequency ranking","https://github.com/Xatta-Trone/gre-words-collection","2026-07-16"
"vocab-1465","consonant","K AA1 N S AH0 N AH0 N T","adjective","involving or characterized by harmony  ","[""harmonic"",""harmonical"",""harmonized"",""harmonised""]","[]","4","high","WordNet 3.1; CMU Pronouncing Dictionary; cross-list GRE frequency ranking","https://github.com/Xatta-Trone/gre-words-collection","2026-07-16"
"vocab-1466","consternation","K AA2 N S T ER0 N EY1 SH AH0 N","noun","fear resulting from the awareness of danger  ","[""alarm"",""dismay""]","[]","4","high","WordNet 3.1; CMU Pronouncing Dictionary; cross-list GRE frequency ranking","https://github.com/Xatta-Trone/gre-words-collection","2026-07-16"
"vocab-1467","constituency","K AH0 N S T IH1 CH UW0 AH0 N S IY0","noun","the body of voters who elect a representative for their area  ","[]","[]","4","high","WordNet 3.1; CMU Pronouncing Dictionary; cross-list GRE frequency ranking","https://github.com/Xatta-Trone/gre-words-collection","2026-07-16"
"vocab-1468","constraint","K AH0 N S T R EY1 N T","noun","the act of constraining","[""restraint""]","[""the threat or use of force to control the thoughts or behavior of others"",""dogs should be kept under restraint""]","4","high","WordNet 3.1; CMU Pronouncing Dictionary; cross-list GRE frequency ranking","https://github.com/Xatta-Trone/gre-words-collection","2026-07-16"
"vocab-1469","contaminate","K AH0 N T AE1 M AH0 N EY2 T","verb","make radioactive by adding radioactive material","[]","[""Don't drink the water--it's contaminated""]","4","high","WordNet 3.1; CMU Pronouncing Dictionary; cross-list GRE frequency ranking","https://github.com/Xatta-Trone/gre-words-collection","2026-07-16"
"vocab-1470","contempt","K AH0 N T EH1 M P T","noun","a willful disobedience to or disrespect for the authority of a court or legislative body  ","[""scorn"",""disrespect""]","[]","4","high","WordNet 3.1; CMU Pronouncing Dictionary; cross-list GRE frequency ranking","https://github.com/Xatta-Trone/gre-words-collection","2026-07-16"
"vocab-1471","contemptuous","K AH0 N T EH1 M P CH UW0 AH0 S","adjective","expressing extreme contempt  ","[""disdainful"",""insulting"",""scornful""]","[]","4","high","WordNet 3.1; CMU Pronouncing Dictionary; cross-list GRE frequency ranking","https://github.com/Xatta-Trone/gre-words-collection","2026-07-16"
"vocab-1472","contusion","K AH0 N T UW1 ZH AH0 N","noun","the action of bruising","[]","[""the bruise resulted from a contusion""]","4","high","WordNet 3.1; CMU Pronouncing Dictionary; cross-list GRE frequency ranking","https://github.com/Xatta-Trone/gre-words-collection","2026-07-16"
"vocab-1473","convex","K AH0 N V EH1 K S","adjective","curving or bulging outward  ","[""bulging""]","[]","4","high","WordNet 3.1; CMU Pronouncing Dictionary; cross-list GRE frequency ranking","https://github.com/Xatta-Trone/gre-words-collection","2026-07-16"
"vocab-1474","conviction","K AH0 N V IH1 K SH AH0 N","noun","(criminal law) a final judgment of guilty in a criminal case and the punishment that is imposed","[""judgment of conviction"",""condemnation"",""sentence"",""strong belief"",""article of faith""]","[""the conviction came as no surprise""]","4","high","WordNet 3.1; CMU Pronouncing Dictionary; cross-list GRE frequency ranking","https://github.com/Xatta-Trone/gre-words-collection","2026-07-16"
"vocab-1475","convoke","K AA0 N V OW1 K","verb","call together","[""convene""]","[""The students were convened in the auditorium""]","4","high","WordNet 3.1; CMU Pronouncing Dictionary; cross-list GRE frequency ranking","https://github.com/Xatta-Trone/gre-words-collection","2026-07-16"
"vocab-1476","convulsion","K AH0 N V AH1 L SH AH0 N","noun","a physical disturbance such as an earthquake or upheaval  ","[""turmoil"",""upheaval""]","[""the convulsions of the stock market""]","4","high","WordNet 3.1; CMU Pronouncing Dictionary; cross-list GRE frequency ranking","https://github.com/Xatta-Trone/gre-words-collection","2026-07-16"
"vocab-1477","coquette","","noun","a seductive woman who uses her sex appeal to exploit men  ","[""flirt"",""vamp"",""vamper"",""minx"",""tease"",""prickteaser""]","[]","4","high","WordNet 3.1; CMU Pronouncing Dictionary; cross-list GRE frequency ranking","https://github.com/Xatta-Trone/gre-words-collection","2026-07-16"
"vocab-1478","correlate","K AO1 R AH0 L EY2 T","verb","bring into a mutual, complementary, or reciprocal relation","[""correlative""]","[""I cannot correlate these two pieces of information"",""Do these facts correlate?""]","4","high","WordNet 3.1; CMU Pronouncing Dictionary; cross-list GRE frequency ranking","https://github.com/Xatta-Trone/gre-words-collection","2026-07-16"
"vocab-1479","corrosive","K ER0 OW1 S IH0 V","adjective","spitefully sarcastic","[]","[""corrosive cristism""]","4","high","WordNet 3.1; CMU Pronouncing Dictionary; cross-list GRE frequency ranking","https://github.com/Xatta-Trone/gre-words-collection","2026-07-16"
"vocab-1480","coterie","K OW1 T ER0 IY0","noun","an exclusive circle of people with a common purpose  ","[""clique"",""ingroup"",""inner circle"",""pack"",""camp""]","[]","4","high","WordNet 3.1; CMU Pronouncing Dictionary; cross-list GRE frequency ranking","https://github.com/Xatta-Trone/gre-words-collection","2026-07-16"
"vocab-1481","court","K AO1 R T","verb","engage in social activities leading to marriage","[""homage"",""courtyard""]","[""We were courting for over ten years"",""pay court to the emperor"",""the house was built around an inner court""]","4","high","WordNet 3.1; CMU Pronouncing Dictionary; cross-list GRE frequency ranking","https://github.com/Xatta-Trone/gre-words-collection","2026-07-16"
"vocab-1482","covet","K AH1 V AH0 T","verb","wish, long, or crave for (something, especially the property of another person)","[]","[""She covets her sister's house""]","4","high","WordNet 3.1; CMU Pronouncing Dictionary; cross-list GRE frequency ranking","https://github.com/Xatta-Trone/gre-words-collection","2026-07-16"
"vocab-1483","coy","K OY1","adjective","modestly or warily rejecting approaches or overtures","[""demure"",""overmodest""]","[""like a wild young colt, very inquisitive but very coy and not to be easily cajoled"",""a politician coy about his intentions""]","4","high","WordNet 3.1; CMU Pronouncing Dictionary; cross-list GRE frequency ranking","https://github.com/Xatta-Trone/gre-words-collection","2026-07-16"
"vocab-1484","cozen","","verb","cheat or trick","[]","[""He cozened the money out of the old man""]","4","high","WordNet 3.1; CMU Pronouncing Dictionary; cross-list GRE frequency ranking","https://github.com/Xatta-Trone/gre-words-collection","2026-07-16"
"vocab-1485","crass","K R AE1 S","adjective","(of persons) so unrefined as to be lacking in discrimination and sensibility  ","[]","[]","4","high","WordNet 3.1; CMU Pronouncing Dictionary; cross-list GRE frequency ranking","https://github.com/Xatta-Trone/gre-words-collection","2026-07-16"
"vocab-1486","credulity","K R IH0 D UW1 L AH0 T IY0","noun","tendency to believe readily  ","[]","[]","4","high","WordNet 3.1; CMU Pronouncing Dictionary; cross-list GRE frequency ranking","https://github.com/Xatta-Trone/gre-words-collection","2026-07-16"
"vocab-1487","crevice","K R EH1 V AH0 S","noun","a long narrow depression in a surface  ","[""cranny"",""crack"",""fissure"",""chap""]","[]","4","high","WordNet 3.1; CMU Pronouncing Dictionary; cross-list GRE frequency ranking","https://github.com/Xatta-Trone/gre-words-collection","2026-07-16"
"vocab-1488","curator","K Y UH0 R EY1 T ER0","noun","the custodian of a collection (as a museum or library)  ","[""conservator""]","[]","4","high","WordNet 3.1; CMU Pronouncing Dictionary; cross-list GRE frequency ranking","https://github.com/Xatta-Trone/gre-words-collection","2026-07-16"
"vocab-1489","dais","D EY1 Z","noun","a platform raised above the surrounding level to give prominence to the person on it  ","[""podium"",""pulpit"",""rostrum"",""ambo"",""stump"",""soapbox""]","[]","4","high","WordNet 3.1; CMU Pronouncing Dictionary; cross-list GRE frequency ranking","https://github.com/Xatta-Trone/gre-words-collection","2026-07-16"
"vocab-1490","dapper","D AE1 P ER0","adjective","marked by up-to-dateness in dress and manners","[""dashing"",""jaunty"",""natty"",""raffish"",""rakish"",""spiffy"",""snappy"",""spruce""]","[""a dapper young man"",""a jaunty red hat""]","4","high","WordNet 3.1; CMU Pronouncing Dictionary; cross-list GRE frequency ranking","https://github.com/Xatta-Trone/gre-words-collection","2026-07-16"
"vocab-1491","dawdle","D AO1 D AH0 L","verb","hang (back) or fall (behind) in movement, progress, development, etc.  ","[""lag"",""fall back"",""fall behind"",""dally"",""linger""]","[""Get busy--don't dally!"",""proceed slowly""]","4","high","WordNet 3.1; CMU Pronouncing Dictionary; cross-list GRE frequency ranking","https://github.com/Xatta-Trone/gre-words-collection","2026-07-16"
"vocab-1492","debut","D EY0 B Y UW1","verb","make one's debut","[]","[""This young soprano debuts next month at the Metropolitan Opera"",""The new ballet that debuts next months at Covent Garden, is already sold out"",""The band debuts a new song or two each month""]","4","high","WordNet 3.1; CMU Pronouncing Dictionary; cross-list GRE frequency ranking","https://github.com/Xatta-Trone/gre-words-collection","2026-07-16"
"vocab-1493","decimate","D EH1 S AH0 M EY2 T","verb","kill one in every ten, as of mutineers in Roman armies  ","[]","[]","4","high","WordNet 3.1; CMU Pronouncing Dictionary; cross-list GRE frequency ranking","https://github.com/Xatta-Trone/gre-words-collection","2026-07-16"
"vocab-1494","decrepit","D AH0 K R EH1 P IH0 T","adjective","lacking bodily or muscular strength or vitality","[""debile"",""feeble"",""infirm"",""rickety"",""sapless"",""weak"",""weakly""]","[""a feeble old woman"",""her body looked sapless""]","4","high","WordNet 3.1; CMU Pronouncing Dictionary; cross-list GRE frequency ranking","https://github.com/Xatta-Trone/gre-words-collection","2026-07-16"
"vocab-1495","deface","D IH0 F EY1 S","verb","mar or spoil the appearance of","[""disfigure"",""blemish""]","[""scars defaced her cheeks"",""The vandals disfigured the statue""]","4","high","WordNet 3.1; CMU Pronouncing Dictionary; cross-list GRE frequency ranking","https://github.com/Xatta-Trone/gre-words-collection","2026-07-16"
"vocab-1496","dehydrate","D IH0 HH AY1 D R EY0 T","verb","remove water from","[""desiccate""]","[""All this exercise and sweating has dehydrated me"",""carry dehydrated food on your camping trip""]","4","high","WordNet 3.1; CMU Pronouncing Dictionary; cross-list GRE frequency ranking","https://github.com/Xatta-Trone/gre-words-collection","2026-07-16"
"vocab-1497","deluge","D EH1 L Y UW0 JH","verb","fill quickly beyond capacity","[""flood"",""inundate"",""swamp""]","[""as with a liquid"",""the basement was inundated after the storm"",""The images flooded his mind""]","4","high","WordNet 3.1; CMU Pronouncing Dictionary; cross-list GRE frequency ranking","https://github.com/Xatta-Trone/gre-words-collection","2026-07-16"
"vocab-1498","delve","D EH1 L V","verb","turn up, loosen, or remove earth","[""dig"",""cut into"",""turn over""]","[""Dig we must"",""turn over the soil for aeration""]","4","high","WordNet 3.1; CMU Pronouncing Dictionary; cross-list GRE frequency ranking","https://github.com/Xatta-Trone/gre-words-collection","2026-07-16"
"vocab-1499","demean","D IH0 M IY1 N","verb","reduce in worth or character, usually verbally","[""take down"",""degrade"",""disgrace"",""put down""]","[""She tends to put down younger women colleagues"",""His critics took him down after the lecture""]","4","high","WordNet 3.1; CMU Pronouncing Dictionary; cross-list GRE frequency ranking","https://github.com/Xatta-Trone/gre-words-collection","2026-07-16"
"vocab-1500","denote","D IH0 N OW1 T","verb","have as a meaning","[""refer""]","[""`multi-' denotes `many'"",""Her smile denoted that she agreed""]","4","high","WordNet 3.1; CMU Pronouncing Dictionary; cross-list GRE frequency ranking","https://github.com/Xatta-Trone/gre-words-collection","2026-07-16"
